0.0,0.13263057,0.0,0.0,0.0,0.0,0.06631529,0.06631529,0.06631529,0.06631529,0.0,0.0,0.06631529,0.0,0.13263057,0.06631529,0.13263057,0.19894586,0.0,0.0,-0.02226417,-0.00757913,-0.00014992,0.01275396,-0.00267047,0.02518042
0.21400703,0.0,0.0,0.0,0.0,0.0,0.0,0.0,0.07133568,0.21400703,0.0,0.0,0.07133568,0.0,0.07133568,0.0,0.0,0.07133568,0.0,0.0,0.08438973,0.03579099,0.04320201,0.06468243,0.02713688,0.0314412
0.0,0.0,0.0,0.0,0.0,0.0,0.0,0.0,0.0,0.0,0.0,0.0,0.0,0.0,0.28168538,0.0,0.0,0.0,0.28168538,0.0,-0.09912509,-0.16377188,0.15578328,0.19657696,0.1637747,0.18339127
0.0,0.0,0.0,0.0,0.0,0.0,0.0,0.0,0.0,0.0,0.0,0.0,0.0,0.0,0.28168538,0.0,0.0,0.0,0.28168538,0.0,-0.09912509,-0.16377188,0.15578328,0.19657696,0.1637747,0.18339127
0.0,0.11475609,0.17213413,0.11475609,0.0,0.05737804,0.05737804,0.0,0.05737804,0.05737804,0.0,0.0,0.05737804,0.0,0.0,0.11475609,0.0,0.05737804,0.0,0.0,0.00592141,0.04493623,-0.00457938,0.01006058,0.06874706,0.01424344
0.08404563,0.0,0.08404563,0.05603042,0.02801521,0.02801521,0.0,0.08404563,0.05603042,0.19610648,0.0,0.08404563,0.0,0.05603042,0.05603042,0.14007606,0.02801521,0.11206084,0.0,0.0,-0.03914215,-0.01463097,0.00577896,-0.04366593,-0.01286839,0.01193525
0.1021467,0.0,0.0,0.0,0.15322005,0.05107335,0.0,0.15322005,0.05107335,0.15322005,0.0,0.1021467,0.05107335,0.0,0.05107335,0.05107335,0.1021467,0.0,0.0,0.0,-0.04037698,-0.0324004,-0.00270312,0.03228176,0.0160115,0.00572022
0.05050178,0.0,0.10100356,0.07575267,0.02525089,0.05050178,0.02525089,0.10100356,0.07575267,0.07575267,0.0,0.15150534,0.02525089,0.02525089,0.02525089,0.10100356,0.02525089,0.10100356,0.0,0.0,-0.01784135,-0.0149969,0.02012312,-0.01933278,-0.01377409,0.0105355
0.10722872,0.0,0.02680718,0.02680718,0.02680718,0.02680718,0.0,0.05361436,0.08042154,0.16084308,0.0,0.10722872,0.0,0.16084308,0.0,0.08042154,0.1340359,0.08042154,0.0,0.0,-0.01030935,-0.0059281,0.00686814,-0.05629733,-0.03973953,0.033119
0.04845874,0.0,0.0,0.04845874,0.04845874,0.09691748,0.0,0.09691748,0.04845874,0.04845874,0.0,0.14537622,0.0,0.19383497,0.0,0.0,0.04845874,0.09691748,0.0,0.04845874,0.03248215,0.00079523,0.01825313,-0.02610526,-0.0108456,0.01624552
0.06321686,0.0,0.06321686,0.12643372,0.0,0.06321686,0.0,0.12643372,0.09482529,0.15804215,0.0,0.15804215,0.0,0.06321686,0.03160843,0.06321686,0.0,0.09482529,0.0,0.0,-0.02234944,-0.00813647,0.01062304,-0.04955732,-0.04077099,0.00389617
0.18450746,0.0,0.03075124,0.03075124,0.0,0.03075124,0.0,0.12300498,0.03075124,0.15375622,0.0,0.03075124,0.0,0.12300498,0.12300498,0.06150249,0.12300498,0.03075124,0.0,0.03075124,-0.05771436,-0.01536863,0.00305355,-0.0290749,-0.01043748,0.00249704
0.03647993,0.0,0.07295987,0.14591974,0.0,0.03647993,0.0,0.1094398,0.1094398,0.18239967,0.0,0.1094398,0.03647993,0.07295987,0.03647993,0.03647993,0.0,0.03647993,0.07295987,0.07295987,-0.03244276,-0.04226061,-0.00673114,-0.05144079,-0.03931778,0.0048352
0.07487436,0.0,0.07487436,0.11231154,0.0,0.0,0.0,0.14974872,0.07487436,0.14974872,0.0,0.18718589,0.0,0.03743718,0.03743718,0.07487436,0.0,0.11231154,0.0,0.0,-0.02174769,-0.00488129,0.01217006,-0.03930477,-0.03897424,0.00705972
0.06546762,0.0,0.06546762,0.13093525,0.0,0.03273381,0.0,0.13093525,0.09820144,0.16366906,0.0,0.16366906,0.0,0.06546762,0.03273381,0.06546762,0.0,0.09820144,0.0,0.0,-0.02471254,-0.00812183,0.00969076,-0.05031958,-0.04238216,0.00289576
0.05667451,0.0,0.05667451,0.14168627,0.0,0.02833725,0.0,0.14168627,0.08501176,0.14168627,0.0,0.14168627,0.0,0.08501176,0.02833725,0.05667451,0.0,0.08501176,0.0,0.05667451,-0.02009255,-0.01494865,0.01195514,-0.04352212,-0.03497958,-0.00356516
0.03184702,0.0,0.06369403,0.15923508,0.0,0.03184702,0.0,0.12738807,0.12738807,0.15923508,0.0,0.09554105,0.03184702,0.09554105,0.03184702,0.03184702,0.0,0.03184702,0.06369403,0.06369403,-0.02646465,-0.03126158,-0.0055998,-0.05453528,-0.03263053,0.00399924
0.05905056,0.0,0.05905056,0.11810113,0.0,0.05905056,0.0,0.14762641,0.08857585,0.14762641,0.0,0.14762641,0.0,0.05905056,0.02952528,0.08857585,0.0,0.08857585,0.0,0.0,-0.02216248,-0.00818629,0.01714456,-0.04575307,-0.03895594,0.00547778
0.04711173,0.0,0.04711173,0.11777933,0.0,0.04711173,0.0,0.14133519,0.09422346,0.11777933,0.0,0.11777933,0.02355587,0.0706676,0.02355587,0.0706676,0.0,0.0706676,0.04711173,0.04711173,-0.02371453,-0.02443305,0.0103741,-0.0337601,-0.02314407,0.01110782
0.05228522,0.0,0.13071306,0.05228522,0.02614261,0.05228522,0.02614261,0.10457045,0.10457045,0.07842784,0.0,0.10457045,0.02614261,0.02614261,0.02614261,0.07842784,0.02614261,0.10457045,0.0,0.02614261,-0.01824513,-0.01526997,0.02681401,-0.02367613,-0.0267194,0.01139212
0.04977791,0.04977791,0.04977791,0.0,0.04977791,0.09955582,0.0,0.04977791,0.0,0.09955582,0.0,0.09955582,0.09955582,0.0,0.0,0.04977791,0.09955582,0.0,0.04977791,0.14933372,-0.0025523,0.00696157,0.00819449,0.00016427,0.00959663,-0.01792281
0.02547499,0.0,0.12737494,0.07642496,0.05094998,0.05094998,0.02547499,0.07642496,0.07642496,0.07642496,0.0,0.07642496,0.05094998,0.05094998,0.0,0.10189995,0.02547499,0.07642496,0.0,0.02547499,-0.01542342,-0.01748316,0.02355385,0.00341799,-0.002559,0.01496919
0.0,0.0,0.27774822,0.05554964,0.05554964,0.0,0.0,0.05554964,0.05554964,0.05554964,0.0,0.0,0.05554964,0.0,0.11109929,0.16664893,0.11109929,0.11109929,0.0,0.0,-0.02208537,0.00243424,-0.00018478,-0.03511848,-0.03733615,-0.01870233
0.02410573,0.0,0.12052864,0.09642291,0.04821145,0.04821145,0.02410573,0.09642291,0.09642291,0.07231718,0.0,0.09642291,0.02410573,0.02410573,0.02410573,0.09642291,0.02410573,0.07231718,0.0,0.02410573,-0.01644994,-0.0058808,0.02251989,-0.01114545,-0.01355,0.01206576
0.04800421,0.0,0.0,0.04800421,0.04800421,0.0,0.0,0.19201686,0.0,0.0,0.04800421,0.14401264,0.04800421,0.0,0.0,0.14401264,0.19201686,0.04800421,0.0,0.0,-0.00216929,-0.00923298,0.00439971,0.01533628,0.00859702,0.02298495
0.05125323,0.05125323,0.0,0.0,0.15375968,0.05125323,0.0,0.0,0.10250645,0.05125323,0.0,0.05125323,0.0,0.0,0.0,0.15375968,0.15375968,0.10250645,0.0,0.10250645,0.00843412,-0.00133474,0.003489,-0.00861795,-0.00851829,-0.01851665
0.03827696,0.0,0.07655392,0.15310785,0.0,0.03827696,0.0,0.11483089,0.11483089,0.19138481,0.0,0.15310785,0.0,0.07655392,0.03827696,0.03827696,0.0,0.11483089,0.0,0.0,-0.02085962,-0.00778593,0.00080619,-0.06437542,-0.05040133,-0.00569274
0.02879002,0.0,0.05758004,0.14395011,0.0,0.02879002,0.0,0.11516009,0.11516009,0.14395011,0.0,0.11516009,0.02879002,0.08637006,0.02879002,0.02879002,0.0,0.08637006,0.05758004,0.05758004,-0.02308588,-0.02782059,-0.00336223,-0.04475251,-0.02793918,0.00414954
0.02459524,0.0,0.14757146,0.07378573,0.04919049,0.04919049,0.02459524,0.04919049,0.07378573,0.09838097,0.0,0.04919049,0.07378573,0.02459524,0.0,0.09838097,0.02459524,0.09838097,0.0,0.04919049,-0.00837279,-0.01865574,0.02002163,-0.00177686,-0.01089207,0.01127086
0.15407442,0.05135814,0.02567907,0.05135814,0.02567907,0.07703721,0.0,0.05135814,0.07703721,0.07703721,0.02567907,0.02567907,0.0,0.07703721,0.07703721,0.07703721,0.05135814,0.07703721,0.0,0.02567907,-0.02221911,-0.01246554,0.00420979,-0.01038164,0.00456412,0.00912959
0.05653744,0.02826872,0.05653744,0.08480616,0.0,0.02826872,0.0,0.02826872,0.16961232,0.1413436,0.02826872,0.08480616,0.0,0.08480616,0.0,0.02826872,0.08480616,0.05653744,0.0,0.02826872,-0.01789776,-0.02496939,0.00972062,0.00090995,0.03407841,0.00875294
0.05747208,0.02873604,0.05747208,0.11494416,0.0,0.02873604,0.0,0.08620812,0.20115228,0.11494416,0.0,0.11494416,0.0,0.02873604,0.0,0.02873604,0.05747208,0.05747208,0.0,0.02873604,-0.02974332,-0.03267482,0.01003513,0.0046326,0.03174914,0.01023987
0.05650345,0.02825172,0.05650345,0.08475517,0.0,0.02825172,0.0,0.05650345,0.19776207,0.14125862,0.02825172,0.08475517,0.0,0.08475517,0.0,0.0,0.05650345,0.05650345,0.0,0.02825172,-0.02066555,-0.02072197,0.00898683,0.00185477,0.0314163,0.01031928
0.05617479,0.0280874,0.05617479,0.08426219,0.0,0.0280874,0.0,0.11234958,0.19661177,0.08426219,0.0,0.11234958,0.0,0.0280874,0.0,0.0280874,0.08426219,0.05617479,0.0,0.0280874,-0.02724345,-0.02680397,0.01122364,0.01407293,0.03583875,0.00985323
0.05566133,0.02783066,0.05566133,0.08349199,0.0,0.02783066,0.0,0.02783066,0.19481464,0.13915331,0.02783066,0.08349199,0.0,0.08349199,0.0,0.02783066,0.05566133,0.05566133,0.0,0.02783066,-0.01413953,-0.01612779,0.00808022,0.00437743,0.03472571,0.00901077
0.05692708,0.02846354,0.05692708,0.08539062,0.0,0.02846354,0.0,0.05692708,0.19924478,0.1423177,0.0,0.11385416,0.0,0.05692708,0.0,0.02846354,0.05692708,0.05692708,0.0,0.02846354,-0.03071329,-0.02503042,0.00997337,0.00680753,0.03118996,0.01154895
0.05609125,0.02804562,0.05609125,0.08413687,0.0,0.02804562,0.0,0.05609125,0.19631936,0.14022812,0.02804562,0.11218249,0.0,0.05609125,0.0,0.0,0.05609125,0.05609125,0.0,0.02804562,-0.02217658,-0.02073594,0.00862419,0.00956402,0.03285583,0.01027167
0.05645035,0.02822517,0.05645035,0.08467552,0.0,0.02822517,0.0,0.05645035,0.19757621,0.14112587,0.0,0.11290069,0.0,0.05645035,0.0,0.02822517,0.05645035,0.05645035,0.0,0.02822517,-0.02375186,-0.02211168,0.00940957,0.00645925,0.03092876,0.01118491
0.05706826,0.02853413,0.05706826,0.11413652,0.0,0.02853413,0.0,0.08560239,0.1997389,0.08560239,0.0,0.11413652,0.0,0.02853413,0.0,0.02853413,0.08560239,0.05706826,0.0,0.02853413,-0.02677353,-0.02797931,0.01048365,0.00559874,0.03075434,0.00922158
0.04069835,0.2441901,0.0,0.0,0.0813967,0.04069835,0.0,0.0813967,0.0813967,0.1627934,0.0,0.0,0.0,0.04069835,0.1627934,0.0,0.0,0.04069835,0.0,0.04069835,-0.00881713,-0.01611612,-0.02462632,0.02071988,0.01035198,0.00102896
0.0,0.23304322,0.03884054,0.0,0.0,0.03884054,0.03884054,0.03884054,0.07768107,0.03884054,0.03884054,0.0,0.07768107,0.03884054,0.11652161,0.07768107,0.07768107,0.07768107,0.0,0.0,0.02558445,0.01609101,0.0054217,-0.01958107,-0.0157655,-0.02160456
0.0,0.0,0.0,0.0,0.0,0.07191502,0.0,0.07191502,0.0,0.43149014,0.0,0.14383005,0.07191502,0.0,0.0,0.07191502,0.0,0.07191502,0.0,0.0,0.04426807,0.01492405,0.02047654,-0.02498805,-0.00683323,0.01725732
0.01454181,0.01454181,0.04362544,0.13087631,0.04362544,0.02908362,0.0,0.01454181,0.07270906,0.18904356,0.01454181,0.04362544,0.02908362,0.01454181,0.07270906,0.05816725,0.02908362,0.02908362,0.0,0.0,0.03357705,0.06565369,0.00781959,0.01402797,0.04115809,-0.00566149
0.08189987,0.0,0.0,0.0,0.08189987,0.16379974,0.0,0.08189987,0.08189987,0.16379974,0.0,0.0,0.0,0.0,0.0,0.16379974,0.0,0.08189987,0.0,0.0,0.02755218,-0.01126123,0.05919895,0.0115275,-0.01290787,0.02499193
0.05240641,0.0,0.0,0.0,0.10481283,0.15721924,0.0,0.10481283,0.05240641,0.20962566,0.0,0.0,0.05240641,0.0,0.0,0.10481283,0.0,0.05240641,0.0,0.0,0.03998623,0.00106408,0.03220413,0.01971225,-0.00511441,0.02123868
0.16675321,0.0,0.0,0.0,0.0,0.0,0.0,0.0,0.0,0.16675321,0.0,0.33350642,0.0,0.0,0.16675321,0.16675321,0.0,0.0,0.0,0.0,-0.01632847,0.00256533,-0.06123978,0.02702653,0.00526023,0.0421969
0.0,0.0,0.23458953,0.11729477,0.11729477,0.0,0.0,0.0,0.0,0.3518843,0.11729477,0.0,0.0,0.11729477,0.0,0.0,0.0,0.0,0.0,0.0,-0.02720417,-0.04332531,0.00269587,0.01654811,0.00449256,-0.00885994
0.21348779,0.21348779,0.10674389,0.0,0.0,0.0,0.21348779,0.10674389,0.0,0.0,0.0,0.0,0.0,0.0,0.0,0.10674389,0.0,0.0,0.0,0.0,0.01535671,0.00012969,0.01067212,0.00766086,-0.00774457,0.01323014
0.10069538,0.20139076,0.10069538,0.0,0.0,0.0,0.20139076,0.10069538,0.0,0.0,0.0,0.0,0.0,0.0,0.10069538,0.0,0.10069538,0.0,0.0,0.0,0.03663096,-0.00524724,0.03007305,0.00210511,0.02403009,0.00614961
0.17113342,0.0,0.11408895,0.11408895,0.0,0.0,0.0,0.0,0.0,0.28522237,0.0,0.0,0.0,0.0,0.0,0.0,0.0,0.05704447,0.0,0.0,0.06394134,0.06133037,0.01587224,0.06236335,0.04386974,0.0110448
0.18670873,0.0,0.0,0.0,0.0,0.0,0.0,0.0,0.18670873,0.0,0.0,0.0,0.0,0.0,0.18670873,0.0,0.0,0.0,0.0,0.0,0.13815512,0.09565051,0.04540719,0.08899005,0.07470963,-0.00303868
0.23371343,0.0,0.0,0.0,0.0,0.0,0.0,0.0,0.07790448,0.19476119,0.0,0.0,0.0,0.0,0.07790448,0.0,0.0,0.07790448,0.0,0.0,0.10634368,0.04847217,0.03953925,0.08056224,0.03549196,0.02740267
0.16637086,0.0,0.0,0.0,0.0,0.0,0.0,0.0,0.16637086,0.0,0.0,0.0,0.0,0.0,0.16637086,0.0,0.0,0.08318543,0.0,0.0,0.1276931,0.08385383,0.04952154,0.083618,0.06332142,0.0096941
0.22276824,0.0,0.0,0.0,0.0,0.0,0.0,0.0,0.14851216,0.0,0.0,0.0,0.0,0.0,0.14851216,0.0,0.0,0.07425608,0.0,0.0,0.11866122,0.07419074,0.05220924,0.07356302,0.05405546,0.03327167
0.20203717,0.0,0.0,0.0,0.0,0.0,0.0,0.0,0.13469145,0.06734572,0.0,0.0,0.0,0.0,0.13469145,0.0,0.0,0.06734572,0.0,0.0,0.11120252,0.06718973,0.04889956,0.08419322,0.05221997,0.03018349
0.18546169,0.0,0.0,0.0,0.0,0.0,0.0,0.0,0.12364113,0.12364113,0.0,0.0,0.0,0.0,0.12364113,0.0,0.0,0.06182056,0.0,0.0,0.11409054,0.06576266,0.04458156,0.08050969,0.04757788,0.02927204
0.17544122,0.0,0.0,0.0,0.0,0.0,0.0,0.0,0.11696081,0.11696081,0.0,0.0,0.05848041,0.0,0.11696081,0.0,0.0,0.05848041,0.0,0.0,0.10702581,0.06099302,0.0426311,0.07466603,0.04334665,0.02805292
0.21877634,0.0,0.0,0.0,0.0,0.0,0.0,0.0,0.10938817,0.10938817,0.0,0.0,0.05469408,0.0,0.10938817,0.0,0.0,0.05469408,0.0,0.0,0.09932883,0.05647413,0.04637203,0.07312358,0.04063005,0.02774237
0.20529691,0.0,0.0,0.0,0.0,0.0,0.0,0.0,0.10264846,0.10264846,0.0,0.0,0.05132423,0.0,0.10264846,0.0,0.0,0.10264846,0.0,0.0,0.09714872,0.05319371,0.04904753,0.06777873,0.03709533,0.02852101
0.17808476,0.0,0.0,0.0,0.0,0.0,0.0,0.0,0.08904238,0.17808476,0.0,0.0,0.04452119,0.0,0.08904238,0.0,0.0,0.08904238,0.0,0.0,0.10350223,0.05172631,0.0428491,0.07275516,0.03499828,0.02635107
0.14630158,0.0,0.0,0.0,0.0,0.0,0.0,0.0,0.14630158,0.14630158,0.0,0.0,0.07315079,0.0,0.14630158,0.0,0.0,0.0,0.0,0.0,0.12685389,0.07782522,0.02724199,0.06012964,0.04058207,0.00901009
0.09318674,0.0,0.0,0.0,0.0,0.0,0.0,0.0,0.18637347,0.0,0.0,0.0,0.09318674,0.0,0.18637347,0.0,0.0,0.0,0.0,0.0,0.13522327,0.09504264,0.02985703,0.0992299,0.0807901,0.00073664
0.1350216,0.0,0.0,0.0,0.0,0.0,0.0,0.0,0.1350216,0.20253241,0.0,0.0,0.0675108,0.0,0.1350216,0.0,0.0,0.0,0.0,0.0,0.11049343,0.06303259,0.03035286,0.0702568,0.04236725,0.00838906
0.09161082,0.0,0.0,0.0,0.0,0.0,0.0,0.0,0.18322163,0.09161082,0.0,0.0,0.09161082,0.0,0.18322163,0.0,0.0,0.0,0.0,0.0,0.12192789,0.0795759,0.03640415,0.0641699,0.05210878,0.00453767
0.08352907,0.0,0.0,0.0,0.0,0.0,0.0,0.0,0.16705814,0.16705814,0.0,0.0,0.08352907,0.0,0.16705814,0.0,0.0,0.0,0.0,0.0,0.12734699,0.07781091,0.03285986,0.04809938,0.03351186,0.01213844
0.13997811,0.0,0.0,0.06998905,0.0,0.0,0.0,0.0,0.0,0.27995622,0.0,0.06998905,0.06998905,0.06998905,0.0,0.06998905,0.06998905,0.06998905,0.0,0.13997811,0.00973348,0.00430883,-0.02179909,-0.02218868,-0.02970228,0.00981193
0.07136556,0.07136556,0.14273113,0.14273113,0.0,0.0,0.0,0.07136556,0.0,0.0,0.0,0.0,0.07136556,0.0,0.07136556,0.07136556,0.0,0.21409669,0.0,0.14273113,-0.0070736,-0.009655,-0.04343869,-0.05172329,0.01907272,0.0223344
0.0,0.17884184,0.0,0.08942092,0.0,0.0,0.0,0.0,0.35768369,0.0,0.0,0.08942092,0.0,0.0,0.0,0.0,0.0,0.0,0.0,0.0,0.06683153,0.07798935,0.00019553,0.06170555,0.07786978,4.088e-05
0.06040895,0.06040895,0.0,0.06040895,0.06040895,0.06040895,0.0,0.0,0.0,0.0,0.0,0.0,0.24163581,0.12081791,0.0,0.0,0.12081791,0.12081791,0.0,0.0,-0.00060905,-0.01047815,0.0542289,0.00306831,0.00778509,0.03987061
0.0,0.06625013,0.06625013,0.06625013,0.06625013,0.06625013,0.0,0.0,0.0,0.06625013,0.0,0.0,0.06625013,0.06625013,0.13250026,0.13250026,0.0,0.06625013,0.0,0.13250026,-0.00750212,-0.01260503,-0.01277184,0.00744244,0.00394443,0.0277402
0.14757131,0.07378566,0.29514263,0.0,0.07378566,0.07378566,0.0,0.14757131,0.07378566,0.0,0.07378566,0.0,0.0,0.0,0.14757131,0.0,0.0,0.0,0.0,0.0,-0.01472893,0.0507279,-0.02494614,-0.07034043,-0.05396853,0.00647129
0.18224469,0.0,0.18224469,0.12149646,0.0,0.0,0.06074823,0.0,0.06074823,0.06074823,0.06074823,0.06074823,0.06074823,0.0,0.0,0.0,0.06074823,0.0,0.0,0.0,-0.02447351,-0.01730804,0.02568609,0.01091295,0.08176408,0.01219497
0.19663992,0.0,0.06554664,0.06554664,0.0,0.0,0.0,0.0,0.06554664,0.06554664,0.06554664,0.06554664,0.06554664,0.0,0.13109328,0.06554664,0.13109328,0.0,0.0,0.0,-0.0210489,-0.0324498,0.01904036,0.00702156,0.04582769,-0.00159051
0.23449636,0.0,0.05862409,0.05862409,0.0,0.05862409,0.11724818,0.0,0.0,0.05862409,0.0,0.05862409,0.0,0.0,0.05862409,0.0,0.11724818,0.05862409,0.0,0.0,-0.00707132,0.01174827,0.0481934,0.02022599,-0.01212775,0.05967008
0.0,0.0,0.05116593,0.0,0.0,0.0,0.0,0.0,0.3069956,0.0,0.0,0.10233187,0.25582967,0.0,0.0,0.0,0.05116593,0.0,0.0,0.0,0.04701363,0.04444638,-7.785e-05,0.05986296,0.0769821,0.00428377
0.16421751,0.0,0.0328435,0.13137401,0.0,0.0,0.065687,0.0328435,0.0,0.22990451,0.0,0.0,0.0328435,0.0985305,0.0985305,0.0328435,0.0328435,0.0328435,0.0,0.0,-0.02641501,-0.00217786,-0.0094647,0.02709272,0.01404693,0.01161288
0.0,0.0,0.11932356,0.05966178,0.0,0.05966178,0.0,0.0,0.0,0.11932356,0.0,0.05966178,0.0,0.11932356,0.11932356,0.05966178,0.05966178,0.05966178,0.0,0.05966178,0.07131991,0.0007837,0.01764028,0.02128342,-0.01579339,0.00983937
0.17399321,0.05799774,0.11599547,0.0,0.0,0.0,0.0,0.0,0.0,0.0,0.05799774,0.05799774,0.05799774,0.0,0.0,0.05799774,0.05799774,0.23199094,0.0,0.0,0.01687113,-0.00228553,0.04286509,0.02647976,-0.00201498,0.04811849
0.04883214,0.0,0.04883214,0.19532858,0.0,0.09766429,0.0,0.04883214,0.0,0.14649643,0.0,0.09766429,0.0,0.04883214,0.09766429,0.0,0.04883214,0.04883214,0.0,0.0,-0.02510244,0.04419369,0.00399062,0.01676227,0.03519677,-0.00285165
0.0,0.0,0.13080692,0.06540346,0.0,0.0,0.06540346,0.0,0.0,0.13080692,0.0,0.06540346,0.0,0.13080692,0.19621038,0.0,0.06540346,0.06540346,0.0,0.06540346,0.02353053,-0.01915644,-0.0033566,0.01395207,-0.00198625,0.0059648
0.18390815,0.0,0.0,0.06130272,0.0,0.0,0.0,0.06130272,0.06130272,0.06130272,0.0,0.12260543,0.06130272,0.0,0.06130272,0.06130272,0.06130272,0.12260543,0.0,0.0,-0.00891955,0.00636585,0.01377012,0.01607782,0.01199081,0.04117421
0.14143342,0.0,0.07071671,0.14143342,0.0,0.0,0.07071671,0.07071671,0.0,0.07071671,0.0,0.0,0.0,0.07071671,0.07071671,0.14143342,0.07071671,0.0,0.0,0.14143342,-0.01155688,-0.00628495,-0.06724326,-0.02827064,0.00693976,0.04566532
0.06302002,0.0,0.06302002,0.06302002,0.18906006,0.06302002,0.0,0.0,0.0,0.06302002,0.06302002,0.0,0.06302002,0.0,0.0,0.06302002,0.06302002,0.12604004,0.0,0.06302002,0.03688427,-0.00328424,0.00741318,0.01286481,-0.002769,0.00359069
0.0,0.06041813,0.0,0.06041813,0.12083626,0.18125439,0.06041813,0.0,0.0,0.0,0.0,0.0,0.06041813,0.0,0.12083626,0.0,0.12083626,0.06041813,0.0,0.06041813,0.0507836,0.01557623,0.04936204,-0.01459446,-0.02057307,0.01317371
0.0,0.0,0.0,0.05796261,0.0,0.05796261,0.0,0.0,0.05796261,0.0,0.0,0.05796261,0.40573829,0.05796261,0.05796261,0.05796261,0.05796261,0.0,0.0,0.0,0.03460741,0.02543979,0.020248,0.02018236,0.01155351,0.01852976
0.0,0.0,0.07517039,0.22551116,0.07517039,0.15034077,0.0,0.0,0.0,0.07517039,0.07517039,0.0,0.0,0.0,0.15034077,0.15034077,0.0,0.07517039,0.0,0.07517039,-0.05513748,-0.03876456,0.01642446,-0.01169969,0.01007948,-0.04845801
0.06795615,0.0,0.13591231,0.20386846,0.13591231,0.0,0.0,0.06795615,0.06795615,0.0,0.0,0.0,0.13591231,0.0,0.06795615,0.0,0.0,0.13591231,0.0,0.0,-0.00632575,0.0359624,-0.00086207,-0.00883378,-0.04221096,0.00292786
0.0663693,0.0,0.0663693,0.0,0.1327386,0.0,0.0,0.0663693,0.0,0.0663693,0.0,0.0663693,0.0,0.0,0.0,0.1991079,0.3318465,0.0,0.0,0.0,-0.01041405,-0.00026951,0.01012961,-0.00861754,-0.00791913,0.02155113
0.06226673,0.0,0.0,0.12453347,0.1868002,0.1868002,0.0,0.0,0.0,0.0,0.0,0.0,0.0,0.0,0.0,0.0,0.06226673,0.06226673,0.0,0.24906694,0.00622245,0.01433358,-0.01257432,0.01827984,-0.0121183,0.05185574
0.05950666,0.05950666,0.0,0.05950666,0.05950666,0.05950666,0.0,0.0,0.0,0.0,0.0,0.0,0.11901332,0.11901332,0.11901332,0.0,0.11901332,0.11901332,0.0,0.0,0.03795526,0.00485766,0.03905953,0.01555046,0.0083156,0.00166161
0.08375155,0.0,0.08375155,0.1675031,0.0,0.08375155,0.0,0.08375155,0.0,0.1675031,0.0,0.1675031,0.0,0.0,0.1675031,0.0,0.08375155,0.0,0.0,0.0,-0.04765275,-0.00556815,-0.014438,-0.00746896,0.00742541,-0.0210677
0.06379412,0.0,0.0,0.0,0.06379412,0.12758823,0.0,0.06379412,0.0,0.25517646,0.0,0.06379412,0.06379412,0.06379412,0.0,0.06379412,0.06379412,0.0,0.0,0.06379412,0.04096676,0.01495926,0.00760335,-0.00950508,0.00589531,-0.01683134
0.06512107,0.0,0.06512107,0.0,0.1953632,0.13024214,0.0,0.06512107,0.0,0.0,0.0,0.0,0.0,0.0,0.06512107,0.26048427,0.13024214,0.0,0.0,0.0,-0.0399148,-0.0314472,0.06388447,0.01320655,0.00827438,0.00918057
0.06969563,0.0,0.06969563,0.06969563,0.13939125,0.13939125,0.06969563,0.06969563,0.0,0.0,0.06969563,0.0,0.0,0.06969563,0.13939125,0.06969563,0.0,0.0,0.0,0.06969563,0.00639507,0.01793592,-0.01791427,0.00776758,-0.00419058,-0.05542813
0.1083402,0.0,0.0,0.0,0.1625103,0.1625103,0.0,0.1083402,0.48753089,0.1083402,0.0,0.0,0.0,0.0,0.0,0.0,0.0,0.0541701,0.0,0.0,-0.00881435,0.00657501,-0.0322179,-0.10018321,-0.09483646,0.03773473
0.14552954,0.0,0.07276477,0.0,0.0,0.14552954,0.0,0.0,0.0,0.07276477,0.14552954,0.0,0.0,0.0,0.21829431,0.07276477,0.0,0.21829431,0.0,0.0,0.00769098,0.00374609,-0.00111798,-0.03435113,-0.02828674,-0.03915276
0.13803509,0.0,0.06901754,0.06901754,0.06901754,0.06901754,0.13803509,0.0,0.06901754,0.0,0.0,0.0,0.0,0.0,0.06901754,0.06901754,0.20705263,0.0,0.0,0.06901754,-0.0219217,-0.0118545,0.01477542,0.02305372,0.00140477,-0.04072088
0.26687288,0.0,0.0,0.0,0.0,0.2134983,0.0,0.0,0.0,0.0,0.0,0.05337458,0.05337458,0.05337458,0.0,0.0,0.10674915,0.05337458,0.0,0.0,0.00648959,0.00027507,0.10411817,-0.00233781,-0.00016628,0.09100263
0.06623858,0.06623858,0.06623858,0.13247717,0.0,0.06623858,0.0,0.06623858,0.0,0.0,0.0,0.06623858,0.0,0.0,0.06623858,0.06623858,0.13247717,0.19871575,0.0,0.0,-0.01814843,0.00094674,-0.00681879,-0.02306708,0.01963541,0.03387339
0.0,0.0,0.07282424,0.07282424,0.0,0.07282424,0.07282424,0.0,0.07282424,0.07282424,0.0,0.07282424,0.07282424,0.0,0.07282424,0.07282424,0.14564849,0.07282424,0.07282424,0.07282424,-0.0594636,-0.05386211,-0.03480817,0.02714104,0.06033293,-0.03170375
0.06786641,0.0,0.0,0.13573283,0.06786641,0.06786641,0.06786641,0.0,0.0,0.06786641,0.0,0.0,0.0,0.06786641,0.0,0.13573283,0.0,0.06786641,0.0,0.27146566,-0.00393674,0.00894164,-0.06689399,0.00396001,-0.01996134,0.0598942
0.21988237,0.02198824,0.06596471,0.0,0.02198824,0.0,0.02198824,0.02198824,0.02198824,0.15391766,0.0,0.02198824,0.0,0.02198824,0.10994118,0.06596471,0.08795295,0.02198824,0.02198824,0.0,0.02506309,0.02101077,0.01016101,0.00693937,0.02107425,0.01423381
0.14693707,0.0,0.14693707,0.0,0.14693707,0.07346853,0.07346853,0.0,0.07346853,0.0,0.0,0.0,0.0,0.07346853,0.07346853,0.0,0.14693707,0.07346853,0.0,0.07346853,-0.02865194,-0.01623209,-0.00690421,-0.00421907,-0.02190153,-0.02411915
0.12663428,0.0,0.0,0.06331714,0.12663428,0.0,0.0,0.12663428,0.18995142,0.0,0.0,0.06331714,0.06331714,0.0,0.0,0.0,0.0,0.12663428,0.0,0.06331714,0.01535011,-0.02397323,0.02012467,0.02730844,0.01242794,-0.00099505
0.06985308,0.06985308,0.0,0.13970615,0.0,0.0,0.06985308,0.06985308,0.0,0.20955923,0.0,0.13970615,0.0,0.06985308,0.0,0.0,0.06985308,0.0,0.13970615,0.0,-0.00787943,-0.01272249,-0.03939863,0.01154268,0.00094463,-0.0002829
0.0,0.0,0.13384244,0.13384244,0.06692122,0.0,0.06692122,0.13384244,0.0,0.13384244,0.06692122,0.06692122,0.06692122,0.0,0.0,0.0,0.06692122,0.06692122,0.0,0.0,-0.01313281,-0.02129457,0.00057791,0.01701163,0.0112891,0.00173043
0.0746818,0.0,0.0,0.0746818,0.14936359,0.0,0.0746818,0.14936359,0.0,0.0746818,0.0,0.0746818,0.0,0.14936359,0.14936359,0.0,0.0746818,0.0,0.0,0.0746818,-0.06167249,-0.04170845,-0.03808292,-0.00599149,0.0002723,0.02695611
0.15518812,0.07759406,0.0,0.0,0.0,0.07759406,0.0,0.07759406,0.15518812,0.0,0.0,0.07759406,0.0,0.0,0.15518812,0.07759406,0.07759406,0.15518812,0.0,0.07759406,-0.05563078,-0.02416362,-0.01135146,-0.06294072,-0.04724046,0.03741615
0.0,0.0,0.0,0.0697979,0.0697979,0.0,0.0,0.0697979,0.0,0.13959579,0.0,0.0697979,0.0697979,0.0,0.0,0.13959579,0.34898948,0.0,0.0,0.0697979,-0.01631925,-0.0196157,0.00171778,-0.01082082,0.00141582,-0.00334627
0.0,0.0,0.06905946,0.0,0.06905946,0.06905946,0.06905946,0.0,0.06905946,0.0,0.0,0.0,0.0,0.06905946,0.06905946,0.13811891,0.06905946,0.20717837,0.06905946,0.06905946,0.00465559,0.01663716,-0.00412063,-0.00957881,0.00028925,-0.0437744
0.12851424,0.0,0.0,0.06425712,0.06425712,0.0,0.0,0.06425712,0.19277136,0.0,0.06425712,0.06425712,0.06425712,0.0,0.0,0.0,0.06425712,0.0,0.0,0.19277136,-0.01948368,-0.00877936,0.03093223,0.02680782,0.03188957,-0.02522339
0.05587443,0.0,0.0,0.0,0.0,0.05587443,0.0,0.0,0.22349772,0.0,0.0,0.11174886,0.27937216,0.0,0.05587443,0.0,0.05587443,0.0,0.0,0.0,0.03809479,0.028654,0.02166351,0.03126948,0.04229071,-8.897e-05
0.12539723,0.0,0.06269861,0.0,0.0,0.06269861,0.0,0.0,0.06269861,0.0,0.0,0.12539723,0.25079445,0.0,0.06269861,0.0,0.12539723,0.06269861,0.0,0.0,0.00488243,0.00905547,0.03989446,-0.00554376,-0.00206761,0.01329982
0.14418813,0.07209407,0.0,0.14418813,0.0,0.07209407,0.07209407,0.07209407,0.0,0.14418813,0.0,0.07209407,0.0,0.07209407,0.07209407,0.0,0.0,0.07209407,0.07209407,0.0,-0.02374624,-0.01795606,-0.04845648,-0.00484389,-0.01416316,0.02775483
0.14879523,0.0,0.22319285,0.0,0.07439762,0.0,0.14879523,0.14879523,0.0,0.14879523,0.0,0.0,0.0,0.0,0.07439762,0.0,0.07439762,0.07439762,0.0,0.0,-0.04858111,-0.05913893,-0.00775834,-0.00548883,0.02213987,-0.01713692
0.0,0.0,0.07256208,0.0,0.07256208,0.0,0.14512417,0.07256208,0.0,0.07256208,0.07256208,0.14512417,0.0,0.14512417,0.07256208,0.0,0.07256208,0.07256208,0.0,0.07256208,-0.01917272,-0.00854963,-0.0069061,-0.05056684,-0.01399806,0.01076207
0.12560999,0.0,0.0,0.18841499,0.0,0.0,0.062805,0.062805,0.0,0.31402499,0.0,0.0,0.0,0.12560999,0.12560999,0.0,0.0,0.062805,0.0,0.0,-0.04030577,-0.01784102,-0.01303376,0.00031675,-0.00386288,0.00704174
0.07037098,0.0,0.0,0.14074195,0.0,0.0,0.07037098,0.0,0.07037098,0.2814839,0.0,0.14074195,0.0,0.07037098,0.07037098,0.0,0.07037098,0.0,0.07037098,0.0,-0.00048104,0.00535774,-0.02156896,-0.02588488,-0.00734511,-0.0056424
0.06152583,0.0,0.0,0.12305166,0.0,0.0,0.0,0.0,0.12305166,0.24610332,0.0,0.06152583,0.0,0.12305166,0.12305166,0.06152583,0.06152583,0.06152583,0.0,0.12305166,-0.00353944,-0.00116639,-0.00750882,-0.0611334,-0.08691102,-0.00873167
0.13619292,0.0,0.13619292,0.06809646,0.06809646,0.0,0.0,0.06809646,0.06809646,0.06809646,0.0,0.13619292,0.0,0.0,0.06809646,0.0,0.06809646,0.06809646,0.0,0.06809646,-0.04778985,-0.00119509,-0.00456368,0.0063864,0.03483291,-0.00911759
0.0,0.0,0.0,0.08126219,0.0,0.0,0.0,0.0,0.24378657,0.24378657,0.0,0.0,0.0,0.0,0.16252438,0.0,0.0,0.0,0.0,0.0,0.0742343,0.11018666,0.00566718,0.00929101,0.06419327,0.00506787
0.07084375,0.0,0.07084375,0.07084375,0.14168749,0.14168749,0.0,0.0,0.0,0.07084375,0.0,0.0,0.0,0.0,0.14168749,0.28337499,0.0,0.0,0.0,0.07084375,-0.06541104,-0.05347058,0.02880481,0.03128133,0.03974906,-0.04360978
0.07274956,0.0,0.0,0.14549911,0.0,0.0,0.07274956,0.0,0.0,0.29099823,0.0,0.07274956,0.0,0.0,0.14549911,0.07274956,0.07274956,0.07274956,0.0,0.07274956,-0.05098601,0.00163141,-0.01181661,-0.00912363,-0.06739855,0.04645003
0.13482616,0.0,0.0,0.06741308,0.0,0.0,0.0,0.06741308,0.06741308,0.20223923,0.0,0.20223923,0.06741308,0.0,0.06741308,0.0,0.06741308,0.0,0.06741308,0.0,-0.00186638,0.01827015,-0.01430193,-0.0121888,-0.00690025,0.00579104
0.0,0.0,0.06236665,0.12473331,0.06236665,0.12473331,0.0,0.0,0.0,0.12473331,0.0,0.0,0.06236665,0.06236665,0.06236665,0.06236665,0.0,0.12473331,0.0,0.06236665,-0.00678438,-0.01993617,0.02281484,0.03569723,0.0169455,0.01576317
0.14734616,0.0,0.07367308,0.0,0.07367308,0.0,0.07367308,0.14734616,0.07367308,0.0,0.07367308,0.07367308,0.0,0.0,0.22101925,0.0,0.07367308,0.0,0.0,0.07367308,0.00620512,0.00722733,-0.00248252,-0.04526814,-0.07020336,-0.00057465
0.0,0.0,0.07707252,0.23121756,0.0,0.0,0.0,0.0,0.07707252,0.07707252,0.15414504,0.0,0.0,0.07707252,0.07707252,0.07707252,0.07707252,0.07707252,0.07707252,0.07707252,-0.03928717,-0.0440552,-0.00394309,-0.03245583,-0.02457398,-0.01177253
0.07501685,0.07501685,0.07501685,0.15003371,0.0,0.0,0.0,0.07501685,0.0,0.15003371,0.0,0.07501685,0.07501685,0.0,0.15003371,0.0,0.15003371,0.07501685,0.0,0.0,-0.06152641,-0.01937766,-0.00081099,-0.01773658,-0.00708823,-0.01871295
0.12282244,0.0,0.0,0.12282244,0.18423366,0.0,0.12282244,0.06141122,0.0,0.06141122,0.12282244,0.06141122,0.06141122,0.18423366,0.0,0.0,0.0,0.0,0.0,0.0,-0.00952531,-0.00607646,-0.01599322,-0.01751509,-0.02916672,-0.02712518
0.08429679,0.0,0.08429679,0.0,0.0,0.08429679,0.16859359,0.08429679,0.0,0.08429679,0.08429679,0.16859359,0.0,0.08429679,0.16859359,0.0,0.0,0.16859359,0.0,0.0,-0.02693283,-0.0100542,-0.01334358,-0.11806188,-0.0723782,-0.02368124
0.06416473,0.0,0.12832945,0.12832945,0.06416473,0.0,0.12832945,0.0,0.0,0.06416473,0.0,0.12832945,0.0,0.0,0.06416473,0.0,0.19249418,0.0,0.0,0.0,0.00561945,0.0244392,0.00478073,-0.02152529,0.02611924,-0.00190421
0.13158373,0.0,0.0,0.0,0.0,0.06579186,0.0,0.06579186,0.0,0.0,0.0,0.13158373,0.06579186,0.0,0.13158373,0.13158373,0.06579186,0.19737559,0.0,0.0,0.00861403,0.01318398,0.03155754,-0.04208503,-0.01143716,0.01328869
0.12577915,0.0,0.0,0.12577915,0.06288957,0.06288957,0.0,0.12577915,0.06288957,0.0,0.0,0.12577915,0.0,0.0,0.0,0.0,0.06288957,0.12577915,0.0,0.06288957,0.03978282,0.01662171,0.00154641,0.00156015,-0.04516004,0.04230533
0.20864018,0.0,0.0,0.0,0.0,0.06954673,0.06954673,0.0,0.0,0.0,0.0,0.06954673,0.06954673,0.0,0.13909345,0.06954673,0.27818691,0.0,0.06954673,0.0,-0.00071459,0.00245003,-0.02110321,-0.02019797,-0.0211521,0.01751695
0.21834785,0.0,0.0,0.0,0.0,0.10917392,0.0,0.0,0.0,0.05458696,0.0,0.0,0.32752177,0.0,0.0,0.0,0.10917392,0.0,0.0,0.0,0.00515496,-0.00139548,0.08744129,0.00504132,0.00022045,0.08473303
0.16880433,0.0,0.08440216,0.08440216,0.0,0.04220108,0.08440216,0.0,0.0,0.12660325,0.04220108,0.0,0.04220108,0.0,0.16880433,0.0,0.04220108,0.04220108,0.0,0.0,-0.03334324,0.01553253,-0.03330477,0.07102303,0.01508967,0.03657897
0.0,0.0,0.0,0.20846814,0.0,0.13897876,0.0,0.0,0.0,0.27795751,0.0,0.13897876,0.06948938,0.06948938,0.06948938,0.0,0.0,0.06948938,0.0,0.0,-0.05088782,-0.03029638,-0.01703557,0.02557263,0.01208394,0.01822252
0.16921333,0.0,0.0,0.0,0.0,0.05640444,0.0,0.0,0.0,0.0,0.0,0.11280888,0.3948311,0.0,0.0,0.05640444,0.05640444,0.0,0.0,0.0,-0.00583786,-0.00046292,0.07126178,0.00492085,0.00110184,0.08294967
0.10746605,0.0,0.05373302,0.0,0.0,0.10746605,0.0,0.0,0.10746605,0.05373302,0.0,0.0,0.32239815,0.0,0.0,0.0,0.05373302,0.0,0.0,0.0,0.0044111,0.00430286,0.05668047,0.02216053,0.03567025,0.07077941
0.18066944,0.0,0.0,0.06022315,0.0,0.06022315,0.0,0.06022315,0.0,0.0,0.0,0.06022315,0.24089259,0.0,0.06022315,0.12044629,0.0,0.06022315,0.0,0.0,-0.02542213,-9.227e-05,0.0809141,-0.02286789,-0.01266215,0.07678312
0.2913159,0.0,0.05826318,0.0,0.0,0.11652636,0.05826318,0.0,0.0,0.0,0.0,0.05826318,0.11652636,0.0,0.05826318,0.0,0.05826318,0.05826318,0.0,0.0,0.00171231,0.00668882,0.05700324,0.00047597,-0.00359394,0.06376591
0.07409577,0.0,0.0,0.07409577,0.07409577,0.07409577,0.07409577,0.0,0.0,0.0,0.0,0.07409577,0.07409577,0.0,0.14819154,0.07409577,0.14819154,0.14819154,0.0,0.07409577,-0.04804978,-0.03242219,-0.01148193,-0.02246299,-0.00528958,0.00826994
0.0,0.07101012,0.07101012,0.14202024,0.0,0.0,0.0,0.0,0.07101012,0.0,0.14202024,0.0,0.07101012,0.07101012,0.0,0.07101012,0.14202024,0.14202024,0.07101012,0.0,-0.02261469,-0.0241896,0.02186528,-0.02451242,-0.0212973,0.00559696
0.04381639,0.0,0.04381639,0.21908195,0.04381639,0.0,0.0,0.0,0.17526556,0.17526556,0.04381639,0.04381639,0.04381639,0.04381639,0.04381639,0.0,0.0,0.04381639,0.0,0.0,-0.01324849,-0.00152352,0.0122019,0.02265211,0.01118387,0.00477353
0.13690076,0.0,0.04563359,0.13690076,0.0,0.09126717,0.0,0.0,0.04563359,0.18253435,0.0,0.04563359,0.04563359,0.04563359,0.13690076,0.04563359,0.0,0.0,0.0,0.04563359,-0.04047786,-0.00862384,0.01240677,0.02621134,0.0144758,-0.00793112
0.0,0.0613387,0.0,0.1226774,0.0613387,0.0613387,0.0,0.0,0.0,0.0,0.0,0.0,0.1840161,0.1840161,0.1840161,0.0,0.0613387,0.0,0.0,0.0,0.02997688,0.00525826,-0.01259064,0.03026286,0.02733064,-0.00031849
0.0653137,0.0,0.0653137,0.13062739,0.19594109,0.0653137,0.0,0.0653137,0.0,0.0,0.0653137,0.0,0.13062739,0.0653137,0.0653137,0.0,0.0,0.0653137,0.0,0.0,-0.00523863,0.01698249,-0.0006774,0.03194066,0.00419088,-0.02690347
0.07426296,0.0,0.07426296,0.14852593,0.0,0.07426296,0.0,0.07426296,0.0,0.22278889,0.0,0.14852593,0.0,0.07426296,0.14852593,0.0,0.07426296,0.0,0.0,0.0,-0.04787256,-0.00708867,-0.01001595,-0.01903046,-0.00567255,-0.02426428
0.06224651,0.0,0.18673953,0.0,0.06224651,0.0,0.06224651,0.06224651,0.0,0.12449302,0.0,0.06224651,0.0,0.12449302,0.18673953,0.0,0.0,0.0,0.0,0.0,0.02290427,-0.02998303,0.00757696,0.04540069,0.03057285,-0.0101694
0.14624198,0.0,0.14624198,0.0,0.07312099,0.07312099,0.0,0.0,0.07312099,0.07312099,0.0,0.0,0.0,0.07312099,0.14624198,0.0,0.14624198,0.07312099,0.0,0.07312099,-0.03376231,0.00707759,-0.05514001,0.00894748,-0.02222147,-0.00171609
0.0671316,0.0,0.13426319,0.0,0.0671316,0.0,0.0,0.20139479,0.0,0.0671316,0.0,0.0671316,0.0,0.0,0.0671316,0.0671316,0.20139479,0.0671316,0.0,0.0,-0.02846643,-0.02944392,-0.00135654,0.02635716,0.019581,0.00635478
0.19420884,0.0,0.06473628,0.06473628,0.06473628,0.06473628,0.0,0.0,0.12947256,0.12947256,0.0,0.0,0.0,0.06473628,0.06473628,0.0,0.12947256,0.12947256,0.0,0.0,-0.01841784,-0.02634706,-0.00276711,-0.04489595,-0.0305907,0.0225019
0.0,0.0,0.0,0.11635369,0.0,0.0,0.05817685,0.0,0.05817685,0.05817685,0.0,0.05817685,0.17453054,0.05817685,0.17453054,0.05817685,0.05817685,0.0,0.0,0.0,0.03662087,0.05198704,0.00309355,0.03728442,-0.00885742,0.00721885
0.0,0.0,0.12856853,0.12856853,0.0,0.06428427,0.06428427,0.06428427,0.06428427,0.12856853,0.0,0.0,0.0,0.0,0.06428427,0.06428427,0.06428427,0.06428427,0.0,0.06428427,-0.0010848,-0.02696082,0.01439646,0.01940099,0.01752958,0.01245458
0.0576218,0.0,0.0,0.11524361,0.0576218,0.11524361,0.0,0.0576218,0.0,0.0,0.0,0.0576218,0.0576218,0.0576218,0.0576218,0.0,0.0576218,0.11524361,0.0,0.0576218,0.03773282,0.01202896,-0.01834596,0.0405529,0.00805287,0.05565136
0.0,0.06181956,0.0,0.12363911,0.0,0.12363911,0.0,0.0,0.0,0.0,0.0,0.06181956,0.12363911,0.06181956,0.18545867,0.0,0.12363911,0.0,0.0,0.06181956,0.04082144,0.01654887,-0.02364134,0.01218178,0.00606521,0.02073071
0.0,0.0,0.05700542,0.08550813,0.11401085,0.05700542,0.0,0.08550813,0.17101627,0.11401085,0.0,0.02850271,0.02850271,0.02850271,0.14251356,0.05700542,0.02850271,0.05700542,0.0,0.0,-0.02992663,-0.01011567,-0.00883667,-0.00967972,0.00299055,0.00096782
0.1384157,0.06920785,0.2768314,0.0,0.0,0.1384157,0.0,0.06920785,0.06920785,0.06920785,0.0,0.0,0.0,0.0,0.1384157,0.0,0.0,0.06920785,0.0,0.0,-0.03668931,0.00847327,-0.01400866,-0.01057203,0.01297248,0.00170651
0.07039232,0.0,0.07039232,0.0,0.07039232,0.0,0.07039232,0.07039232,0.0,0.07039232,0.0,0.0,0.0,0.07039232,0.07039232,0.21117695,0.21117695,0.07039232,0.0,0.0,-0.02230632,-0.01432534,-0.01319554,-0.02981331,0.01226938,0.0114864
0.06973146,0.06973146,0.0,0.0,0.0,0.06973146,0.0,0.06973146,0.0,0.0,0.06973146,0.0,0.13946292,0.0,0.20919438,0.27892584,0.0,0.0,0.0,0.06973146,-0.02500844,-0.00907007,0.00011356,0.00902111,-0.00011828,-0.02090978
0.0,0.0,0.0,0.0,0.14094754,0.14094754,0.07047377,0.07047377,0.0,0.0,0.07047377,0.0,0.0,0.14094754,0.07047377,0.14094754,0.0,0.07047377,0.07047377,0.07047377,0.01557949,0.00662353,-0.01667359,0.00169625,0.00598566,-0.07031792
0.06947393,0.06947393,0.0,0.0,0.06947393,0.06947393,0.0,0.0,0.0,0.06947393,0.0,0.0,0.13894786,0.0,0.20842179,0.20842179,0.0,0.06947393,0.0,0.06947393,0.00319779,-0.00443417,-0.00015334,-0.02167266,-0.01688938,-0.00215717
0.119015,0.0595075,0.0595075,0.0,0.0,0.0,0.0,0.0595075,0.0,0.0,0.0,0.119015,0.0595075,0.0595075,0.0,0.0595075,0.0595075,0.23803001,0.0,0.0,0.02211129,0.00820438,0.0391028,0.01083632,-0.00722879,0.03436146
0.07524284,0.0,0.0,0.15048568,0.07524284,0.0,0.0,0.15048568,0.07524284,0.0,0.0,0.0,0.0,0.0,0.15048568,0.22572852,0.15048568,0.07524284,0.0,0.0,-0.05945447,-0.04218786,-0.00397685,-0.02450804,-0.00379745,0.00528205
0.12445042,0.0,0.0,0.06222521,0.0,0.09333781,0.0,0.12445042,0.15556302,0.06222521,0.0,0.0311126,0.0311126,0.0311126,0.06222521,0.12445042,0.0311126,0.0,0.0311126,0.0,0.01175618,0.02018808,0.01205517,-0.01261687,-0.00091094,0.00503763
0.21526001,0.0,0.09225429,0.06150286,0.0,0.06150286,0.06150286,0.03075143,0.03075143,0.06150286,0.0,0.09225429,0.0,0.0,0.06150286,0.0,0.09225429,0.03075143,0.0,0.0,-0.00487364,-0.00584092,0.02632377,0.01283585,0.02688421,0.05287927
0.06161341,0.0,0.18484022,0.12322681,0.06161341,0.0,0.12322681,0.0,0.06161341,0.06161341,0.06161341,0.0,0.0,0.0,0.06161341,0.0,0.12322681,0.0,0.0,0.0,-0.00996751,0.00172496,0.00396086,-0.00043011,0.09047218,-0.00996147
0.0,0.0,0.06891337,0.06891337,0.13782673,0.13782673,0.0,0.0,0.0,0.0,0.06891337,0.0,0.06891337,0.0,0.06891337,0.06891337,0.06891337,0.06891337,0.0,0.2067401,0.02661188,0.01619956,-0.01769917,0.00142094,-0.00911644,-0.05111729
0.07125388,0.0,0.14250776,0.14250776,0.0,0.0,0.07125388,0.07125388,0.07125388,0.14250776,0.0,0.07125388,0.0,0.0,0.14250776,0.0,0.14250776,0.0,0.0,0.0,-0.05751409,-0.00208952,-0.00731523,-0.00681982,-0.00232836,0.00725885
0.0,0.0,0.0681354,0.20440621,0.0681354,0.0,0.0681354,0.0,0.0,0.13627081,0.0681354,0.0,0.0681354,0.0,0.0,0.0,0.13627081,0.13627081,0.0,0.0681354,-0.00825874,-0.01195265,-0.01555969,0.0159146,-0.01014327,0.0079687
0.06398402,0.06398402,0.06398402,0.06398402,0.0,0.06398402,0.06398402,0.06398402,0.0,0.0,0.0,0.0,0.06398402,0.0,0.19195205,0.0,0.12796803,0.06398402,0.0,0.06398402,0.05368762,0.01450815,0.03151441,-0.01977254,-0.03345798,-0.00623992
0.07069715,0.0,0.07069715,0.0,0.07069715,0.0,0.0,0.0,0.07069715,0.14139431,0.0,0.07069715,0.07069715,0.0,0.07069715,0.0,0.28278862,0.07069715,0.07069715,0.0,0.01573188,-0.02612588,-0.0216765,-0.0147632,-0.00178075,-0.01184286
0.0,0.0,0.07289403,0.0,0.0,0.07289403,0.07289403,0.0,0.07289403,0.07289403,0.0,0.07289403,0.0,0.0,0.14578805,0.07289403,0.29157611,0.0,0.07289403,0.07289403,-0.01712437,-0.03758442,-0.06005088,0.00557135,0.01461469,0.00116322
0.19032964,0.0,0.0,0.0,0.0,0.0,0.0,0.0,0.06344321,0.12688643,0.0,0.06344321,0.06344321,0.0,0.12688643,0.0,0.31721607,0.0,0.0,0.0,0.0007484,-0.00130512,-0.00911203,0.00509132,0.00600929,0.04691992
0.0,0.0,0.0732598,0.0732598,0.0,0.0732598,0.0,0.0,0.0,0.21977941,0.0,0.0732598,0.0732598,0.0,0.0732598,0.0732598,0.21977941,0.0732598,0.0,0.0732598,-0.04037897,-0.04722039,-0.01151409,-0.01865335,0.01629918,0.00257057
0.06415157,0.06415157,0.06415157,0.0,0.0,0.0,0.0,0.0,0.06415157,0.0,0.0,0.0,0.12830314,0.0,0.06415157,0.06415157,0.12830314,0.19245471,0.12830314,0.0,0.03804555,-0.00573103,-0.01582321,-0.00775518,0.01487527,0.01411507
0.09345361,0.0233634,0.0233634,0.0233634,0.0233634,0.11681702,0.0,0.0233634,0.0,0.14018042,0.0,0.0,0.07009021,0.0,0.07009021,0.09345361,0.11681702,0.07009021,0.07009021,0.04672681,0.01345051,0.00593088,0.00898567,-0.01282957,-0.0027936,-0.01737023
0.13261652,0.0,0.06630826,0.0,0.0,0.0,0.0,0.13261652,0.0,0.0,0.06630826,0.13261652,0.0,0.06630826,0.06630826,0.13261652,0.0,0.19892478,0.0,0.0,-0.01166694,-0.01148364,0.02927036,0.00739388,-0.00049502,-0.00764254
0.07887866,0.07887866,0.0,0.07887866,0.0,0.0,0.0,0.0,0.07887866,0.07887866,0.0,0.15775732,0.0,0.0,0.15775732,0.07887866,0.15775732,0.15775732,0.0,0.07887866,-0.03186473,-0.03307072,-0.01931879,-0.06005184,-0.03687062,-0.00200321
0.13589467,0.0,0.13589467,0.06794734,0.06794734,0.0,0.0,0.0,0.0,0.06794734,0.0,0.0,0.06794734,0.0,0.06794734,0.06794734,0.0,0.20384201,0.0,0.13589467,0.02072855,-0.00306127,-0.03996395,-0.01885695,-0.0090302,0.03097379
0.05859487,0.0,0.05859487,0.23437947,0.0,0.11718973,0.0,0.05859487,0.0,0.1757846,0.0,0.11718973,0.0,0.05859487,0.11718973,0.0,0.05859487,0.05859487,0.0,0.0,-0.05565028,-0.02027324,-0.0178549,-0.00495027,-0.0046464,-0.00992738
0.0,0.0,0.0,0.0,0.23285655,0.13971393,0.18628524,0.09314262,0.04657131,0.04657131,0.0,0.04657131,0.0,0.04657131,0.0,0.04657131,0.0,0.18628524,0.0,0.0,0.00505676,0.00952633,-0.02909509,-0.05835979,-0.00784483,0.0095765
0.06014078,0.0,0.0,0.0,0.06014078,0.18042233,0.0,0.06014078,0.0,0.12028156,0.0,0.06014078,0.06014078,0.12028156,0.0,0.0,0.0,0.06014078,0.0,0.12028156,0.02587578,0.0234781,0.03648848,0.00280418,0.00877546,0.00046632
0.06606297,0.0,0.0,0.0,0.0,0.06606297,0.0,0.13212593,0.0,0.0,0.06606297,0.06606297,0.06606297,0.06606297,0.13212593,0.1981889,0.0,0.13212593,0.0,0.0,-0.00336143,-0.0070265,0.02749446,0.01084093,0.01453334,-0.03342532
0.0,0.0,0.13178667,0.13178667,0.0,0.06589333,0.0,0.0,0.19768,0.13178667,0.06589333,0.06589333,0.0,0.0,0.0,0.06589333,0.06589333,0.13178667,0.06589333,0.06589333,-0.02504024,0.00674112,-0.02097827,-0.06160129,-0.087294,0.00209269
0.0,0.0,0.12550043,0.12550043,0.0,0.06275021,0.0,0.0,0.18825064,0.12550043,0.06275021,0.0,0.06275021,0.06275021,0.0,0.06275021,0.06275021,0.12550043,0.0,0.06275021,-0.04186141,-0.00860549,-0.02378868,-0.02330308,-0.03472377,0.00277858
0.06380857,0.0,0.12761714,0.06380857,0.12761714,0.06380857,0.0,0.0,0.0,0.06380857,0.0,0.0,0.06380857,0.0,0.0,0.0,0.06380857,0.19142571,0.0,0.12761714,0.03847246,-0.00059684,-0.01037049,0.00585468,-0.03000524,0.03951689
0.0,0.06720636,0.0,0.0,0.0,0.0,0.0,0.0,0.13441273,0.0,0.06720636,0.0,0.13441273,0.06720636,0.06720636,0.06720636,0.13441273,0.13441273,0.13441273,0.0,0.02328196,0.00877907,0.00775441,-0.01215686,-0.00639055,-0.02936349
0.26646222,0.0,0.06661556,0.0,0.0,0.0,0.0,0.0,0.06661556,0.06661556,0.0,0.0,0.06661556,0.0,0.13323111,0.0,0.26646222,0.0,0.0,0.06661556,-0.03145943,0.00395197,-0.03681747,0.00530747,-0.00793161,0.06771574
0.0,0.0,0.06725741,0.20177224,0.0,0.20177224,0.0,0.0,0.0,0.13451482,0.0,0.06725741,0.06725741,0.13451482,0.0,0.0,0.0,0.06725741,0.0,0.06725741,-0.00131296,0.00903579,-0.00334077,0.00110199,-0.0317574,0.01741217
0.07150082,0.0,0.0,0.14300163,0.0,0.14300163,0.14300163,0.0,0.0,0.0,0.0,0.0,0.0,0.0,0.07150082,0.07150082,0.21450245,0.0,0.0,0.21450245,0.01715024,0.00650479,-0.05013918,-0.01117145,-0.00118059,-0.03367606
0.0,0.0,0.0,0.14362277,0.07181138,0.14362277,0.07181138,0.0,0.0,0.0,0.07181138,0.0,0.07181138,0.0,0.07181138,0.14362277,0.07181138,0.0,0.0,0.21543415,0.01406169,0.01954296,-0.01455258,-0.01196654,-0.00892643,-0.07532987
0.17897437,0.0,0.0,0.11931624,0.02982906,0.02982906,0.05965812,0.02982906,0.0,0.26846155,0.0,0.0,0.0,0.11931624,0.08948718,0.02982906,0.02982906,0.05965812,0.0,0.02982906,0.014284,0.00190194,-0.00749851,-0.0559038,-0.02447801,-0.0021518
0.12389086,0.0,0.0,0.0,0.06194543,0.12389086,0.0,0.06194543,0.0,0.12389086,0.0,0.06194543,0.06194543,0.12389086,0.0,0.0,0.0,0.0,0.0,0.18583629,0.01969334,0.0168215,0.02128157,0.01403779,0.0106863,-0.01170197
0.38033068,0.0,0.0,0.0,0.0,0.10866591,0.0,0.0,0.0,0.0,0.0,0.05433295,0.10866591,0.05433295,0.0,0.0,0.10866591,0.0,0.0,0.0,-0.00174758,8.092e-05,0.10367834,-0.00783711,-0.00034919,0.09118031
0.20251323,0.0,0.06750441,0.06750441,0.0,0.06750441,0.13500882,0.06750441,0.06750441,0.13500882,0.0,0.0,0.0,0.0,0.13500882,0.0,0.06750441,0.0,0.0,0.0,-0.05246684,0.00060103,0.03235655,-0.01291022,-0.02628778,0.04614108
0.21868041,0.0,0.0,0.0,0.0,0.16401031,0.0,0.0,0.0,0.0546701,0.0,0.0546701,0.27335051,0.0,0.0,0.0,0.0546701,0.0,0.0,0.0,0.00087687,-0.00098523,0.0890412,-0.00242294,-0.00072417,0.09416273
0.10121435,0.0,0.05060717,0.0,0.0,0.05060717,0.0,0.0,0.25303587,0.0,0.0,0.05060717,0.2024287,0.0,0.0,0.0,0.05060717,0.0,0.0,0.0,0.04038073,0.04182249,0.02643159,0.0445783,0.05701891,0.03066036
0.15818623,0.0,0.23727935,0.0,0.15818623,0.07909312,0.0,0.0,0.07909312,0.07909312,0.0,0.0,0.0,0.07909312,0.15818623,0.0,0.0,0.07909312,0.0,0.07909312,-0.04115949,0.00309141,-0.02756169,-0.03571967,-0.05625985,-0.02878746
0.06242488,0.0,0.0,0.18727464,0.0,0.0,0.06242488,0.0,0.06242488,0.12484976,0.0,0.0,0.0,0.06242488,0.18727464,0.06242488,0.0,0.06242488,0.0,0.06242488,0.00461966,0.04637856,-0.0209159,0.04782562,-0.0430141,0.02873297
0.12633432,0.06316716,0.06316716,0.06316716,0.06316716,0.0,0.0,0.0,0.0,0.0,0.0,0.12633432,0.18950147,0.0,0.0,0.0,0.12633432,0.06316716,0.0,0.06316716,-0.00166491,0.01171119,0.01676817,0.0155486,0.01223086,-0.00210128
0.07160093,0.07160093,0.0,0.14320187,0.07160093,0.07160093,0.07160093,0.07160093,0.0,0.0,0.0,0.07160093,0.0,0.0,0.07160093,0.0,0.14320187,0.14320187,0.0,0.07160093,0.00498036,0.00459985,0.00680388,-0.05753163,-0.03119515,-0.00167133
0.15492843,0.0,0.0,0.07746422,0.07746422,0.0,0.07746422,0.0,0.07746422,0.07746422,0.0,0.15492843,0.0,0.0,0.15492843,0.0,0.15492843,0.07746422,0.0,0.07746422,-0.0254777,-0.03150331,-0.00922931,-0.05253415,-0.04013332,-0.00308546
0.11538985,0.05769493,0.0,0.0,0.05769493,0.05769493,0.0,0.0,0.0,0.0,0.0,0.05769493,0.17308478,0.0,0.0,0.0,0.11538985,0.17308478,0.0,0.05769493,0.01196449,0.01593678,0.05531728,0.01770924,0.00865956,0.02498878
0.2512686,0.0,0.0,0.15076116,0.0,0.0,0.10050744,0.0,0.15076116,0.15076116,0.0,0.0,0.0,0.0,0.05025372,0.10050744,0.10050744,0.0,0.0,0.05025372,-0.04081282,-0.00977018,-0.01198451,-0.00283637,-0.0115572,-0.02862075
0.13436943,0.06718472,0.06718472,0.0,0.0,0.06718472,0.0,0.0,0.0,0.06718472,0.13436943,0.0,0.06718472,0.0,0.06718472,0.06718472,0.06718472,0.20155415,0.0,0.0,0.00081701,-0.00865675,0.01264752,-0.01408863,-0.02700748,0.02851759
0.13573833,0.0,0.0,0.0,0.0,0.06786917,0.06786917,0.06786917,0.06786917,0.0,0.0,0.06786917,0.06786917,0.13573833,0.13573833,0.0,0.06786917,0.06786917,0.0,0.06786917,-0.00426049,-0.01420235,0.01368097,0.01423921,-0.00872145,-0.01877339
0.18666388,0.0,0.0,0.06222129,0.0,0.0,0.0,0.06222129,0.06222129,0.0,0.0,0.06222129,0.0,0.0,0.06222129,0.24888517,0.12444259,0.06222129,0.0,0.0,-0.03791343,-0.01065117,0.05387586,0.0062518,0.00654329,0.04857425
0.14399592,0.0,0.0,0.0,0.0,0.14399592,0.0,0.0,0.0,0.07199796,0.07199796,0.0,0.0,0.0,0.21599388,0.14399592,0.07199796,0.21599388,0.0,0.0,-0.00816071,0.0054685,0.03042814,-0.05579371,-0.01660578,-0.03530586
0.13238422,0.0,0.0,0.0,0.06619211,0.0,0.0,0.0,0.06619211,0.13238422,0.0,0.06619211,0.13238422,0.0,0.06619211,0.0,0.33096055,0.0,0.0,0.0,0.00934089,-0.00763526,0.02754254,-0.03217929,-0.01486955,0.02491904
0.1382901,0.0,0.0,0.0,0.0,0.06914505,0.06914505,0.06914505,0.06914505,0.0,0.0,0.06914505,0.06914505,0.20743515,0.0,0.0,0.06914505,0.06914505,0.0,0.1382901,-0.04443705,-0.01309583,0.02450105,0.01353993,0.00099409,-0.01867794
0.06389375,0.0,0.06389375,0.0,0.06389375,0.0,0.0,0.0,0.06389375,0.0,0.06389375,0.0,0.0,0.06389375,0.0,0.06389375,0.1277875,0.19168125,0.06389375,0.1277875,-0.00445248,0.03357366,0.03798164,-0.00423468,-0.02750184,0.00622743
0.05800178,0.0,0.11600356,0.11600356,0.0,0.0,0.0,0.14500445,0.08700267,0.11600356,0.0,0.08700267,0.02900089,0.0,0.02900089,0.11600356,0.02900089,0.02900089,0.02900089,0.0,-0.01759168,-0.02167982,0.00447867,0.01115077,0.01474054,0.02287128
0.0564841,0.0,0.1129682,0.1129682,0.0,0.0,0.0,0.14121025,0.08472615,0.1129682,0.0,0.1129682,0.02824205,0.0,0.02824205,0.1129682,0.02824205,0.02824205,0.02824205,0.0,-0.01667174,-0.02000056,0.00441818,0.00768252,0.0137757,0.02232418
0.05511568,0.0,0.11023136,0.11023136,0.0,0.0,0.0,0.11023136,0.08267352,0.11023136,0.0,0.11023136,0.05511568,0.0,0.0,0.11023136,0.05511568,0.02755784,0.02755784,0.0,-0.0097817,-0.01945474,0.00771336,0.01593687,0.02662233,0.01443951
0.0564724,0.0,0.1129448,0.1129448,0.0,0.0,0.0,0.1129448,0.1129448,0.1129448,0.0,0.0564724,0.0282362,0.0282362,0.0564724,0.1129448,0.0,0.0282362,0.0282362,0.0,0.00764825,-0.01375957,0.00212341,0.01347133,0.02148999,0.00899579
0.05448212,0.0,0.10896424,0.10896424,0.0,0.0,0.0,0.10896424,0.08172318,0.10896424,0.0,0.10896424,0.05448212,0.0,0.0,0.10896424,0.05448212,0.02724106,0.0,0.02724106,-0.00816927,-0.01076795,0.00306642,0.01885292,0.03436245,0.00921829
0.16756347,0.0,0.0,0.0,0.16756347,0.33512693,0.0,0.0,0.0,0.0,0.0,0.0,0.16756347,0.0,0.16756347,0.0,0.0,0.0,0.0,0.0,-0.03365412,0.00279094,-0.06141268,-0.06112967,-0.04781842,0.19584315
0.0,0.04408178,0.0,0.0,0.0,0.04408178,0.0,0.0,0.08816356,0.0,0.0,0.0,0.0,0.04408178,0.26449069,0.0,0.0,0.0,0.0,0.0,0.16052359,0.08615163,0.01477635,0.15367007,0.07996964,0.02000911
0.05266185,0.0,0.05266185,0.05266185,0.0,0.15798556,0.0,0.05266185,0.0,0.05266185,0.0,0.10532371,0.05266185,0.0,0.15798556,0.05266185,0.10532371,0.10532371,0.05266185,0.0,-0.04119543,0.01257787,-0.00910884,-0.01132522,-0.03976204,0.03557659
0.15194256,0.0,0.0,0.15194256,0.0,0.0,0.03798564,0.03798564,0.0,0.22791384,0.0,0.0,0.0,0.11395692,0.11395692,0.03798564,0.03798564,0.03798564,0.0,0.0,0.00217428,0.03871093,-0.00969742,0.01329456,-0.00769663,0.01357326
0.17716648,0.0,0.0,0.0,0.0,0.0,0.08858324,0.08858324,0.17716648,0.17716648,0.0,0.17716648,0.0,0.0,0.08858324,0.0,0.08858324,0.08858324,0.0,0.0,-0.09850922,-0.04186865,-0.03523362,0.00695242,-0.01618078,0.03325769
0.07491715,0.07491715,0.07491715,0.0,0.0,0.0,0.0,0.07491715,0.07491715,0.07491715,0.0,0.22475146,0.0,0.07491715,0.14983431,0.0,0.0,0.07491715,0.0,0.0,-0.00745863,-0.02314285,-0.01474195,0.05397304,0.02047275,-0.00302536
0.15402176,0.07701088,0.0,0.0,0.0,0.0,0.0,0.07701088,0.07701088,0.15402176,0.0,0.23103264,0.0,0.07701088,0.07701088,0.0,0.0,0.07701088,0.0,0.0,-0.0248208,-0.01805141,-0.00065575,0.01742259,0.02847701,-0.0035131
0.0,0.16142467,0.05380822,0.05380822,0.10761645,0.10761645,0.05380822,0.0,0.0,0.0,0.0,0.0,0.10761645,0.0,0.10761645,0.05380822,0.10761645,0.10761645,0.05380822,0.0,-0.06363134,-0.00929863,0.01404451,0.01044119,-0.03209959,0.00437939
0.0,0.30613128,0.0,0.15306564,0.30613128,0.0,0.0,0.0,0.0,0.0,0.0,0.0,0.15306564,0.0,0.15306564,0.15306564,0.0,0.0,0.0,0.0,-0.04672613,-0.05305518,0.03695267,-0.07501441,-0.07397969,-0.01270241
0.05428068,0.05428068,0.05428068,0.05428068,0.0,0.16284203,0.0,0.05428068,0.0,0.0,0.0,0.10856135,0.05428068,0.0,0.21712271,0.05428068,0.05428068,0.10856135,0.05428068,0.0,-0.04976395,0.00652682,-0.02720376,-0.01265946,-0.04164775,0.03913456
0.0,0.23028655,0.0,0.23028655,0.4605731,0.0,0.0,0.0,0.0,0.0,0.0,0.0,0.0,0.0,0.23028655,0.23028655,0.0,0.0,0.0,0.0,-0.07401318,-0.08125891,0.03768225,-0.12632369,-0.13780577,0.0
0.05489484,0.10978969,0.05489484,0.05489484,0.0,0.16468453,0.0,0.05489484,0.0,0.0,0.0,0.05489484,0.05489484,0.0,0.21957937,0.10978969,0.05489484,0.05489484,0.05489484,0.0,-0.04096715,0.00601474,-0.02365621,-0.02534983,-0.04006531,0.0261269
0.05245171,0.0,0.05245171,0.05245171,0.10490343,0.05245171,0.0,0.05245171,0.0,0.10490343,0.0,0.05245171,0.15735514,0.0,0.10490343,0.0,0.15735514,0.10490343,0.0,0.0,-0.01314053,-0.01992558,-0.01487365,-0.00494328,0.01141408,-0.00756529
0.0,0.0,0.08494289,0.16988578,0.0,0.0,0.0,0.08494289,0.25482867,0.16988578,0.0,0.0,0.08494289,0.08494289,0.0,0.0,0.0,0.0,0.08494289,0.08494289,-0.04353259,-0.03001924,0.0030183,-0.03463353,-0.01082273,0.01173223
0.04903784,0.09807569,0.04903784,0.09807569,0.0,0.04903784,0.0,0.04903784,0.0,0.09807569,0.0,0.0,0.09807569,0.0,0.09807569,0.09807569,0.04903784,0.09807569,0.04903784,0.0,0.03905271,0.00777172,0.01374505,-0.02301074,0.00495991,-0.02327554
0.0,0.05377814,0.0,0.05377814,0.10755628,0.16133442,0.05377814,0.0,0.05377814,0.05377814,0.0,0.0,0.10755628,0.0,0.16133442,0.05377814,0.16133442,0.05377814,0.0,0.0,-0.06057004,-0.0341712,0.04167862,-0.01471071,-0.00159004,-0.00619942
0.17455746,0.0,0.0,0.08727873,0.17455746,0.0,0.17455746,0.0,0.08727873,0.0,0.0,0.08727873,0.0,0.0,0.08727873,0.08727873,0.0,0.17455746,0.0,0.0,-0.05242622,-0.01973772,-0.02605568,-0.01940206,-0.03112066,0.01411884
0.09789698,0.0,0.04894849,0.0,0.04894849,0.14684547,0.0,0.0,0.04894849,0.09789698,0.0,0.0,0.09789698,0.04894849,0.04894849,0.14684547,0.0,0.04894849,0.04894849,0.04894849,-0.00136747,-0.04176749,0.02994308,-0.00417639,0.01069035,0.02770811
0.0,0.32031754,0.0,0.0,0.0,0.21354502,0.0,0.26693128,0.0,0.0,0.0,0.0,0.0,0.0,0.10677251,0.0,0.0,0.0,0.0,0.05338626,0.00035894,0.0228475,-0.03095624,0.00426002,0.00506722,0.03746994
0.0,0.3336301,0.0,0.0,0.0,0.22242007,0.0,0.27802509,0.0,0.0,0.0,0.0,0.0,0.0,0.11121003,0.0,0.0,0.0,0.0,0.05560502,0.0064369,0.00619787,-0.03641357,-0.01353266,-0.00213127,0.03855242
0.0,0.36139819,0.0,0.0,0.0,0.24093213,0.0,0.24093213,0.0,0.0,0.0,0.0,0.0,0.0,0.18069909,0.0,0.0,0.0,0.0,0.06023303,-0.00829664,0.01211683,-0.04441116,-0.05888464,-0.02331222,0.03859326
0.0,0.05554608,0.0,0.11109216,0.05554608,0.22218433,0.0,0.0,0.0,0.16663824,0.05554608,0.0,0.05554608,0.0,0.16663824,0.05554608,0.05554608,0.05554608,0.0,0.05554608,0.02324984,0.00320413,0.0152243,-0.06400205,-0.06151358,-0.02708427
0.0,0.0,0.0,0.0,0.05044638,0.2522319,0.0,0.0,0.0,0.05044638,0.05044638,0.10089276,0.10089276,0.05044638,0.10089276,0.10089276,0.05044638,0.05044638,0.0,0.05044638,-0.02390309,-0.0041366,-0.05181215,0.01789165,0.01040036,0.04263224
0.0,0.05261857,0.05261857,0.05261857,0.0,0.1578557,0.0,0.05261857,0.0,0.10523714,0.0,0.05261857,0.05261857,0.0,0.1578557,0.05261857,0.10523714,0.10523714,0.05261857,0.0,-0.02497831,0.01847853,-0.01158882,-0.01349549,-0.03742642,0.01663916
0.19357629,0.19357629,0.0,0.0,0.19357629,0.0,0.19357629,0.0,0.19357629,0.0,0.0,0.0,0.0,0.0,0.0,0.0,0.0,0.0,0.19357629,0.0,-0.02164957,-0.0095797,-0.03801451,0.01147811,-0.07166485,-0.0320272
0.0,0.20499222,0.20499222,0.0,0.20499222,0.0,0.20499222,0.0,0.20499222,0.0,0.0,0.0,0.0,0.0,0.0,0.0,0.0,0.0,0.20499222,0.0,-0.03446821,-0.0879269,0.03983327,-0.01000874,-0.14566644,0.00828374
0.0,0.16076669,0.0,0.0,0.16076669,0.0,0.16076669,0.0,0.16076669,0.16076669,0.0,0.0,0.0,0.0,0.0,0.0,0.0,0.0,0.16076669,0.0,-0.00613293,0.0146735,0.02865827,0.03228276,-0.03921823,0.0051365
0.0,0.18525373,0.0,0.0,0.18525373,0.0,0.18525373,0.0,0.18525373,0.0,0.0,0.0,0.0,0.0,0.0,0.0,0.18525373,0.0,0.18525373,0.0,-0.03068913,-0.01105742,0.01319377,-0.00816135,-0.07027878,-0.00452945
0.08179523,0.08179523,0.0,0.0,0.0,0.0,0.08179523,0.08179523,0.08179523,0.24538568,0.0,0.16359046,0.08179523,0.08179523,0.0,0.0,0.08179523,0.0,0.0,0.0,-0.04200982,-0.02058445,0.01435861,-0.01421103,-0.00817127,0.00728
0.0,0.04956976,0.0,0.0,0.0,0.09913951,0.09913951,0.0,0.0,0.04956976,0.0,0.04956976,0.09913951,0.14870927,0.0,0.14870927,0.0,0.04956976,0.09913951,0.09913951,-0.00017584,9.079e-05,-0.03051149,0.00098093,0.01248993,0.02573056
0.14622382,0.07311191,0.0,0.0,0.0,0.0,0.0,0.14622382,0.0,0.14622382,0.0,0.14622382,0.07311191,0.07311191,0.0,0.0,0.07311191,0.07311191,0.0,0.0,0.01372615,0.00722504,0.02352376,-0.00827414,0.00711977,0.00622461
0.06697272,0.0,0.06697272,0.06697272,0.0,0.06697272,0.06697272,0.13394544,0.0,0.13394544,0.0,0.0,0.06697272,0.0,0.06697272,0.13394544,0.0,0.13394544,0.0,0.0,-0.03503582,-0.01502796,-0.00517077,0.00367758,0.0116038,0.03536237
0.0,0.0,0.06281292,0.06281292,0.0,0.12562583,0.12562583,0.06281292,0.0,0.12562583,0.0,0.0,0.0,0.0,0.06281292,0.0,0.18843875,0.0,0.12562583,0.06281292,0.00766485,0.03653467,-0.00051791,-0.00896681,0.02101612,-0.06073758
0.0,0.0,0.13583206,0.0,0.0,0.0,0.0,0.13583206,0.0,0.0,0.13583206,0.0,0.0,0.13583206,0.13583206,0.0,0.0,0.27166411,0.13583206,0.0,-0.00205378,0.03062974,-0.00623896,-0.06627518,0.01188078,-0.05459905
0.04817728,0.04817728,0.0,0.04817728,0.14453184,0.14453184,0.0,0.04817728,0.04817728,0.0,0.0,0.0,0.2408864,0.0,0.0,0.0,0.14453184,0.04817728,0.0,0.0,0.00812675,-0.00406211,0.02128168,0.00975108,0.00471549,-0.00335849
0.0,0.07208145,0.07208145,0.0,0.0,0.0,0.0,0.07208145,0.1441629,0.07208145,0.0,0.21624434,0.07208145,0.07208145,0.07208145,0.0,0.0,0.07208145,0.0,0.0,0.03018813,-0.00610962,0.00203966,0.02522903,0.01862447,-0.0070305
0.0,0.0,0.0,0.0,0.0,0.0,0.0,0.0,0.16327376,0.16327376,0.0,0.0,0.16327376,0.0,0.0,0.32654751,0.0,0.16327376,0.0,0.0,-0.02339582,-0.01026469,0.02653656,-0.00481249,-0.01197613,0.04427005
0.0,0.0,0.0,0.0,0.0,0.0,0.0,0.0,0.14254255,0.14254255,0.0,0.0,0.14254255,0.0,0.0,0.2850851,0.0,0.14254255,0.0,0.14254255,-0.02057625,-0.01369644,-0.00338919,0.00051686,0.00884847,0.03049869
0.0,0.0,0.0,0.0,0.0,0.0,0.0,0.0,0.1260971,0.1260971,0.0,0.0,0.1260971,0.0,0.1260971,0.25219421,0.0,0.1260971,0.0,0.1260971,-0.02371058,-0.03922268,0.02333157,0.01201117,0.0152174,0.00359629
0.0,0.11511506,0.0,0.0,0.0,0.0,0.0,0.0,0.11511506,0.11511506,0.0,0.0,0.11511506,0.0,0.11511506,0.23023012,0.0,0.11511506,0.0,0.11511506,-0.02725162,-0.04454823,0.01261632,0.01099974,0.02029594,-0.00814768
0.0,0.1038408,0.0,0.0,0.0,0.0,0.0,0.0,0.1038408,0.1038408,0.0,0.0,0.20768159,0.0,0.1038408,0.20768159,0.0,0.1038408,0.0,0.1038408,-0.0242376,-0.04022216,0.01555997,0.00898482,0.02024117,-0.01873418
0.0,0.14862881,0.0,0.0743144,0.14862881,0.0,0.0,0.0,0.0743144,0.0743144,0.0,0.0,0.14862881,0.0,0.14862881,0.14862881,0.0,0.0743144,0.0,0.0743144,-0.03976431,-0.05521427,0.0274459,-0.02312779,-0.0148866,-0.00916897
0.0,0.13970059,0.0,0.06985029,0.13970059,0.0,0.0,0.0,0.06985029,0.06985029,0.0,0.0,0.13970059,0.0,0.13970059,0.20955088,0.0,0.06985029,0.0,0.06985029,-0.03558006,-0.04822688,0.02299732,-0.02381616,-0.01648866,-0.01649026
0.06413314,0.0,0.06413314,0.0,0.0,0.12826628,0.06413314,0.06413314,0.0,0.19239941,0.0,0.0,0.0,0.0,0.06413314,0.0,0.19239941,0.06413314,0.06413314,0.06413314,-0.00017102,0.00849841,-0.01982278,-0.00970353,0.02159564,-0.02652693
0.0,0.04813675,0.0962735,0.0962735,0.0,0.0962735,0.0,0.0,0.0,0.0962735,0.0,0.0,0.04813675,0.0,0.04813675,0.14441025,0.04813675,0.192547,0.04813675,0.0,0.01001954,0.00664287,0.01360243,0.00626847,0.01030287,-0.00957119
0.126221,0.0,0.0631105,0.0631105,0.0,0.0,0.0,0.0631105,0.0631105,0.18933151,0.0,0.0,0.0,0.25244201,0.126221,0.0,0.0,0.0631105,0.0,0.0631105,-0.01613274,0.01193041,0.00282972,-0.02372349,-0.05291795,0.00513551
0.0,0.09477688,0.0,0.0,0.0,0.09477688,0.0,0.0,0.0,0.04738844,0.0,0.0,0.04738844,0.04738844,0.0,0.18955375,0.04738844,0.23694219,0.04738844,0.09477688,-0.00281437,0.00733623,-0.00733124,0.02007216,0.00931183,0.02565663
0.0,0.0,0.09901591,0.04950795,0.04950795,0.14852386,0.09901591,0.04950795,0.0,0.09901591,0.0,0.0,0.04950795,0.09901591,0.04950795,0.09901591,0.0,0.09901591,0.0,0.0,-0.03136146,-0.00210174,-0.02354755,0.01344306,0.01573473,0.0376739
0.0,0.1976833,0.0,0.09884165,0.1976833,0.0,0.0,0.0,0.0,0.09884165,0.0,0.0,0.09884165,0.0,0.1976833,0.1976833,0.0,0.0,0.0,0.09884165,-0.04266293,-0.06659088,0.02084948,-0.03305542,-0.01869886,-0.0459412
0.0,0.0,0.0,0.11359135,0.0,0.0,0.0,0.0,0.0,0.0,0.22718269,0.11359135,0.0,0.11359135,0.11359135,0.0,0.0,0.11359135,0.11359135,0.0,-0.00804227,-0.04252341,0.03714762,0.06123482,0.05796339,-0.01451092
0.31440757,0.0,0.0,0.0,0.0,0.15720378,0.0,0.0,0.0,0.15720378,0.0,0.15720378,0.0,0.0,0.15720378,0.0,0.0,0.0,0.0,0.0,0.05061899,0.01170351,0.00884366,-0.07024651,-0.03071841,0.08657605
0.0,0.07766302,0.07766302,0.0,0.0,0.0,0.0,0.15532605,0.15532605,0.07766302,0.0,0.07766302,0.07766302,0.07766302,0.07766302,0.0,0.0,0.07766302,0.07766302,0.0,-0.01064307,-0.035091,0.00394004,0.00177785,0.03947795,-0.00908107
0.0,0.08813953,0.0,0.0,0.0,0.0,0.08813953,0.08813953,0.17627907,0.17627907,0.0,0.2644186,0.08813953,0.0,0.0,0.0,0.08813953,0.08813953,0.0,0.0,-0.07126103,-0.03720171,0.00611578,-0.02566936,-0.02177359,0.00397597
0.0,0.18635939,0.0,0.18635939,0.37271877,0.0,0.0,0.0,0.0,0.0,0.0,0.0,0.18635939,0.0,0.18635939,0.18635939,0.0,0.0,0.0,0.0,-0.05815314,-0.06493662,0.03778747,-0.09674289,-0.09917711,-0.02329343
0.18830289,0.09415144,0.0,0.09415144,0.18830289,0.0,0.09415144,0.0,0.0,0.0,0.0,0.09415144,0.09415144,0.0,0.18830289,0.09415144,0.0,0.09415144,0.0,0.0,-0.05596699,-0.03436496,-0.01989561,-0.06447756,-0.05544578,0.00618215
0.05354071,0.10708141,0.05354071,0.0,0.05354071,0.10708141,0.0,0.05354071,0.05354071,0.05354071,0.0,0.05354071,0.05354071,0.05354071,0.10708141,0.16062212,0.0,0.0,0.05354071,0.05354071,-0.04749906,-0.06345814,-0.01339645,0.02361145,0.03128027,-0.0013522
0.09370151,0.04685076,0.0,0.09370151,0.0,0.14055227,0.0,0.04685076,0.0,0.09370151,0.04685076,0.09370151,0.14055227,0.0,0.0,0.04685076,0.04685076,0.04685076,0.0,0.0,-0.0009089,-0.0079306,0.04729904,-0.01643681,-0.01032382,0.05128596
0.0,0.14530045,0.0,0.07265022,0.14530045,0.0,0.0,0.0,0.0,0.07265022,0.0,0.0,0.14530045,0.0,0.14530045,0.21795067,0.0,0.07265022,0.0,0.07265022,-0.03693018,-0.05184813,0.02576333,-0.0035702,-0.00756708,-0.01560108
0.05157483,0.0,0.05157483,0.0,0.0,0.15472449,0.10314966,0.05157483,0.0,0.0,0.0,0.05157483,0.10314966,0.15472449,0.0,0.05157483,0.05157483,0.05157483,0.15472449,0.0,0.00740397,-0.00378939,-0.06286646,-0.00591506,-0.01782369,0.05149403
0.07879984,0.0,0.0,0.0,0.0,0.0,0.0,0.07879984,0.07879984,0.07879984,0.0,0.23639953,0.0,0.15759969,0.15759969,0.0,0.0,0.15759969,0.0,0.0,0.00438955,-0.01336071,-0.00996398,-0.00798565,0.01271464,-0.01019183
0.05379655,0.05379655,0.05379655,0.05379655,0.05379655,0.10759309,0.0,0.0,0.05379655,0.10759309,0.0,0.05379655,0.10759309,0.0,0.16138964,0.0,0.10759309,0.10759309,0.0,0.0,-0.01232451,-0.00773311,0.01503472,-0.05657006,-0.01012272,-0.00421526
0.0,0.27490842,0.0,0.13745421,0.27490842,0.0,0.0,0.0,0.0,0.0,0.0,0.0,0.13745421,0.0,0.27490842,0.13745421,0.0,0.0,0.0,0.0,-0.04840261,-0.05800551,0.02269438,-0.06585902,-0.06073748,-0.02677765
0.0,0.0,0.0,0.13544526,0.0,0.0,0.20316789,0.06772263,0.0,0.0,0.0,0.0,0.13544526,0.0,0.13544526,0.20316789,0.0,0.06772263,0.0,0.06772263,-0.02286074,-0.02619777,0.01205366,0.02330414,-0.00251928,0.00038055
0.0,0.0,0.0,0.0,0.0,0.0,0.17726546,0.08863273,0.17726546,0.08863273,0.08863273,0.0,0.0,0.0,0.17726546,0.08863273,0.08863273,0.08863273,0.08863273,0.0,-0.06347322,-0.06034301,-0.01161923,-0.00470213,-0.03826227,0.02617437
0.04711265,0.04711265,0.04711265,0.0,0.04711265,0.14133796,0.0,0.04711265,0.0,0.04711265,0.0,0.04711265,0.14133796,0.0,0.09422531,0.09422531,0.0,0.04711265,0.04711265,0.04711265,0.0207018,0.01896061,-0.04182761,0.00215724,0.01214983,0.04560505
0.1836145,0.0,0.0,0.0,0.0,0.0,0.1836145,0.09180725,0.1836145,0.09180725,0.0,0.09180725,0.0,0.0,0.09180725,0.09180725,0.0,0.1836145,0.0,0.0,-0.107137,-0.04672729,-0.03811424,-0.00880907,-0.01445539,0.02174872
0.13160921,0.04386974,0.04386974,0.0,0.0,0.04386974,0.0,0.08773947,0.04386974,0.04386974,0.0,0.0,0.04386974,0.0,0.0,0.17547894,0.04386974,0.13160921,0.04386974,0.0,0.0081353,-0.01222396,0.03638371,0.02633598,0.01075783,0.05321643
0.0,0.22163288,0.0,0.0,0.11081644,0.0,0.0,0.0,0.0,0.11081644,0.0,0.0,0.11081644,0.0,0.22163288,0.22163288,0.0,0.0,0.0,0.11081644,-0.05929418,-0.07715779,0.01591078,0.01570546,0.04153123,-0.04485988
0.0,0.17785698,0.0,0.08892849,0.17785698,0.0,0.0,0.0,0.0,0.08892849,0.0,0.0,0.08892849,0.0,0.17785698,0.26678547,0.0,0.0,0.0,0.08892849,-0.04173318,-0.06168117,0.02056842,-0.02852341,-0.01580243,-0.02889861
0.03020058,0.0,0.03020058,0.18120347,0.03020058,0.0,0.03020058,0.06040116,0.06040116,0.18120347,0.0,0.09060174,0.0,0.12080232,0.0,0.12080232,0.03020058,0.0,0.09060174,0.03020058,-0.01671027,-0.0044458,0.00211325,-0.01430687,-0.06166333,0.00779218
0.04824569,0.0,0.09649138,0.0,0.04824569,0.09649138,0.0,0.04824569,0.04824569,0.04824569,0.0,0.0,0.04824569,0.0,0.04824569,0.19298276,0.04824569,0.09649138,0.09649138,0.0,0.0076472,0.01370279,0.00060536,0.00783456,0.02531183,-0.02001553
0.0,0.3657411,0.0,0.0,0.0,0.0,0.0,0.0,0.0,0.0,0.0,0.0,0.18287055,0.0,0.18287055,0.18287055,0.0,0.0,0.0,0.18287055,-0.01981585,-0.06601773,0.00808873,0.01916575,0.03545129,-0.07409549
0.04852176,0.19408705,0.09704352,0.0,0.0,0.04852176,0.0,0.04852176,0.0,0.04852176,0.0,0.0,0.09704352,0.0,0.14556529,0.04852176,0.09704352,0.04852176,0.04852176,0.0,0.02576608,0.03764472,0.0183402,-0.03304494,-0.0266681,0.0075268
0.09161412,0.0,0.0,0.13742118,0.04580706,0.2290353,0.0,0.0,0.0,0.13742118,0.0,0.0,0.04580706,0.0,0.0,0.04580706,0.09161412,0.04580706,0.0,0.04580706,0.00337719,-0.00910934,0.0803369,-0.01036563,-0.03111165,0.05073132
0.0,0.04787956,0.0,0.0,0.14363867,0.19151823,0.0,0.04787956,0.0,0.04787956,0.04787956,0.09575911,0.19151823,0.0,0.0,0.0,0.09575911,0.04787956,0.0,0.0,0.01258426,0.00370033,0.0116806,0.00773734,0.00421978,0.00248655
0.05113959,0.05113959,0.05113959,0.05113959,0.0,0.0,0.05113959,0.10227918,0.10227918,0.10227918,0.0,0.0,0.20455837,0.0,0.05113959,0.05113959,0.10227918,0.05113959,0.0,0.0,-0.03762367,-0.01150641,0.01134922,0.01641922,0.00123474,-0.00266494
0.15894582,0.07947291,0.0,0.0,0.0,0.0,0.0,0.07947291,0.07947291,0.15894582,0.0,0.07947291,0.07947291,0.07947291,0.07947291,0.0,0.07947291,0.07947291,0.0,0.0,-0.0508877,-0.02338272,0.00467499,0.00715596,0.02618466,0.00310696
0.0,0.0,0.0,0.0,0.05190846,0.20763385,0.0,0.05190846,0.0,0.05190846,0.0,0.10381692,0.15572538,0.05190846,0.15572538,0.0,0.15572538,0.05190846,0.0,0.0,-0.05533005,-0.01129091,-0.03546605,0.0220859,0.00950444,0.03232744
0.0,0.07893673,0.07893673,0.07893673,0.0,0.0,0.0,0.15787346,0.15787346,0.07893673,0.0,0.0,0.07893673,0.07893673,0.0,0.0,0.0,0.07893673,0.07893673,0.07893673,-0.04092481,-0.05541615,0.00883539,0.01864285,0.03221638,0.01046888
0.12087725,0.04029242,0.08058483,0.0,0.0,0.08058483,0.0,0.04029242,0.0,0.04029242,0.0,0.0,0.0,0.0,0.04029242,0.16116967,0.08058483,0.12087725,0.0,0.0,0.02332676,0.02901266,0.06545228,0.00771555,0.01296834,0.05567606
0.0498268,0.0996536,0.0,0.0498268,0.0,0.0996536,0.0,0.0,0.0,0.0498268,0.0498268,0.0498268,0.0996536,0.0,0.1993072,0.0498268,0.0,0.0996536,0.0498268,0.0498268,0.05418061,0.02290512,-0.04249492,-0.03078023,-0.01249158,0.01214501
0.0,0.17617651,0.0,0.0,0.17617651,0.0,0.0,0.0,0.0,0.08808826,0.0,0.0,0.08808826,0.0,0.17617651,0.17617651,0.0,0.08808826,0.0,0.08808826,-0.03975984,-0.04767913,0.02763152,0.00765628,0.0156783,-0.02058623
0.0,0.15851005,0.0,0.07925503,0.15851005,0.0,0.0,0.0,0.0,0.07925503,0.0,0.0,0.07925503,0.0,0.15851005,0.23776508,0.0,0.07925503,0.0,0.07925503,-0.04077586,-0.05621339,0.02419375,-0.00388812,-0.00862136,-0.02426538
0.04702332,0.04702332,0.04702332,0.0,0.04702332,0.14106995,0.0,0.0,0.0,0.0,0.0,0.0,0.0,0.0,0.04702332,0.18809327,0.09404664,0.18809327,0.09404664,0.0,0.00055389,0.02724234,0.01607604,0.01940966,0.01112572,-0.014874
0.0,0.243123,0.0,0.1215615,0.243123,0.0,0.0,0.0,0.0,0.0,0.0,0.0,0.1215615,0.0,0.243123,0.1215615,0.0,0.0,0.0,0.1215615,-0.04778853,-0.0763028,0.04444288,-0.05618876,-0.04513882,-0.03463895
0.0889112,0.17782241,0.0,0.0889112,0.17782241,0.0,0.0889112,0.0,0.0,0.0,0.0,0.0,0.0889112,0.0,0.17782241,0.0889112,0.0,0.0889112,0.0,0.0889112,-0.03251297,-0.05283852,0.03169521,-0.04197296,-0.03560215,-0.02461426
0.0,0.0,0.0,0.0,0.0,0.07734271,0.0,0.0,0.07734271,0.0,0.07734271,0.0,0.23202813,0.0,0.07734271,0.23202813,0.0,0.15468542,0.0,0.0,-0.01251602,-0.00892254,0.01876053,0.03803591,0.01885275,0.01767683
0.0,0.0,0.0,0.0,0.0,0.06617524,0.0,0.0,0.06617524,0.0,0.0,0.0,0.19852571,0.0,0.13235047,0.13235047,0.06617524,0.13235047,0.0,0.0,-0.00565979,0.00095942,0.00502811,0.09789144,0.05306592,0.05461204
0.0,0.0,0.0,0.0,0.0,0.08299388,0.0,0.0,0.08299388,0.0,0.08299388,0.0,0.16598776,0.08299388,0.08299388,0.24898164,0.0,0.08299388,0.08299388,0.0,0.00740245,-0.01138072,-0.0499421,0.01988069,0.03315041,0.0049627
0.15378688,0.0,0.0,0.0,0.0,0.0,0.15378688,0.0,0.0,0.0,0.0,0.0,0.0,0.0,0.15378688,0.30757376,0.15378688,0.0,0.0,0.15378688,0.03046518,8.074e-05,0.01957989,-0.03117137,-0.04574298,-0.04971961
0.04551542,0.09103083,0.0,0.09103083,0.04551542,0.04551542,0.04551542,0.0,0.13654625,0.0,0.0,0.0,0.04551542,0.13654625,0.04551542,0.09103083,0.04551542,0.04551542,0.09103083,0.0,-0.03282485,-0.04038878,0.00114486,0.05427358,0.03520358,-0.01874757
0.0,0.13284506,0.04428169,0.0,0.0,0.04428169,0.0,0.0,0.0,0.04428169,0.04428169,0.13284506,0.04428169,0.0,0.0,0.30997181,0.08856337,0.0,0.04428169,0.04428169,-0.00108414,-0.00547638,-0.00980228,0.00164737,0.00565862,0.0348597
0.15714688,0.0,0.0,0.10476459,0.05238229,0.15714688,0.0,0.05238229,0.10476459,0.10476459,0.0,0.05238229,0.05238229,0.0,0.05238229,0.0,0.10476459,0.0,0.05238229,0.0,0.00952586,0.02664384,0.00456498,-0.05912448,-0.04527518,0.01601909
0.04866611,0.04866611,0.0,0.0,0.09733223,0.04866611,0.04866611,0.04866611,0.04866611,0.0,0.0,0.0,0.04866611,0.19466446,0.09733223,0.19466446,0.04866611,0.0,0.09733223,0.0,-0.00210562,-0.01643608,0.00677265,-0.01125097,-0.02727492,-0.02035957
0.09668733,0.09668733,0.0,0.04834367,0.19337466,0.04834367,0.0,0.0,0.0,0.09668733,0.04834367,0.09668733,0.0,0.145031,0.0,0.0,0.04834367,0.0,0.0,0.04834367,0.0263132,0.01524098,-0.00917359,-0.01140266,0.00962737,0.00252139
0.0,0.05570419,0.05570419,0.0,0.0,0.11140838,0.0,0.0,0.16711257,0.16711257,0.05570419,0.05570419,0.05570419,0.05570419,0.0,0.05570419,0.11140838,0.05570419,0.0,0.11140838,-0.01118012,-0.00239235,0.00952424,-0.05888119,-0.04251591,-0.00863848
0.0,0.04987748,0.0,0.0,0.0,0.14963245,0.0,0.09975497,0.14963245,0.14963245,0.04987748,0.09975497,0.0,0.0,0.0,0.04987748,0.09975497,0.04987748,0.0,0.04987748,-0.03674185,-0.00854585,0.02398582,0.01402333,-0.00435929,0.01408817
0.04742967,0.04742967,0.04742967,0.0,0.0,0.09485934,0.0,0.0,0.04742967,0.0,0.04742967,0.18971868,0.09485934,0.0,0.0,0.09485934,0.09485934,0.09485934,0.0,0.04742967,-0.00612242,-0.00693721,0.03731167,-0.0020126,0.00230192,0.02686522
0.04271321,0.0,0.04271321,0.04271321,0.08542643,0.04271321,0.0,0.04271321,0.04271321,0.0,0.0,0.04271321,0.04271321,0.04271321,0.17085286,0.12813964,0.0,0.0,0.17085286,0.0,-0.00539517,-0.07126033,0.03254775,0.04913079,0.05425915,0.00102708
0.10488476,0.05244238,0.0,0.10488476,0.0,0.05244238,0.0,0.0,0.15732713,0.0,0.05244238,0.10488476,0.0,0.05244238,0.0,0.05244238,0.0,0.05244238,0.15732713,0.10488476,-0.03691557,-0.01661319,-0.00169637,0.01911408,0.03475706,-0.04749357
0.13717574,0.09145049,0.09145049,0.09145049,0.09145049,0.04572525,0.04572525,0.09145049,0.0,0.04572525,0.04572525,0.0,0.09145049,0.04572525,0.0,0.0,0.0,0.0,0.09145049,0.0,0.02578886,0.01718076,0.00965526,-0.00069411,-0.02752898,-0.03035722
0.0,0.0,0.0,0.05294459,0.0,0.0,0.0,0.15883376,0.05294459,0.10588917,0.05294459,0.15883376,0.05294459,0.05294459,0.05294459,0.0,0.15883376,0.0,0.10588917,0.05294459,-0.02331791,-0.02349235,-0.01047077,0.00527387,-0.0163234,0.00943884
0.0,0.03604067,0.03604067,0.03604067,0.03604067,0.0,0.0,0.03604067,0.18020337,0.03604067,0.0,0.03604067,0.07208135,0.03604067,0.10812202,0.07208135,0.0,0.03604067,0.07208135,0.0,-0.01090578,-0.05435594,0.0240591,0.09016963,0.10549783,0.01659963
0.04644346,0.09288692,0.0,0.04644346,0.0,0.09288692,0.0,0.04644346,0.04644346,0.0,0.0,0.18577384,0.04644346,0.0,0.04644346,0.04644346,0.13933038,0.0,0.04644346,0.04644346,0.01143242,0.00171596,0.0488243,-0.00307611,-0.03766513,0.04989937
0.04715691,0.04715691,0.0,0.0,0.04715691,0.0,0.0,0.04715691,0.23578456,0.09431382,0.0,0.09431382,0.04715691,0.0,0.0,0.14147073,0.09431382,0.04715691,0.0,0.0,-0.01900275,-0.00078082,-0.0068313,0.03708734,0.03761026,0.00877904
0.10772166,0.0,0.0,0.05386083,0.0,0.10772166,0.0,0.10772166,0.10772166,0.10772166,0.0,0.10772166,0.05386083,0.0,0.10772166,0.05386083,0.10772166,0.0,0.05386083,0.0,-0.04527201,-0.00829797,-0.02464785,0.00868715,0.00158949,-0.00927543
0.0,0.0,0.0,0.24494499,0.0,0.097978,0.0,0.048989,0.0,0.048989,0.097978,0.048989,0.097978,0.097978,0.146967,0.0,0.0,0.048989,0.0,0.0,-0.01527477,-0.00491643,-0.01941305,0.02850996,0.03820325,-0.00688894
0.05226618,0.05226618,0.05226618,0.0,0.0,0.10453236,0.0,0.05226618,0.0,0.05226618,0.05226618,0.15679854,0.05226618,0.0,0.0,0.20906472,0.05226618,0.0,0.10453236,0.05226618,-0.00939856,-0.01209769,-0.02495628,-0.00373006,0.00598448,-0.00112547
0.0,0.0,0.0,0.05192438,0.0,0.10384875,0.05192438,0.15577313,0.0,0.05192438,0.05192438,0.2076975,0.0,0.05192438,0.0,0.0,0.15577313,0.0,0.10384875,0.05192438,-0.01379221,0.00015085,0.01025588,-0.00805001,-0.01533673,-0.01171529
0.0,0.10363917,0.05181958,0.05181958,0.0,0.0,0.0,0.10363917,0.05181958,0.0,0.05181958,0.10363917,0.15545875,0.15545875,0.0,0.05181958,0.10363917,0.0,0.05181958,0.0,-0.01236633,-0.00391374,0.00184205,-0.00968623,0.00407763,-0.01634505
0.04225202,0.04225202,0.04225202,0.21126012,0.04225202,0.0,0.0,0.08450405,0.0,0.04225202,0.0,0.0,0.16900809,0.0,0.0,0.04225202,0.0,0.12675607,0.08450405,0.0,0.03722029,0.02786819,-0.00303607,0.02302714,-0.00222765,-0.01239641
0.0,0.04268948,0.0,0.21344738,0.0,0.08537895,0.0,0.0,0.04268948,0.04268948,0.08537895,0.04268948,0.04268948,0.08537895,0.12806843,0.04268948,0.0,0.0,0.0,0.0,0.03668824,0.05266488,-0.00492097,0.02281421,0.05252466,-0.01356055
0.0,0.10548573,0.05274286,0.0,0.05274286,0.05274286,0.0,0.0,0.05274286,0.05274286,0.10548573,0.15822859,0.05274286,0.05274286,0.0,0.10548573,0.05274286,0.05274286,0.0,0.10548573,-0.00371532,-0.01303193,-0.00262993,-0.0132789,-0.00542841,-0.01677282
0.0,0.04897332,0.0,0.0,0.04897332,0.04897332,0.0,0.09794665,0.0,0.04897332,0.04897332,0.14691997,0.09794665,0.09794665,0.0,0.04897332,0.14691997,0.0,0.04897332,0.04897332,0.00294819,0.00472773,-0.00279045,0.00200736,0.01839112,-0.00475041
0.05382035,0.05382035,0.05382035,0.05382035,0.0,0.05382035,0.0,0.1076407,0.05382035,0.0,0.05382035,0.1076407,0.1076407,0.16146105,0.0,0.0,0.0,0.0,0.1076407,0.1076407,-0.01518697,0.01002135,-0.003057,-0.02062695,0.0032651,-0.05082256
0.04334249,0.04334249,0.0,0.04334249,0.04334249,0.0,0.04334249,0.04334249,0.04334249,0.04334249,0.0,0.13002747,0.0,0.0,0.21671245,0.04334249,0.04334249,0.04334249,0.04334249,0.0,-0.071167,-0.05185815,-0.00219359,0.15751769,0.08883092,0.01202032
0.04635026,0.13905078,0.04635026,0.0,0.0,0.04635026,0.0,0.04635026,0.0,0.0,0.0,0.13905078,0.04635026,0.04635026,0.0,0.09270052,0.04635026,0.13905078,0.0,0.09270052,0.00894706,-0.00581525,0.03020573,0.02515789,0.00322495,0.01127444
0.09775342,0.04887671,0.0,0.09775342,0.04887671,0.09775342,0.09775342,0.04887671,0.04887671,0.04887671,0.0,0.09775342,0.0,0.0,0.04887671,0.04887671,0.09775342,0.0,0.04887671,0.0,0.016136,-0.00740251,-0.00639616,0.0372321,0.00514292,-0.0222465
0.05346967,0.10693934,0.05346967,0.0,0.0,0.05346967,0.05346967,0.21387869,0.05346967,0.10693934,0.0,0.05346967,0.0,0.0,0.05346967,0.0,0.10693934,0.10693934,0.0,0.05346967,0.02236102,-0.01053859,-0.01350306,-0.03968222,-0.03112648,0.00309589
0.0,0.05223985,0.1044797,0.0,0.0,0.05223985,0.0,0.1044797,0.05223985,0.2089594,0.0,0.05223985,0.0,0.05223985,0.05223985,0.05223985,0.1044797,0.05223985,0.05223985,0.05223985,-0.0540633,0.00043442,-0.01887673,0.02575715,-0.01178183,0.01373328
0.0,0.0,0.0792503,0.0792503,0.23775091,0.15850061,0.0,0.0,0.0,0.0,0.0,0.0792503,0.0,0.15850061,0.0792503,0.15850061,0.0,0.0,0.15850061,0.0,0.02871946,0.00809117,-0.06703472,-0.03519262,-0.08102734,-0.04231052
0.06255435,0.0,0.06255435,0.06255435,0.0,0.06255435,0.0,0.0,0.12510871,0.18766306,0.06255435,0.06255435,0.0,0.0,0.18766306,0.0,0.0,0.06255435,0.0,0.0,-0.06039869,0.01623151,-0.00960567,0.07551706,0.01235039,0.02759008
0.0,0.0,0.04119321,0.04119321,0.16477286,0.08238643,0.0,0.0,0.04119321,0.04119321,0.0,0.04119321,0.04119321,0.20596607,0.08238643,0.08238643,0.04119321,0.0,0.12357964,0.0,0.04772448,0.0214917,-0.02777109,0.00211563,-0.03419485,-0.03919624
0.0,0.0,0.06962955,0.06962955,0.13925911,0.13925911,0.0,0.0,0.0,0.06962955,0.0,0.0,0.0,0.34814777,0.06962955,0.06962955,0.0,0.0,0.06962955,0.0,0.04605697,0.00102355,-0.02317545,0.00053267,-0.03923893,-0.0296421
0.0,0.0,0.05401476,0.05401476,0.05401476,0.0,0.0,0.0,0.05401476,0.10802953,0.0,0.0,0.0,0.27007382,0.16204429,0.05401476,0.0,0.0,0.0,0.0,0.03786975,0.02011491,0.00610733,0.07989282,0.03610035,0.00969337
0.15070359,0.0,0.15070359,0.0,0.0,0.07535179,0.07535179,0.0,0.07535179,0.15070359,0.07535179,0.07535179,0.0,0.0,0.07535179,0.0,0.07535179,0.07535179,0.0,0.07535179,-0.03072981,0.00436206,-0.02503321,-0.02017979,-0.05362294,-0.0050732
0.062558,0.031279,0.031279,0.062558,0.0,0.062558,0.031279,0.031279,0.062558,0.031279,0.062558,0.0,0.125116,0.0,0.062558,0.093837,0.062558,0.125116,0.0,0.0,-0.01589922,0.01403251,0.03046337,0.01167835,0.00745166,0.01390329
0.06652642,0.03326321,0.13305283,0.06652642,0.0,0.09978962,0.03326321,0.03326321,0.0,0.16631604,0.03326321,0.03326321,0.0,0.03326321,0.0,0.03326321,0.09978962,0.06652642,0.0,0.06652642,0.01030792,0.01198405,0.00806438,-0.00235896,-0.01745534,-0.00843828
0.03497831,0.10493494,0.10493494,0.03497831,0.06995663,0.13991326,0.03497831,0.06995663,0.06995663,0.06995663,0.0,0.03497831,0.10493494,0.03497831,0.03497831,0.0,0.0,0.03497831,0.03497831,0.03497831,-0.00231255,-0.03255516,0.00674623,-0.01171224,0.00491096,-0.01442668
0.06852312,0.06852312,0.06852312,0.10278468,0.0,0.06852312,0.03426156,0.03426156,0.06852312,0.06852312,0.06852312,0.03426156,0.03426156,0.03426156,0.0,0.03426156,0.13704624,0.06852312,0.0,0.03426156,-0.02254387,-0.01729086,0.00538769,-0.00126021,0.01011254,-0.00225209
0.06863581,0.06863581,0.06863581,0.06863581,0.0,0.0343179,0.0343179,0.06863581,0.0343179,0.06863581,0.0343179,0.10295371,0.10295371,0.06863581,0.0343179,0.0,0.0343179,0.0343179,0.10295371,0.0,-0.00929282,-0.00079913,-0.00863356,-0.00900404,-0.0221891,0.02038153
0.13782075,0.0,0.06891037,0.0,0.06891037,0.13782075,0.06891037,0.27564149,0.13782075,0.0,0.0,0.0,0.0,0.0,0.0,0.06891037,0.0,0.06891037,0.0,0.0,-0.00031379,-0.01842196,0.05927277,-0.03927017,-0.03812758,0.00320513
0.15951912,0.0,0.07975956,0.0,0.07975956,0.15951912,0.07975956,0.23927868,0.15951912,0.07975956,0.0,0.0,0.0,0.0,0.0,0.0,0.0,0.07975956,0.0,0.0,0.01885307,-0.01158808,0.02216432,-0.05191882,-0.05713908,-0.03700525
0.04007031,0.0,0.0,0.08014062,0.04007031,0.16028123,0.0,0.04007031,0.12021092,0.12021092,0.0,0.0,0.0,0.08014062,0.0,0.04007031,0.08014062,0.12021092,0.0,0.0,0.00427002,0.01393108,0.04611311,-0.00549767,-0.00768541,0.02725178
0.07416879,0.0,0.07416879,0.0,0.07416879,0.14833759,0.0,0.07416879,0.14833759,0.14833759,0.0,0.0,0.0,0.0,0.0,0.07416879,0.0,0.22250638,0.0,0.0,0.02256523,-0.01182376,0.03104147,-0.05128735,-0.05128908,0.02243037
0.19419309,0.09709654,0.0,0.09709654,0.0,0.0,0.0,0.0,0.09709654,0.0,0.0,0.09709654,0.09709654,0.0,0.0,0.09709654,0.09709654,0.09709654,0.0,0.0,0.00053187,-0.01014767,0.01987674,-0.01850781,-0.00225992,0.03954135
0.0,0.13003334,0.13003334,0.0,0.0,0.0,0.0,0.13003334,0.13003334,0.0,0.0,0.0,0.13003334,0.0,0.13003334,0.13003334,0.0,0.0,0.0,0.0,0.04180854,0.07973644,0.01766004,-0.04509478,0.02583789,-0.03018152
0.04773964,0.0,0.04773964,0.04773964,0.04773964,0.04773964,0.28643787,0.0,0.19095858,0.0,0.0,0.0,0.0,0.0,0.09547929,0.04773964,0.0,0.0,0.0,0.04773964,0.06337077,0.03637888,-0.00897076,0.00861274,-0.02751733,0.02107245
0.15396385,0.0,0.05132128,0.0,0.05132128,0.0,0.05132128,0.20528513,0.05132128,0.15396385,0.0,0.0,0.10264257,0.05132128,0.0,0.05132128,0.0,0.05132128,0.0,0.05132128,0.00961653,0.00257849,0.00724116,-0.03082755,-0.02295202,0.00791773
0.10609845,0.05304922,0.0,0.0,0.05304922,0.05304922,0.0,0.0,0.15914767,0.0,0.05304922,0.0,0.0,0.05304922,0.15914767,0.0,0.0,0.0,0.10609845,0.0,-0.00455617,-0.03699899,0.08387366,0.05814827,0.03872246,0.06507242
0.11954364,0.0,0.07969576,0.03984788,0.07969576,0.07969576,0.0,0.0,0.11954364,0.1992394,0.0,0.0,0.11954364,0.0,0.0,0.0,0.03984788,0.11954364,0.0,0.0,0.02976554,0.01786347,0.02120488,-0.04183638,-0.05274213,0.02954764
0.10316062,0.0,0.05158031,0.0,0.05158031,0.10316062,0.05158031,0.20632124,0.10316062,0.10316062,0.05158031,0.0,0.10316062,0.0,0.0,0.05158031,0.0,0.05158031,0.0,0.05158031,0.00747561,-0.01421574,0.00328585,-0.0390198,-0.04534447,0.00463205
0.0401044,0.0,0.0,0.08020881,0.0,0.16041762,0.0,0.12031321,0.12031321,0.16041762,0.0,0.0,0.0,0.08020881,0.0,0.0401044,0.08020881,0.0401044,0.0,0.0,0.00229259,0.01658939,0.04326607,-0.00685256,-0.00478067,0.0270839
0.09966927,0.0,0.0,0.04983464,0.0,0.19933855,0.0,0.0,0.14950391,0.29900782,0.0,0.0,0.04983464,0.0,0.0,0.04983464,0.0,0.04983464,0.0,0.04983464,0.00234065,0.00427476,0.01648949,-0.00602224,-0.01936851,0.00559311
0.09233735,0.0,0.0,0.04616868,0.0,0.1846747,0.0,0.0,0.1846747,0.27701205,0.0,0.0,0.04616868,0.0,0.0,0.04616868,0.0,0.04616868,0.0,0.04616868,0.00201277,0.00486225,0.01415629,0.00670974,-0.00292802,0.00564478
0.0367514,0.0,0.07350279,0.0,0.0,0.11025419,0.0,0.07350279,0.07350279,0.22050838,0.0,0.0367514,0.07350279,0.0,0.0,0.0367514,0.07350279,0.11025419,0.0,0.0,0.03268501,-0.01166857,0.02454419,0.02203126,-0.00993926,0.02356244
0.04621061,0.0,0.0,0.04621061,0.0,0.23105305,0.0,0.04621061,0.18484244,0.23105305,0.0,0.0,0.04621061,0.0,0.0,0.04621061,0.0,0.04621061,0.0,0.04621061,0.00123535,0.00414759,0.01701976,0.00577402,-0.00516163,0.0065621
0.13664849,0.0,0.0,0.0,0.0455495,0.18219798,0.0,0.13664849,0.09109899,0.13664849,0.0,0.09109899,0.0455495,0.0,0.0,0.0455495,0.0,0.0,0.0,0.0,0.01211137,-0.0036828,0.03184102,0.00433328,0.00824699,0.03616023
0.12744964,0.0,0.0,0.0,0.04248321,0.16993286,0.0,0.12744964,0.12744964,0.12744964,0.0,0.08496643,0.04248321,0.0,0.0,0.04248321,0.0,0.0,0.0,0.0,0.01112954,-0.00258723,0.02862768,0.01530127,0.02138149,0.03399974
0.03989258,0.0,0.0,0.07978516,0.0,0.11967774,0.0,0.07978516,0.11967774,0.1994629,0.0,0.0,0.0,0.07978516,0.0,0.03989258,0.07978516,0.07978516,0.0,0.0,0.01145744,0.01851616,0.01955297,0.00472178,0.00181933,0.026403
0.04172539,0.0,0.0,0.08345078,0.04172539,0.16690155,0.0,0.04172539,0.08345078,0.16690155,0.0,0.0,0.0,0.08345078,0.0,0.04172539,0.12517616,0.08345078,0.0,0.0,0.00478141,0.00803517,0.04185225,-0.01686256,-0.02132738,0.02383718
0.08409191,0.0,0.08409191,0.0,0.08409191,0.12613787,0.0,0.08409191,0.12613787,0.08409191,0.0,0.0,0.0,0.08409191,0.0,0.04204596,0.08409191,0.04204596,0.04204596,0.0,-0.00726831,0.02176098,0.02188802,0.00058622,-0.00398013,-4.375e-05
0.08348916,0.0,0.08348916,0.0,0.04174458,0.12523374,0.0,0.12523374,0.12523374,0.08348916,0.0,0.0,0.0,0.08348916,0.0,0.04174458,0.08348916,0.04174458,0.04174458,0.0,-0.00965144,0.02727673,0.01867357,0.00028575,0.0019902,0.00129983
0.08367964,0.0,0.08367964,0.0,0.04183982,0.12551946,0.0,0.08367964,0.12551946,0.12551946,0.0,0.0,0.0,0.08367964,0.0,0.04183982,0.08367964,0.04183982,0.04183982,0.0,-0.01170745,0.02733896,0.01871617,3.895e-05,0.00199474,0.00130279
0.0,0.0,0.0,0.0,0.0,0.08131144,0.0,0.0,0.0,0.0,0.0,0.0,0.0,0.0,0.32524577,0.08131144,0.0,0.0,0.0,0.0,0.18785383,0.09193495,0.00725949,0.15550813,0.07925426,-0.00967931
0.0,0.0,0.0,0.0,0.0,0.07272038,0.0,0.0,0.0,0.0,0.0,0.0,0.0,0.07272038,0.29088154,0.07272038,0.0,0.07272038,0.07272038,0.0,0.13624873,0.07129697,0.01579187,0.09283754,0.06124656,-0.03190513
0.0,0.0,0.0,0.0,0.0,0.15867062,0.0,0.15867062,0.07933531,0.39667655,0.0,0.0,0.0,0.0,0.0,0.07933531,0.07933531,0.0,0.0,0.0,0.03954707,0.0061544,0.02097828,-0.01217162,-0.02471073,0.01817889
0.15920778,0.0,0.07960389,0.0,0.0,0.07960389,0.0,0.23881167,0.15920778,0.23881167,0.0,0.07960389,0.0,0.0,0.0,0.0,0.0,0.0,0.07960389,0.0,-0.02816312,-0.02485834,-0.0063121,-0.02936309,-0.05832497,0.03256715
0.12982986,0.0,0.12982986,0.06491493,0.0,0.12982986,0.12982986,0.06491493,0.06491493,0.0,0.06491493,0.0,0.06491493,0.0,0.0,0.06491493,0.0,0.06491493,0.0,0.06491493,0.00985876,0.0101752,-0.00827587,-0.01944109,-0.01267956,-0.01827634
0.0,0.0,0.0,0.0,0.0,0.0,0.0,0.0,0.47972214,0.0,0.0,0.0,0.0,0.0,0.0,0.0,0.0,0.0,0.0,0.0,0.11525325,0.14027555,0.00461013,0.11525325,0.14027555,0.00461013
0.0,0.0,0.0,0.0,0.0,0.0,0.0,0.0,0.30333225,0.30333225,0.0,0.0,0.0,0.0,0.0,0.0,0.0,0.0,0.0,0.0,0.11400318,0.09695105,0.0035045,0.09402693,0.08192311,0.00292672
0.19180764,0.0,0.0,0.0,0.06393588,0.06393588,0.0,0.0,0.31967941,0.0,0.0,0.12787176,0.06393588,0.0,0.0,0.06393588,0.0,0.0,0.12787176,0.0,-0.00171109,0.00386957,0.06014474,-0.0388321,-0.06129369,0.01484847
0.19666935,0.0,0.0,0.0,0.0,0.06555645,0.0,0.0,0.2622258,0.0,0.0,0.1311129,0.06555645,0.06555645,0.0,0.06555645,0.0,0.06555645,0.1311129,0.0,-0.00508298,-0.00087339,0.07293374,-0.05038407,-0.07265228,0.00715577
0.3792496,0.0,0.0,0.0,0.0,0.0,0.0,0.0,0.56887441,0.3792496,0.0,0.0,0.0,0.0,0.0,0.0,0.0,0.0,0.0,0.0,-0.03600169,-0.0024729,-0.00475863,-0.15943154,-0.09464663,-0.03006222
0.0,0.0,0.0,0.0,0.0,0.0,0.0,0.0,0.48269204,0.48269204,0.0,0.0,0.0,0.0,0.0,0.0,0.0,0.48269204,0.0,0.0,-0.09233295,-0.08412598,-0.00643308,-0.14463177,-0.11362019,-0.00693215
0.12496373,0.0,0.0,0.0,0.04165458,0.0,0.0,0.08330916,0.29158204,0.08330916,0.0,0.0,0.04165458,0.0,0.0,0.16661831,0.12496373,0.08330916,0.04165458,0.0,-0.00105399,-0.00916451,0.03075731,-0.07069497,-0.04552155,0.01265869
0.0,0.0,0.0,0.0,0.0,0.0,0.0,0.0,0.48084089,0.48084089,0.0,0.0,0.0,0.0,0.0,0.0,0.0,0.0,0.0,0.0,-0.20719434,-0.13813597,-0.00566431,0.20842529,0.17453082,0.00635672
0.0,0.0,0.0,0.0,0.0,0.0,0.0,0.0,0.48084089,0.48084089,0.0,0.0,0.0,0.0,0.0,0.0,0.0,0.0,0.0,0.0,-0.20719434,-0.13813597,-0.00566431,0.20842529,0.17453082,0.00635672
0.0,0.0,0.0,0.0,0.05913036,0.17739107,0.0,0.0,0.0,0.05913036,0.0,0.0,0.05913036,0.0,0.29565178,0.0,0.23652142,0.11826071,0.0,0.05913036,-0.05765064,-0.01367247,-0.0291512,0.03978593,0.01259388,-0.0162519
0.0,0.05899022,0.05899022,0.0,0.0,0.05899022,0.0,0.05899022,0.11798043,0.0,0.0,0.0,0.17697065,0.0,0.17697065,0.11798043,0.0,0.11798043,0.0,0.0,-0.00914521,0.03583459,0.01068871,-0.01466598,0.02238055,0.01106387
0.0,0.0,0.0,0.0,0.0,0.0,0.0,0.0,0.15029183,0.0,0.15029183,0.15029183,0.0,0.0,0.45087549,0.0,0.0,0.15029183,0.0,0.0,-0.04230965,-0.00253718,-0.00653319,-0.00461847,0.00323819,0.00071749
0.0,0.0,0.0,0.0,0.13701927,0.0,0.0,0.0,0.0,0.0,0.0,0.0,0.13701927,0.0,0.27403855,0.0,0.0,0.0,0.20552891,0.0,0.06496988,0.05134619,0.08129449,-0.0296544,0.02401324,0.05442459
0.0,0.0,0.0,0.0,0.0,0.0,0.0,0.0,0.0,0.0,0.0,0.0,0.0,0.1151964,0.34558919,0.0,0.0,0.0,0.2303928,0.0,0.02369221,-0.05028876,0.11681744,0.05889877,0.01270731,0.14699464
0.0,0.09904736,0.0,0.0,0.09904736,0.09904736,0.0,0.0,0.0,0.0,0.0,0.09904736,0.0,0.19809471,0.09904736,0.0,0.09904736,0.0,0.09904736,0.0,0.02752947,0.00213051,0.04075823,0.01018645,-0.01172607,0.03969521
0.0,0.12106732,0.0,0.0,0.12106732,0.24213464,0.0,0.0,0.12106732,0.0,0.0,0.12106732,0.0,0.0,0.12106732,0.0,0.12106732,0.0,0.12106732,0.0,0.03093255,-0.00436796,-0.2003472,-0.04372588,-0.04494002,0.17284262
0.0,0.1187619,0.0,0.0,0.1187619,0.1187619,0.0,0.0,0.1187619,0.0,0.0,0.1187619,0.0,0.2375238,0.0,0.0,0.1187619,0.0,0.1187619,0.0,-0.03681411,-0.01796749,0.00710924,0.01190249,-0.00233316,-0.03075407
0.0,0.10555272,0.0,0.0,0.10555272,0.0,0.0,0.0,0.10555272,0.0,0.0,0.10555272,0.0,0.21110545,0.10555272,0.0,0.10555272,0.0,0.10555272,0.0,0.02865361,-0.0076093,0.01219649,-0.01676434,-0.03898695,0.07253598
0.04617046,0.04617046,0.0,0.0,0.0,0.18468183,0.0,0.04617046,0.0,0.0,0.0,0.09234091,0.09234091,0.0,0.13851137,0.0,0.0,0.23085228,0.0,0.09234091,-0.02223828,-0.00848237,0.03623561,0.00101704,0.00123086,0.02265754
0.0,0.0,0.0,0.0,0.13617037,0.0,0.0,0.0,0.0,0.06808519,0.0,0.0,0.13617037,0.0,0.27234075,0.0,0.0,0.06808519,0.20425556,0.0,0.03721582,0.05402991,0.06187786,-0.09023831,-9.575e-05,0.05210306
0.35829546,0.0,0.0,0.0,0.0,0.0,0.0,0.0,0.0,0.35829546,0.0,0.0,0.0,0.0,0.35829546,0.0,0.0,0.0,0.35829546,0.0,-0.14754607,-0.12751547,-0.04778681,-0.02263711,0.08394863,-0.17164502
0.0,0.16108464,0.0,0.0,0.0,0.08054232,0.0,0.16108464,0.08054232,0.0,0.0,0.08054232,0.0,0.0,0.16108464,0.0,0.08054232,0.0,0.0,0.08054232,0.08643745,0.04075441,0.00087533,0.01705188,0.0049112,-0.03599579
0.0,0.15465414,0.0,0.0,0.0,0.07732707,0.0,0.0,0.07732707,0.0,0.07732707,0.07732707,0.0,0.07732707,0.23198122,0.0,0.07732707,0.0,0.0,0.07732707,0.07486413,0.01901402,0.00926575,0.01669522,-0.01165381,-0.0361102
0.07761031,0.07761031,0.0,0.0,0.0,0.03880516,0.0,0.03880516,0.11641547,0.03880516,0.03880516,0.0,0.03880516,0.03880516,0.19402578,0.03880516,0.03880516,0.03880516,0.07761031,0.0,0.00229215,-0.01613146,0.05531262,0.00997198,0.01220965,0.04382649
