0.33765,0.14167857,-0.08620918,-0.01850204,0.09453061,-0.14113469,-0.01669011,-0.2302522,-0.02714725,0.10921656,-0.30066044,0.15991162
-0.77592964,-0.75063407,-0.65885402,0.53850249,-0.62969197,0.46695125,-0.63325869,-0.41361448,-0.43962975,0.22786302,-0.43187004,0.4002829
2.70573061,-0.78553469,2.70573061,0.82675102,-0.78553469,0.82675102,-2.81846939,0.81826531,-2.81846939,-0.86119898,0.81826531,-0.86119898
2.728,-0.792,2.728,0.83355556,-0.792,0.83355556,-2.7962,0.8118,-2.7962,-0.85439444,0.8118,-0.85439444
-0.25387857,0.13199286,0.02998316,-0.24115612,0.08151735,-0.31898776,-0.22803132,0.03758681,-0.42560934,0.18033878,-0.14731648,0.12711405
0.37455679,-0.06339751,0.11251607,0.11017493,0.1786036,-0.13638615,0.09373719,-0.02238333,0.37107318,0.10107377,-0.18988945,0.29529894
0.34041551,0.05420055,0.51972909,-0.07970111,-0.49634017,0.43299723,-0.1181247,-0.20679931,-0.14187996,0.07819218,0.18995508,-0.07776951
0.14448037,-0.12663212,0.2663605,0.104978,-0.04975506,-0.05400506,0.25407505,0.07561373,0.26651056,-0.10541031,-0.16855416,0.12548758
0.00831453,0.0361359,0.14213675,-0.03770769,-0.03751966,0.04313675,0.44968889,0.13859766,0.45057661,-0.06345556,-0.04428216,0.06803304
-0.18754404,-0.28009834,-0.17688199,0.12221607,-0.35228283,0.30299114,0.135242,0.15158593,0.15152387,-0.05605897,0.04819471,-0.01673178
0.02478235,-0.13242941,0.20161194,0.09988754,0.06004879,-0.03691168,0.50402861,0.23936943,0.42982977,-0.21659894,-0.00575383,0.06442557
0.34902016,0.24233502,0.20285355,-0.08952261,0.39713078,-0.26510302,0.23861938,-0.09479789,0.11253434,0.11615373,0.00964993,-0.09119283
0.39534194,-0.37586129,0.19015473,0.28003736,0.22527451,-0.19996472,0.47630914,0.45598925,0.41937634,-0.49118217,0.00742097,-0.05174593
0.05224541,-0.08489898,0.1474699,0.0726199,0.03871224,-0.02869439,0.43014957,0.18492808,0.45860949,-0.14997453,-0.08671755,0.09053923
0.03563939,-0.13684187,0.21224545,0.10307851,0.12856768,-0.0992303,0.52063134,0.24662332,0.44007632,-0.22327466,-0.05290007,0.06128035
0.12508892,-0.23676974,0.13963366,0.15369737,0.12371974,-0.10858684,0.43605696,0.17263979,0.38786186,-0.13276558,-0.08537415,0.10206935
0.27397494,-0.3334671,0.22118498,0.23840147,0.19950588,-0.16349951,0.45364001,0.4227898,0.470218,-0.46339894,0.02134123,-0.04030894
0.02492986,-0.132275,0.19956389,0.11468765,0.04853333,-0.03147546,0.48079996,0.16581726,0.39637623,-0.14989728,-0.03149226,0.0856286
0.20492479,-0.29308326,0.17877378,0.23929733,0.04467506,-0.04541605,0.29647036,0.21472552,0.32200097,-0.25437515,-0.08090514,0.06094818
0.2460645,-0.19462183,0.2074497,0.17505996,0.01026995,-0.13560868,0.2881581,0.00512649,0.3330664,-0.01871476,-0.28019483,0.18266014
-0.088241,0.1373133,0.12631634,0.03339584,-0.30684765,0.11025873,0.20488837,-0.12645032,-0.04024818,-0.09967101,0.19528184,-0.01327656
0.29049792,-0.1140162,0.24335845,0.0837849,-0.13410305,-0.00317562,-0.03504195,-0.19400776,0.15819774,0.19492932,-0.2938466,0.27811944
-0.15271053,0.05320526,0.34440886,-0.05213961,0.09454737,-0.05391053,0.70490906,0.20631667,0.27133596,-0.23940029,0.20346667,-0.0745652
0.20487371,-0.17485009,0.18426633,0.17536847,-0.12715943,0.01791237,0.15267592,-0.07035816,0.31108696,0.0464376,-0.27424347,0.2282237
0.07402632,-0.18768421,0.18839363,0.11539114,-0.07594349,0.07502576,-0.09588713,-0.00426725,-0.13228947,0.05060354,0.1958076,-0.14669295
-0.02164903,0.14632188,0.09001607,-0.1077446,-0.27849252,0.1910662,0.12633443,-0.26449243,0.01543677,0.38244658,0.15429558,-0.10601687
0.01914293,-0.19358216,0.20711522,0.10485505,0.18358847,-0.14452331,0.61756493,0.31457313,0.54777823,-0.31827857,0.07423471,-0.01425738
0.23308892,-0.34694467,0.17873934,0.24512355,0.15995125,-0.12849681,0.36593809,0.35813256,0.41829122,-0.41161035,0.01183818,-0.01513468
0.2034345,-0.0382055,0.210297,0.01974756,-0.1676805,0.08768506,0.07111492,-0.1881379,0.21662576,0.21538173,-0.25883437,0.22591878
0.18794122,0.09849034,0.13212308,0.02326785,0.36132308,-0.30715746,-0.06136853,0.0250563,0.06854098,0.00712035,0.04727782,0.03761941
0.24788382,0.09742941,0.25779014,-0.06943616,0.01779472,-0.05976029,-0.01943619,0.10133373,-0.22810321,0.13318397,-0.17983373,0.03099431
0.42393564,-0.00298945,0.40334706,-0.00651055,0.04608088,-0.04955467,0.02892479,0.09640567,-0.18054224,0.07096759,-0.23683096,0.08749184
0.24090242,0.07145986,0.27940138,-0.06997716,0.01180502,-0.0536083,0.03334297,0.12902672,-0.23868546,0.08777833,-0.18631214,0.03574196
0.37755631,-0.01949827,0.31162353,0.0160763,-0.00253529,0.00035709,-0.09588639,0.06775232,-0.22152178,0.07966215,-0.2195073,0.07500127
0.1885218,0.07458434,0.23010294,-0.05006384,0.00763529,-0.05231972,-0.027425,0.08944973,-0.25902598,0.13215724,-0.19116293,0.0377945
0.36450484,-0.00205796,0.33835484,-0.00488304,0.04472734,-0.04792716,0.02502261,0.07057623,-0.20521848,0.12443759,-0.24701218,0.08602288
0.26952682,0.06453581,0.25186505,-0.0575827,0.02451756,-0.05061073,0.01076661,0.09802261,-0.26014675,0.10269984,-0.18725725,0.0351346
0.3129801,0.0383263,0.27754083,-0.03675545,0.04418166,-0.04756228,0.06151895,0.06992382,-0.23907267,0.12521094,-0.22385817,0.06750934
0.39890588,-0.00322353,0.32169048,-0.0058686,0.00469723,-0.01428547,0.0311795,0.09701497,-0.14651257,0.06257443,-0.21077148,0.0573403
0.11304583,0.23933472,0.10974583,-0.10072309,0.48249583,-0.3314651,-0.24381117,0.20140779,-0.07544831,-0.16447421,-0.0957971,0.16325514
-0.11333632,0.00350176,-0.18770432,-0.00678608,-0.13827424,0.06077392,0.19486349,0.24992691,0.21951032,-0.10304059,0.32110141,-0.23920559
0.03060139,-0.08996944,-0.04012361,0.03578056,0.17631389,-0.06442778,0.35773043,-0.16955556,0.35543043,0.11961414,-0.17111919,0.10676869
-0.43286223,-0.15767328,-0.61288196,0.21949544,-0.10781151,0.07789889,-0.23268146,0.00535841,-0.38929766,0.15479544,-0.0353539,0.07936553
0.142981,-0.002295,0.222425,-0.065385,-0.42188,0.426566,0.25354589,-0.58444711,0.182587,0.40853422,-0.16537156,0.07688089
0.03793594,0.05769297,0.13543906,-0.02041211,-0.33872969,0.31588516,0.22950005,-0.44354911,0.16059005,0.29241852,-0.11871995,0.06528227
0.246224,0.690264,0.380884,-0.394284,0.679676,-0.393796,-0.165346,-0.200484,0.089419,0.037204,-0.236019,0.087099
0.30439844,-0.03993437,0.52041094,0.04900312,-0.10003437,0.20110312,-0.28542879,0.03700223,-0.04481987,0.1922808,0.1230808,-0.01895134
0.02420625,-0.19711563,-0.25522031,0.43439063,0.00458594,-0.13621875,0.21411629,0.04849754,-0.08118013,-0.17062433,-0.22263638,0.22794174
0.05063438,-0.5559625,-0.2257875,0.4660875,-0.3719625,-0.09213594,0.24308304,-0.03047991,-0.63162411,0.37441741,-0.12165491,0.14230313
-0.658875,-0.33408333,-0.48795972,0.43884167,-0.31717431,0.36273056,-0.54822803,-0.14843144,-0.37346439,0.12343725,-0.25597462,0.38103952
-0.75516,-0.95926,-0.53196,0.493272,-0.96004,0.700848,-0.18042,0.00542,0.37758,-0.350424,0.00347,0.168516
-1.10006758,-0.60548555,-0.97354688,0.40021836,-0.8349125,0.61531562,-0.85809174,-0.31285646,-0.67494091,0.10003396,-0.68174896,0.60192313
-1.09566667,-0.91158333,-0.9765,0.4929,-1.478,1.01657222,-0.763,-0.17373333,-0.372,-0.15045333,-0.8543,0.70859333
-1.23286735,-1.22107143,-1.05373469,0.69557143,-1.34604082,0.93799388,-0.80172279,-0.30814796,-0.4587466,0.02449014,-1.08462415,0.87426156
-1.27834375,-1.0231875,-1.11065469,0.574075,-1.46142344,1.04988125,-1.19060826,-0.22517522,-0.76303683,-0.0129404,-0.94723772,0.78817567
-1.38284815,-0.8536037,-1.22184568,0.46732099,-1.28375556,0.92087778,-1.15709213,-0.09989583,-0.75461157,-0.08591528,-1.165525,0.947125
-1.268459,-0.813699,-1.09828,0.455531,-1.15547,0.827593,-1.05655656,-0.10734189,-0.66115433,-0.062113,-1.03664856,0.84048478
-1.16116694,-0.76265041,-1.00981736,0.4413124,-1.06786777,0.7669405,-1.03314983,-0.30005083,-0.67103347,0.09637843,-0.90507174,0.73892116
-1.11215556,-0.70398889,-0.98908542,0.40819167,-1.13288194,0.78966111,-0.94068201,-0.26088851,-0.62860322,0.08185871,-0.82766048,0.67446402
-1.15181633,-0.52454694,-1.00642296,0.29815204,-0.97200969,0.67764694,-0.91986809,-0.12118254,-0.6109593,0.00584415,-0.86239462,0.69497162
-1.38486875,-0.77934375,-1.18521562,0.44544375,-1.01460938,0.78258125,-0.88090446,-0.60150982,-0.38873304,0.32175804,-0.66857768,0.63360446
-0.64908,-0.6043,-0.389112,0.23436,-0.778408,0.602464,-0.18107,0.003245,0.33294,-0.269514,0.00251,0.169036
-1.24492963,-1.1285,-1.03313704,0.77653333,-0.87364691,0.67361975,-1.02711944,-0.46857407,-0.57683194,0.23845741,-0.6461463,0.60125463
-0.95890278,-1.23027778,-0.67685,0.82055,-0.7396,0.57151667,-0.56989833,-0.29171333,0.051495,0.04134,-0.21931667,0.31789
-1.28483673,-1.07943878,-1.0276102,0.72184898,-0.73502041,0.56760408,-0.68614014,-0.91060646,-0.0864449,0.61542959,-0.31371361,0.36660816
-0.03532755,0.06240102,0.08351173,0.00921888,0.17072551,-0.10496735,0.38982457,-0.12916107,0.1580438,0.29373564,-0.00506546,0.01163509
0.13915,0.43095,0.09025765,-0.33870204,0.11730357,0.11228571,0.36905632,-0.10778269,0.05462775,0.00623104,0.25943654,-0.2539794
0.09041067,0.025144,0.09041067,-0.02248178,0.025144,-0.02248178,0.0158379,0.02498076,0.01356648,-0.02376203,0.00545219,0.01628083
0.13858571,-0.00233571,-0.06147755,0.01995306,-0.14053571,0.156325,-0.24526813,0.304,0.04604615,-0.20596484,-0.28188462,0.21966154
0.2073898,-0.10902194,0.12535816,0.10435255,-0.1932602,0.28093265,-0.34057068,0.07688458,0.19043316,-0.37926903,-0.15310718,0.27383976
-0.23179184,0.03157245,-0.09246429,-0.18257143,0.46251939,-0.06714592,0.88164945,0.28025212,0.64584835,-0.0111989,0.11815542,-0.6635022
0.2752898,0.12431735,0.3583449,0.07875204,-0.01716735,0.1141102,-0.15352575,0.06741884,-0.43228399,0.26081586,-0.02521743,0.07772575
0.3334,0.14987143,0.48139745,-0.02931837,0.18573622,-0.03082602,-0.04019835,0.26680275,-0.11799176,-0.08076464,0.24956758,-0.06787398
-0.13689796,-0.14610102,-0.16084898,0.27312806,-0.17323878,0.28749337,0.10847276,-0.28346224,0.00319474,0.00027162,-0.3757106,0.16849195
0.08236582,0.01645969,0.07795663,-0.05342908,0.04177653,-0.07761122,-0.06155035,-0.03478163,-0.13283936,0.0836383,-0.06099262,0.07076468
0.18875731,0.00064887,0.04347337,0.02608609,0.29276385,-0.20542925,-0.03906869,-0.19931612,-0.30492079,0.13560088,-0.25404099,0.15307748
-0.28163571,-0.23734286,-0.14842347,0.13685408,-0.50553776,0.22064133,0.14102527,0.23096374,-0.00602418,-0.47706735,-0.63636264,0.4274898
0.06763571,-0.05572551,-0.00454847,0.11660102,-0.0135699,-0.09957857,0.0047237,-0.17889278,-0.03455871,0.2158133,0.30799294,-0.23469988
-0.02984167,-0.00605833,-0.06445309,0.21779136,-0.1197892,0.13202932,-0.01507157,0.1550652,-0.29296863,0.074852,0.2511299,-0.06276598
-0.11487755,0.07494796,0.39541378,0.01313061,-0.06512092,0.05249031,0.51602096,0.11195487,-0.29030871,-0.02927053,-0.06881986,0.01311849
-0.14507806,-0.05797806,0.08919388,0.02667551,-0.01831173,0.09471378,0.06379937,-0.36312767,-0.34380392,0.36943359,-0.10082932,-0.05763673
0.07892041,0.00211735,0.14143571,0.34370408,0.26895714,-0.17567245,-0.07801311,0.242923,0.22429733,-0.37273206,-0.02065887,-0.00868371
-0.02229286,-0.09053571,-0.03727041,0.36117143,0.33548265,-0.35987857,-0.05297319,-0.01014498,0.42086692,-0.08284686,-0.09878014,0.04410589
-0.16767143,-1.00298571,-0.39614796,0.49307551,-0.31675714,0.10653571,0.33461758,-0.45664615,0.03634286,0.42152198,0.44380769,-0.49317692
-0.21963776,-0.1559898,-0.16484286,0.178325,-0.08200612,0.1118801,-0.00374066,-0.05670283,0.07573736,-0.07669148,-0.02534568,-0.01893104
0.54187449,0.17977245,0.50312551,0.08911837,-0.06079592,-0.09300918,-0.07802669,-0.04304317,0.36599749,0.04805589,-0.01154867,0.36842182
0.06859796,0.21536327,-0.22547704,-0.01974337,-0.21151122,0.37658367,0.36906947,0.2802697,0.24587716,-0.28402889,-0.24649074,0.21922166
0.03799847,-0.10677704,0.1362551,-0.05720255,-0.08630918,-0.00073673,0.02900153,-0.08242567,0.21415867,0.077323,-0.02095534,-0.07823744
-0.00215,-0.1337102,-0.20205051,0.39921735,0.10290459,0.25257857,0.02625035,0.09065726,0.13562013,-0.2672188,-0.4252823,0.28638505
-0.06552857,-0.26426786,-0.33765867,0.1644648,-0.33268061,0.24581122,-0.27926456,0.31494341,0.05295357,-0.28576727,-0.29304011,0.19817449
0.12565,0.16366667,0.68813542,-0.3671,0.24381875,-0.16109028,0.18086705,0.51836098,0.02659432,-0.24667936,0.10594129,-0.13166193
-0.11081531,-0.05550714,-0.05970714,0.01517143,-0.11890714,0.15534694,0.12998242,-0.02066892,0.17747582,0.07647363,-0.01109639,0.10561648
0.38002857,-0.29449643,0.4357949,-0.04301582,-0.27500714,0.05755714,-0.19691181,0.12895577,0.01003159,-0.10555247,0.11204038,-0.13465852
0.11737857,0.00505816,-0.21754439,0.14670051,-0.07351327,0.19235,0.2512821,-0.03458807,-0.22458273,0.00032849,0.04306358,0.12047245
0.19262268,-0.13708662,-0.09527982,0.2143263,0.40240862,-0.31393583,0.82661533,0.21756907,0.919967,-0.24874351,-0.38601188,0.33219244
0.00371429,-0.45257857,0.02814337,0.31780816,0.47629592,-0.50032347,0.36171676,-0.18476099,0.17228379,0.24545612,0.66409121,-0.36316641
0.45597041,-0.29929082,-0.09814286,0.47283367,0.04529643,-0.20465306,-0.16017794,0.00511158,-0.01926091,0.21899859,0.17616213,-0.01734152
-0.03508827,0.02987755,0.02034031,-0.02354082,-0.05888673,0.05570204,0.00508442,0.13198179,0.02908497,-0.00905479,0.18699662,-0.04364325
0.3107449,0.2940898,0.08236633,-0.24923673,0.28959898,-0.11208367,0.19043909,-0.07732779,-0.12978509,0.19742316,0.07793815,0.12265777
0.55271939,0.18451429,0.62550714,5.714e-05,0.13815,-0.14407551,-0.4615427,0.18855322,-0.38619215,0.10346295,-0.08326327,0.10305086
-0.00896735,-0.00230408,-0.18183571,0.4409551,0.19545714,0.33103878,0.05798006,0.20719592,0.18890863,-0.39554929,-0.32835793,0.14372543
-0.30081,-0.440905,-0.25710137,0.39988625,-0.04595319,0.1380075,-0.26618321,0.17439686,-0.11895949,-0.04243509,0.13859077,-0.0481324
0.61220204,-0.20829388,-0.10583061,0.21150867,-0.11683367,-0.0370898,-0.12517763,-0.2119394,0.34733556,0.44000196,0.15091554,-0.16237716
-0.03462143,-0.3453398,0.14213418,0.25181173,-0.72807398,0.65872143,-0.13799529,0.17468367,-0.2933332,-0.11334235,-0.07174655,0.12118787
-0.1297,0.04564439,0.43428367,0.03212959,-0.21325204,0.22998571,-0.16147135,0.01590832,-0.15914882,-0.11542119,-0.19023069,0.41687881
0.19819082,-0.23707959,0.14128724,0.27477755,0.1166148,0.00270408,0.12229062,-0.04341668,-0.2895352,0.05525914,-0.05679086,0.00978332
0.47865306,-0.24284082,0.43049796,0.31582449,0.49179898,-0.3010102,-0.03961001,0.59677892,0.2177856,-0.62576142,-0.43518591,0.19184078
0.37827194,0.45236122,0.22752959,-0.21334898,0.34206531,-0.34794541,0.25983995,0.18215232,0.76802182,-0.25108053,-0.2488345,0.28037826
0.17036939,-0.32524694,0.12532449,0.3796949,-0.01801276,-0.01589949,0.20322433,0.02450063,-0.04671633,-0.08229482,0.13684953,-0.02283328
-0.21059643,-0.27973878,0.07363316,0.19588776,0.12778827,-0.03371786,0.05381001,0.15945922,0.09118913,-0.10426833,0.2489279,-0.19450404
0.07675,-0.01429694,0.22060663,-0.19003673,-0.28325102,0.25205714,-0.29646821,0.11793281,-0.31846491,-0.11193163,0.10309655,0.0242865
0.01903265,-0.13654082,-0.0665602,0.11697092,-0.05253265,-0.00479898,-0.03521695,0.08806421,0.02278799,-0.02291633,0.08968838,0.00313312
0.08870357,-0.020475,-0.18311939,0.12379286,-0.04005816,-0.1613102,0.16510989,0.21889505,0.12406978,-0.23797959,0.0843478,-0.15105542
0.05724184,-0.30239286,0.30045408,0.20070714,0.32439184,-0.07920408,-0.11174662,0.45313391,0.09735887,-0.37382606,-0.53406609,0.51127504
0.4052,0.029425,0.51893776,0.0393148,0.07107449,-0.19674388,0.10050742,0.31659093,-0.18074423,-0.05985326,-0.06303269,0.19724509
0.02898776,-0.24410918,0.16005867,0.21835051,0.05995153,-0.0250648,0.37493579,0.47588524,0.36859458,-0.35777186,0.102577,-0.21821087
0.43150781,-0.03372031,0.09550312,-0.04106484,0.47707187,-0.44116641,0.14089047,-0.17363349,-0.13169911,0.20983237,-0.23841641,0.1274532
-0.35189796,0.283325,0.38280918,-0.33742857,0.04336071,0.0341,0.16977598,0.0153239,-0.05046303,0.00707527,0.1746739,0.03550989
0.04825741,-0.22829938,0.13197901,0.17949568,0.03950401,-0.11341296,0.9271894,-0.05270832,0.56831685,0.07900167,0.4025077,-0.33672415
0.12021122,0.46233367,0.32936837,-0.59028367,0.37926888,-0.29544388,0.02341381,-0.25468308,-0.45665651,0.21808666,0.16809659,0.03342402
-0.48564706,0.06713633,-0.48564706,0.00247059,0.06713633,0.00247059,0.31689706,0.13255337,0.22802206,-0.06059559,0.27939014,-0.12978309
0.58506531,-0.06880204,0.61327704,0.09595867,-0.0929852,-0.17449082,-0.4726237,0.01879545,-0.21718964,-0.00426087,0.03725149,0.14461935
0.08569796,0.11185969,0.10066786,0.06850357,0.4248602,-0.23433163,0.46124863,-0.22591256,0.42304643,0.14377253,-0.57871146,0.24178352
-0.40552347,0.34200204,0.16849184,-0.2817551,-0.10194184,0.10116633,0.22122622,-0.0194394,-0.14832268,0.08245181,0.0187595,0.15672104
0.32506582,-0.13341735,0.09603878,-0.06005918,-0.36336173,0.30159133,-0.47409608,-0.1076699,-0.18586421,-0.18280392,-0.27192649,0.36875432
0.30466582,-0.31707908,-0.30397857,0.48104694,0.32825,-0.24828929,0.7026292,-0.27420467,0.61566766,0.26076813,0.145175,-0.14019231
0.5338,0.00524082,0.55820714,0.13204898,0.16085,-0.4463,0.24184545,-0.01035761,0.47208611,-0.1087876,-0.24504223,0.5603668
0.12994643,0.14650969,0.60168622,-0.32396276,0.07983724,0.11434643,0.23242265,0.3984487,-0.03951197,-0.14515671,0.01647233,-0.22607869
0.06588581,0.20931419,0.12925744,-0.2017045,0.03203945,0.0498218,0.32178955,-0.07508594,0.14840978,0.12475724,-0.0641944,0.16933261
0.07307143,-0.44800408,0.10436327,0.30228673,0.61848112,-0.40140357,0.84894788,0.49473524,0.8556303,-0.35676994,-0.08268344,-0.07121389
-0.14398265,0.19227653,0.10485102,-0.19538878,-0.31546327,0.38760816,-0.20192135,0.14016327,0.11477425,-0.0447584,-0.22374772,0.40873171
-0.12197143,-0.52012245,-0.15153163,0.37051939,0.06075918,0.00601429,0.3023208,0.26253046,0.19762575,-0.08989568,0.32362057,-0.20409349
-0.27249235,-0.18869847,-0.18366429,-0.00808673,-0.58117143,0.39036224,0.2087219,0.33994184,0.25231641,-0.16642606,-0.34323673,0.38097614
-0.06523673,0.46439847,0.11836531,-0.31973827,0.05231837,0.06206939,0.35844855,-0.2117679,0.17694415,0.21324874,0.3408854,-0.36508697
0.01796224,-0.07156531,0.01012296,0.05874235,0.02634133,0.00454031,0.00560204,-0.00835369,0.00185918,0.01628112,0.06403862,-0.02548646
0.25687528,0.33141633,0.09906871,-0.15743878,0.24965986,-0.13343469,-0.1134035,-0.69908054,-0.36312541,0.4610351,-0.39541483,0.12095939
0.50420816,0.06851429,0.33688929,-0.16411071,0.43023571,-0.39259184,0.03481444,-0.13605777,-0.51940369,0.26797433,-0.33398414,0.27411829
0.0215301,0.04407449,0.03006786,-0.02629286,0.02914643,-0.00273214,-0.00472445,-0.09984313,-0.03279478,0.03533654,-0.02730797,-0.00226346
0.00723469,-0.14551276,-0.03419184,0.13579388,-0.04536939,-0.07803469,-0.30025903,-0.25069827,-0.41154914,0.31553155,-0.22090542,0.28360078
0.3200699,-0.04845612,-0.05042857,0.21572755,-0.01628214,0.01387092,0.14914239,0.13715593,0.22211546,-0.0059117,-0.04095177,-0.00770785
0.02080816,-0.09487755,-0.17702857,0.19739592,0.05284286,-0.13210969,0.05349192,0.09698375,0.03770895,-0.13194297,0.07304584,-0.08435067
0.43517857,-0.06035663,0.34569898,0.01384133,0.16585204,-0.11797857,-0.08274219,0.12410114,0.34003089,-0.09864847,-0.20094776,0.23594054
0.2876801,-0.34772347,0.39114694,0.29796531,-0.15381888,-0.06908418,0.29489521,0.01257633,0.16142763,-0.04860754,-0.28222751,0.50349082
0.18856463,-0.00821383,0.3966381,-0.06713855,-0.33712381,0.23493878,0.09326971,-0.15322259,0.05482661,0.15301116,-0.05287711,0.00721354
0.45158163,-0.00892789,0.40665782,0.01785986,0.07974059,-0.13715034,-0.08764092,-0.08423456,-0.05318663,0.09264082,0.05526306,0.04746344
0.29823214,0.130425,0.09241071,-0.24168214,0.20146071,-0.08173214,-0.0024272,0.10364808,0.26866181,-0.13493764,0.186475,-0.07665357
0.07006429,0.20896633,-0.20524643,-0.06930612,-0.29991071,0.40558571,-0.06250471,0.04833485,-0.36870086,0.025571,-0.34314042,0.37073913
0.11468724,-0.10463827,0.49148622,-0.11922194,0.26027806,-0.17874745,0.32906746,0.58290671,0.05411252,-0.21052327,0.10463254,-0.11359525
0.30946429,-0.31727143,0.28381633,0.184125,-0.0750398,-0.19138673,0.22970989,0.30428791,-0.52139505,-0.11936503,-0.24038297,0.11866958
-0.06118622,0.40706276,0.34342857,-0.43926224,0.55602857,-0.23474184,-0.10441884,-0.50302496,0.18841633,0.42712449,-0.22535903,0.15732229
0.34089184,0.16768571,0.33394847,-0.11017857,0.16842908,-0.22012449,-0.36306586,-0.07368501,-0.32506366,0.038206,-0.27824105,0.5408115
0.41587031,0.27326641,0.05700469,-0.22388516,0.29894219,-0.30867656,0.16149344,0.15883594,0.5035901,-0.17649927,0.2742901,-0.24155677
-0.29347653,0.07710255,0.02074337,0.0452801,0.11784898,0.17278469,0.45013976,0.0607529,0.49791668,-0.25996672,0.0586117,-0.18154529
0.12634337,-0.0708648,0.2627102,0.07843469,-0.21805153,0.07279235,-0.15688163,0.18952076,-0.32124812,-0.40778705,-0.56732319,0.58576625
-0.27512704,0.14914133,-0.1250398,-0.37059388,-0.22128776,0.10717908,-0.4147894,-0.18243481,-0.22278061,0.11305298,-0.32130294,0.42478925
0.08059337,0.00054694,0.11004541,-0.32904184,0.13111735,-0.15204592,0.0697593,-0.10265016,-0.01014839,0.10080573,0.08224655,0.15822221
0.39550077,0.12341968,0.15608032,-0.05622662,0.12440093,-0.04705247,0.10600189,0.03150978,0.24669054,-0.03251735,0.12329105,-0.21169798
0.06903673,-0.21412194,0.3471449,0.02976327,0.63410408,-0.41748163,0.11270542,0.41635424,0.01753124,-0.17138823,0.00427512,-0.05634207
0.18989286,-0.02519133,0.19938367,-0.01834133,0.21560918,-0.25,-0.16558395,0.12602571,0.09752924,-0.07287869,-0.13904243,0.33078175
0.20322143,0.05823571,0.29875867,-0.07726429,0.1557102,-0.04799388,-0.10896264,0.44554396,0.16334835,-0.3788606,-0.05505714,0.20465973
-0.04348878,-0.23828929,-0.13588878,0.32176786,0.15368163,-0.02835816,0.06053293,-0.11977496,0.00827469,0.29060447,0.10161295,-0.03286695
-0.0154,0.03573571,0.09776429,-0.10980714,-0.15909796,0.17941224,-0.05356154,0.45026813,0.38970769,-0.35788297,-0.1335511,0.25942967
0.00307245,-0.04626429,-0.21771071,0.0636,0.00542143,-0.1268102,0.09384611,-0.00471217,0.22601095,-0.03434576,0.17890212,-0.18504576
0.74218367,0.04101633,0.23427449,0.24455612,0.21638776,-0.20797551,-0.04260487,0.40901727,0.42164788,-0.42202732,-0.2168102,0.05173093
-0.03964067,-0.163502,-0.21160667,0.15259444,0.04666533,-0.06406533,0.12250207,0.09658303,0.13727218,0.0344177,0.25040372,-0.17405011
0.11588393,0.09749286,0.06507526,-0.09819439,-0.0729199,-0.05550459,0.0483041,-0.12958651,-0.3521959,0.19899369,-0.22094392,0.11062782
-0.11329592,0.17080408,0.44180306,-0.17381327,-0.2777898,0.30863673,-0.34967174,0.18430408,-0.16610196,-0.08920997,-0.1765157,0.42393399
-0.51132857,0.1699,0.04104184,0.13348214,-0.22483878,0.19942449,-0.04786703,-0.01583187,0.27824286,0.03548548,0.05157473,0.05656295
0.24102959,0.4716,0.5237051,-0.34742857,0.08593418,-0.04814031,0.50933893,-0.23135377,0.34554443,0.05646272,0.24678744,-0.23895212
0.07957653,0.02786429,0.1476551,0.11446786,0.05722143,0.05261071,0.18845149,-0.37773297,-0.13318367,0.35703434,-0.03044725,-0.08853764
-0.21807857,-0.67713571,-0.03083316,0.12598469,-0.44783571,0.41875714,0.33031319,0.06656923,0.31126209,-0.03131484,0.32021538,-0.4702522
0.0438699,-0.28735153,-0.01659286,0.25994898,-0.09551429,0.3472801,-0.01333595,0.25281574,0.07272449,-0.07046185,0.28699156,-0.29839702
0.27874592,0.4915852,0.51183061,-0.22236327,0.12479388,-0.09702449,0.13426499,0.00825008,-0.13205369,0.104846,0.0981248,-0.24042214
0.07967755,0.34461429,0.0833102,-0.28985714,0.30543776,-0.20600612,0.10296892,-0.32311083,-0.01985306,0.24023713,0.01843203,-0.04276837
0.42064643,-0.34670255,0.38947143,0.40403571,0.34489592,-0.29233571,-0.05286868,0.27855942,0.0633011,-0.47192747,-0.01704772,0.19839011
-0.22384643,-0.30091327,-0.428525,0.54592857,-0.01802041,0.42099286,-0.07715522,0.66376931,0.13540577,-0.61155,0.16526931,-0.45563132
-0.01250448,0.04818464,-0.05070425,-0.10285697,0.18161412,-0.18515629,0.04483404,0.09898019,0.17142951,-0.02463045,0.13205284,-0.04988533
0.15206429,-0.10471582,0.04737704,0.0706801,-0.0918199,-0.08765,-0.03805954,-0.00136409,0.08799211,-0.0789425,0.28050734,-0.29560404
0.56345969,0.2623398,0.09899643,-0.07385714,0.42198724,-0.35480969,0.29188104,0.3704929,0.61567225,-0.32536841,-0.19784776,0.17386126
-0.02766939,0.15939541,-0.12047653,-0.01249031,0.18914898,0.05517755,0.13433363,-0.3947241,0.08031715,0.22843634,0.22286546,-0.10950157
0.32462593,0.09174259,0.51409321,-0.30372963,0.3080716,-0.15753148,0.22195559,0.2382528,-0.0736382,-0.01385875,-0.09978446,-0.04379372
0.09846343,-0.0956312,0.03543595,0.13784649,0.34684959,-0.14687459,0.38214682,0.07897691,0.39582777,-0.08503704,0.01199596,-0.04168466
-0.00611276,-0.25577653,-0.24447143,-0.01766735,0.39850714,-0.31430561,0.07921119,-0.04309345,-0.0704031,0.13885184,0.01224227,-0.00344321
0.03452755,0.06381786,0.1199449,-0.06540357,0.01504694,-0.02289796,-0.15707963,0.39649843,-0.08068842,-0.26135557,0.32500502,-0.18664898
-0.07936505,-0.05482768,0.1066519,0.45641972,0.4489301,-0.34248443,0.79642394,-0.22157515,0.86066475,-0.03587695,-0.15847331,-0.18358209
0.06027785,0.19413737,0.40308201,0.09623841,0.29132076,-0.21053633,0.41475374,-0.02275757,0.44179933,-0.23073194,-0.16649728,-0.04980731
-0.16357959,-0.13417449,-0.16119388,0.50427347,0.22170408,-0.04233367,-0.03748634,-0.25652661,0.5085752,-0.01608116,-0.08108155,0.00358752
-0.07506531,-0.44501633,-0.29168776,0.4556602,0.09560255,-0.15592959,0.21786138,0.19909443,-0.02348807,-0.14217323,-0.00086217,0.09013226
-0.06493929,0.34406071,0.38681327,-0.12404898,0.63260204,-0.18966786,0.13699725,-0.27878104,0.14112088,0.1016617,-0.37679753,0.0445084
0.10815816,0.0943148,-0.19111633,-0.02394745,0.14391531,0.02224388,0.26553881,0.05279694,-0.0709491,-0.04820212,-0.42119482,0.54414239
-0.24527194,-0.03723265,0.05662602,0.09562551,-0.1645102,0.4228949,0.0476885,0.58908807,0.1044418,-0.64038148,0.36901829,-0.01184466
-0.40064235,0.1494199,0.06619592,-0.2549199,-0.20476429,0.32733571,0.01451684,0.30690165,0.04109706,-0.22443242,0.32389451,0.12805165
-0.16324898,-0.13640033,0.06489371,0.00896008,0.17695829,-0.08530408,0.47126539,0.08149619,0.31873867,-0.15335602,0.48849946,-0.46884358
-0.14719796,0.21384796,0.07755306,-0.25547755,-0.24386786,0.12251071,-0.11695322,0.14843736,0.05781272,0.0007967,-0.22604341,0.2050467
-0.00840918,0.07844745,0.02919082,-0.05389796,0.03693316,-0.00469796,0.0221427,0.17791849,0.02468995,-0.03506358,0.12516739,-0.03631083
-0.04209796,0.11577245,0.39061429,0.02001837,-0.07792143,0.38092653,0.53770597,-0.23316523,0.26693728,0.08206107,-0.1951927,0.07316327
0.01520051,-0.00610255,0.01947041,0.02605459,0.09962551,-0.02375204,0.01259666,0.09095235,0.01950051,-0.01208611,0.08302433,-0.03591413
-0.07276429,-0.18912041,-0.10634286,0.15043367,-0.22407857,0.01260714,-0.20406201,-0.20519372,-0.30316201,0.21231546,-0.32015031,0.29799788
0.33061684,0.06262959,0.11172041,-0.07241122,0.22474592,-0.24524796,0.02105235,-0.20160432,0.78067159,0.24054364,-0.02664827,0.07445793
-0.29697755,0.43095816,-0.00143163,-0.14493367,0.5374051,-0.23393673,0.36854333,-0.17349309,0.38672465,-0.10658399,-0.47071177,0.04192151
-0.0224352,0.07127296,-0.16548878,-0.24711633,0.35606531,-0.39575969,-0.10896075,-0.13304925,-0.31339427,0.08941201,0.13665844,-0.02538634
0.17710714,-0.27948571,-0.11114796,0.33632143,-0.25746735,0.16156122,0.52162637,0.49944505,0.3632,-0.39180141,-0.152,0.08642826
0.47182704,0.18982398,0.0477,-0.02218622,0.10407857,-0.14706735,0.14467359,0.28086083,0.62219117,-0.38808359,-0.5318617,0.52303344
-0.02554286,0.03974796,-0.09470459,-0.12897245,0.30091378,-0.24466429,0.06179874,-0.10730392,-0.07564356,0.0369082,0.02856476,-0.02305553
0.34145488,-0.02424218,0.15638639,0.09203741,0.54857823,-0.59529161,0.15331955,0.2356542,0.10956431,-0.08096546,-0.06986128,0.06756596
0.16822041,-0.27508163,0.13464898,0.20327041,0.34800204,-0.41665408,0.36043093,-0.20094427,0.18244411,0.27336711,0.12119749,-0.003373
0.29894082,-0.47330408,0.14511888,0.31021327,0.22428571,-0.18368571,0.16050844,-0.04461154,-0.06606629,0.05491154,0.20888516,-0.17513352
0.51915714,0.09465408,0.08218214,0.12562143,-0.00549133,-0.00264643,-0.1109456,-0.02171939,0.08263516,0.10454148,-0.27693752,0.16540687
0.07118061,-0.74675,-0.08156327,0.46725714,0.46222551,-0.31922041,0.34268564,0.15167249,0.26351256,0.02480078,0.63963348,-0.34825361
0.04255204,-0.20256939,-0.01293469,0.19536735,0.07167755,-0.12068163,0.1356237,-0.14371381,0.25940283,0.04453972,0.19927849,-0.11768006
0.34362143,-0.08693265,0.31924898,-0.15313469,0.32339541,-0.26766786,-0.06676421,0.07896381,-0.00013124,-0.11573972,-0.15626256,0.16955589
-0.32733469,0.17738673,0.20127449,-0.39454082,0.02137857,-0.01058571,0.06344254,0.02086813,0.32751287,-0.20694066,-0.37827363,0.51394505
0.19601983,0.0345708,0.3073551,-0.02100496,0.03560579,-0.09402507,-0.08953205,-0.01641887,-0.05489256,-0.00530325,-0.22644842,0.02295102
0.15305035,0.03200484,0.29882059,-0.02054118,0.03417872,-0.08847958,-0.05433565,-0.01583086,-0.05572086,-0.0052123,-0.21702622,0.01981783
0.12873028,-0.01787889,0.28917941,0.03803382,-0.03862128,-0.00071566,-0.11207166,-0.04126347,-0.25173378,0.07728079,-0.03468709,-0.07961618
0.19518898,-0.02954959,0.2170191,-0.03170413,0.00890808,-0.08491515,-0.03813432,0.06268993,0.04039172,-0.10449618,-0.2111041,-0.0087673
0.077025,0.04133763,0.26844619,-0.0499814,-0.0598891,0.01451471,-0.20751161,0.07460412,-0.27921589,-0.0054311,-0.04633875,-0.0563934
0.118516,0.822136,0.13704,-0.440296,0.65144,-0.298664,0.883256,-1.222191,0.499596,0.611506,0.214264,-0.600789
0.23711,0.205025,0.196524,-0.140595,0.294324,-0.220458,0.28594389,0.07372722,0.06307056,-0.01179233,0.108015,-0.26586233
0.12199114,0.46041634,-0.149441,0.01227424,0.44513573,-0.04768587,0.46658629,-0.1660588,0.41817576,-0.13247664,-0.07546904,-0.18187518
-0.22482708,-0.01673594,-0.32048299,0.16968003,0.10469271,0.07838958,0.04891017,-0.34167086,0.05111433,0.21800659,-0.18366651,0.07109119
0.71676944,0.45498333,0.41484167,-0.19873333,0.64529306,-0.40949028,-0.18390909,-0.0832899,0.2609,0.01811818,-0.35457929,0.19368182
0.55586667,0.01371667,0.12246944,-0.01280833,0.40603889,-0.30765972,-0.34395152,-0.03854167,-0.10358182,-0.01872702,-0.20440909,0.17594798
0.34926111,-0.09409792,0.09558333,0.07956667,0.27270417,-0.21016667,-0.27019722,0.00665322,-0.32499949,0.08046515,-0.17167027,0.24117348
0.23383934,0.10463934,0.25165706,-0.02688975,0.06420859,0.00712742,0.06673681,0.34949311,0.11269295,-0.18998864,-0.06372912,0.13259381
0.54948367,0.00630204,0.31072653,-0.2976898,0.42310612,-0.26181224,0.8377051,-0.49928435,0.36178367,0.46421156,0.30024422,-0.03801701
0.26625125,0.69112798,0.04052853,-0.16063906,0.56238061,-0.12913019,0.57042969,-0.24017547,0.42853641,-0.06488203,-0.11081728,-0.20150103
0.7969,0.11008,0.457204,-0.51128,0.734296,-0.51692,1.206426,-0.774176,0.557436,0.725176,-0.202736,0.306376
0.23869529,0.65114931,0.04365069,-0.12728393,0.48355596,-0.10457812,0.58311714,-0.21428695,0.48297036,-0.07189124,0.22370749,-0.34601551
0.15001634,0.33335596,0.23013601,-0.30227507,-0.09318643,0.08689003,0.0014863,0.1397548,0.07253513,-0.03990229,-0.05440134,0.02028894
0.53999375,-0.27656875,0.05417639,0.32137014,0.60098194,-0.52076597,0.23982746,0.26639299,0.34791231,-0.33147569,-0.23157822,0.14450461
-0.1050518,-0.47673961,-0.41790609,0.69281357,-0.26292825,0.10746787,0.26730897,0.41838546,-0.21415682,-0.28192947,0.11665329,0.05748427
0.45914543,-0.04911385,0.41000443,0.04323795,0.12013629,-0.20173934,0.05813644,0.7389279,0.19210983,-0.63066154,0.06121416,-0.11018757
0.45149167,0.37108125,0.05529097,-0.33603681,0.64855694,-0.30441111,0.22470436,0.17352462,0.10053087,0.0886976,-0.46824053,0.28960366
0.26646454,-0.26663075,0.15890859,0.43857839,-0.23694266,0.16017618,0.05291253,-0.16277675,-0.07758718,-0.04746277,0.37834665,-0.52917593
-0.08193529,0.26493218,-0.08229377,-0.07546713,0.3232609,-0.24689412,0.00496996,-0.13037435,0.04559459,-0.02312842,0.26123153,-0.15744643
-0.02896471,0.02200865,-0.02932318,0.18716228,0.08033737,0.01573529,0.19179496,-0.14561185,0.11673209,-0.01709092,0.20533778,-0.09928393
-0.03757059,0.3006173,-0.03314706,-0.11772076,0.33011765,-0.26794706,0.32962729,-0.07996391,0.37025192,-0.0479075,0.31164198,-0.18222552
-0.18098864,0.0359795,-0.05422881,-0.03026399,-0.16274654,0.10318199,0.49956888,0.2266364,0.55084841,-0.04298837,-0.26983086,0.38000052
0.13600582,0.32489723,0.06857978,-0.05622576,0.28456482,-0.01603601,-0.1579673,0.00404494,-0.12661642,-0.05752273,-0.11590916,0.08957844
-0.01637922,0.36772687,-0.2661759,0.0265385,0.4019759,-0.05596759,0.41944081,-0.16665923,0.37891567,-0.15422536,-0.0649721,-0.17525606
0.09186,0.0285,0.211616,0.405064,0.475936,-0.437036,0.28891,-1.14419,0.15832,1.256256,-0.33573,0.360211
0.35598,0.23582,0.3944,0.012616,0.26976,0.126916,0.79111,-0.74999,0.3052,0.940896,-0.37415,0.465301
-0.00612,0.2273,-0.027616,0.028744,0.745784,-0.646244,0.10261,-0.76619,-0.03392,0.953856,-0.285445,0.321226
0.09896,0.1705,0.386336,0.136264,0.278856,-0.421876,0.30241,-0.87419,0.29872,1.040256,-0.372455,0.363036
0.32692014,0.18146944,0.27600833,-0.053125,0.02152639,-0.01755139,-0.060175,0.11704381,0.19262121,-0.0441303,0.05526957,0.08694091
0.11524598,-0.24741579,-0.10402992,0.3471,0.2925097,-0.0543867,0.02056934,-0.19141596,-0.04990785,-0.05187173,0.1563393,-0.1357384
0.04548611,-0.00885556,-0.02460278,0.00681806,-0.03370972,0.00031319,-0.00728081,0.12647626,0.02388586,-0.03487891,0.21742778,-0.06086755
0.22106837,-0.09713367,0.32334949,-0.03532755,0.64649847,-0.61796888,0.06327794,-0.04906177,-0.34889403,0.30396307,-0.1135898,0.02991856
-0.342496,-0.06590578,-0.24584933,0.410632,-0.06472578,-0.07405467,0.1645679,-0.48811137,-0.37150686,0.63845229,1.00424292,-0.52762867
0.16027143,0.21786122,-0.46359388,0.20177347,-0.21097347,-0.07701429,-0.15198129,0.54816361,0.03160204,-0.07289082,1.02793265,-0.35071463
0.06667729,0.0935205,-0.01906233,-0.0489518,-0.17347812,0.14916039,-0.03924794,0.11447224,-0.03497689,0.00276884,-0.05690876,0.05473024
0.1847625,-0.15611875,-0.02042292,-0.01334514,0.03813958,-0.09859028,-0.01878958,-0.04236572,-0.20617292,0.04183441,0.06467595,-0.08279665
0.215852,-0.230636,0.142824,0.135352,-0.251284,0.156184,-0.006568,0.295293,0.313027,-0.155241,0.325663,-0.140121
0.24721667,-0.35105,0.11156667,0.16063333,-0.18092778,0.20763333,-0.33299,0.70069444,0.25758333,-0.50004667,0.29249444,-0.2346
0.21148367,-0.30122857,0.55430204,-0.10874286,-0.9011898,0.6858898,-0.39045034,0.45422687,0.13034728,-0.33664694,0.50977687,-0.31826837
0.29816562,-0.15088125,0.5158875,-0.167825,-0.76182969,0.53703906,-0.43433571,0.3800067,0.06103214,-0.24467679,0.40017455,-0.31211786
0.27196543,-0.15291852,0.45967778,-0.11762222,-0.67637407,0.46891235,-0.35135648,0.52338951,0.10294352,-0.33946019,0.39138951,-0.29436019
0.46109286,-0.13015714,0.48370408,-0.13152653,-0.2392301,0.18992041,0.14580659,0.20832445,0.22396758,-0.14320008,0.36341071,-0.19218195
0.41844667,-0.07272533,0.42825778,-0.24111289,-0.22722222,0.18216889,0.15315324,0.0991841,0.21330181,-0.0316807,0.32542124,-0.15919594
0.132348,-0.158804,0.09182444,-0.04362178,0.31132889,-0.46640133,0.20755695,-0.16829267,-0.29866067,0.32073765,0.30309638,-0.00133854
-0.10952659,-0.40555097,-0.2372385,0.66671911,-0.03909474,0.00118947,0.09851253,0.10367865,-0.07866964,-0.19911491,0.27974766,-0.14095468
0.37012031,-0.23852969,-0.21606562,0.310325,0.3038125,-0.35411875,0.53578458,-0.3465,0.21825292,0.34378,0.04365833,-0.1419
0.03342687,0.10550582,0.02866537,0.16053407,0.12975014,-0.00932188,0.05650359,-0.29796387,0.14168312,0.03792342,-0.33259486,0.08844769
0.08632327,0.38577618,0.17368116,-0.31870609,0.46942493,-0.19124515,-0.24974966,-0.25245657,0.06367753,0.16124888,-0.27640511,0.26799712
0.54724132,-7.934e-05,0.51209752,-0.27990826,0.00806942,0.10131736,0.27976835,0.08731174,0.11038107,0.12904512,0.54533901,-0.24331033
0.52925102,-0.52770204,0.21435102,0.31016122,-0.00677347,-0.19835306,-0.05518912,-0.41220986,-1.25492959,0.5972983,0.42029966,-0.03285884
-0.434652,0.033656,-0.0629,-0.16334,-0.554136,0.447112,0.425635,-0.550699,0.398945,0.430405,0.574896,-0.37706
0.50088542,-0.38771667,0.03614583,0.25980833,0.3265875,-0.36130208,-0.25451989,0.34289148,-0.17050625,-0.17973011,-0.02398352,0.0084858
0.61775972,0.11901597,0.27003889,0.03059028,0.22461944,-0.18094861,-0.09977588,0.0520363,0.44964836,-0.03496679,0.05674918,0.0686529
0.64249444,0.05951111,0.38086944,-0.42578889,0.52435,-0.30905,1.03399444,-0.55715333,0.45921444,0.51015667,0.42958,-0.14285
0.45062986,0.17635625,0.25907222,-0.32055,0.80735278,-0.40382986,0.72335278,-0.07900145,0.23143005,0.2218154,-0.01495751,-0.03074975
0.51331413,0.13159668,0.44877839,0.24253934,0.12162438,0.02257147,-0.16396471,0.236245,-0.29443606,-0.20487556,0.46516342,-0.54816971
0.03051025,-0.22970554,0.18495069,0.01551413,-0.01760526,-0.00933684,0.26537559,-0.03864357,0.12412588,0.00521637,0.12970877,-0.22946959
0.45832143,-0.15252755,0.44825306,-0.1730898,-0.24505306,0.19345714,0.09129537,0.02832716,0.01534976,0.05443862,0.31829749,-0.16011413
0.13370277,-0.36190859,-0.01784765,0.37271662,-0.03305928,0.02436759,0.02057904,0.13354403,0.21372348,-0.21395933,-0.13988199,0.22809857
0.3686,-0.23320972,0.01278333,0.11199167,0.4744125,-0.366825,0.0125197,0.00571288,0.13862273,0.00821364,0.05247045,0.08919545
0.04765263,-0.06137368,0.2097,0.00686842,0.19593158,-0.07075789,0.27765556,0.48618363,0.40965,-0.22130556,0.22570556,-0.18243099
0.62794375,0.18755,0.33911875,-0.38605,0.41025937,-0.2895375,0.71070804,-0.12433973,0.29422768,0.20982679,0.2869067,-0.0351125
0.36717857,-0.09280459,0.39370561,-0.14297296,0.27049031,-0.23626429,0.01944988,-0.13911009,0.03061142,0.00603858,-0.33024525,0.09537045
0.69650833,0.36845069,0.47223194,-0.36934514,-0.20867778,0.22440833,0.39509426,-0.76235694,0.16979804,0.65143775,-0.15640316,-0.0785024
-0.20481025,0.18340388,-0.27505873,-0.11721551,0.2849169,-0.01663186,-0.25433638,-0.10998892,0.05616918,0.08886006,-0.15084214,0.10585071
0.78930833,0.22779167,0.38187917,-0.07875833,0.76860903,-0.43101875,-0.02676364,0.25305,0.14933636,-0.09284583,-0.41122576,0.22071098
0.07996233,-0.02245928,0.22698061,0.06165568,0.08609446,-0.0243903,-0.11939097,-0.1950229,-0.14544243,0.33491634,0.14101131,-0.03456524
0.62111481,-0.20371358,0.77967654,0.00386914,-0.29425926,0.20544444,-0.34131744,0.59121296,-0.24659938,-0.27443796,0.48406019,-0.32008102
0.507275,0.00225,0.501825,-0.26402083,-0.17111667,0.19232917,0.25214924,0.09445,0.10076136,0.07198826,0.48807727,-0.23950795
0.3210849,-0.2753649,-0.03450082,0.10163445,0.02392653,-0.12610555,0.43463695,-0.14387384,0.21030846,0.25341698,0.14171549,-0.08593344
-0.22204958,0.03450554,0.01669141,-0.04709114,0.36812438,-0.14366593,-0.13451127,-0.07793435,-0.31537238,0.48247949,0.30889489,-0.26727373
0.318348,0.29098,0.683604,-0.34598,-0.734016,0.685072,-0.086374,0.277636,-0.171419,-0.010681,0.867831,-0.561346
-0.25756676,-0.05453934,-0.4887615,0.17702881,-0.21171662,0.3302903,0.49927873,0.41943286,0.06973166,0.04187767,-0.04590603,0.02508732
-0.09215623,-0.01296399,0.22159086,-0.19173019,-0.2751482,0.21684377,0.29963024,-0.02524943,0.2626662,0.09575626,-0.12088247,0.31644574
0.06899917,-0.10153435,0.06333712,0.06032604,-0.17532909,0.12757978,0.05049012,0.00062979,0.0510603,0.05232684,-0.03768833,0.08284965
0.17508753,0.23775125,0.24862798,-0.25050886,-0.01248837,0.1058205,0.03744655,0.06754517,-0.15715286,0.01727972,0.00341914,-0.0197697
0.437475,-0.02876667,0.25443889,0.05158889,0.37448056,-0.24014097,-0.25496667,0.10754015,-0.22268485,0.04674444,-0.07248939,0.2302399
0.27056565,0.66337784,0.26105706,-0.33865319,0.33348089,-0.10913186,-0.1277089,-0.1211964,-0.13499106,0.02368543,-0.10716131,0.04932841
0.53816111,-0.4377,0.25038125,0.39645625,0.33944583,-0.31979167,-0.18563889,0.0385303,-0.17172374,-0.11727311,-0.32291212,0.03126856
-0.33950249,-0.37251634,-0.42059197,0.38621773,-0.07274792,0.19369668,-0.06217002,-0.20870062,-0.01257587,0.17631444,0.03769588,0.00397525
-0.33350443,-0.10192438,-0.30874211,0.28464986,-0.11346316,0.17596454,0.34183941,0.24470192,0.17411076,-0.22884289,0.15041479,-0.27724552
0.42940413,-0.291,0.49812562,-0.00223636,-0.12898843,0.04942479,-0.11560694,0.14105041,-0.09639149,-0.00015802,0.47714678,-0.3737062
0.49770059,-0.16015385,0.46683077,-0.18006154,-0.15380355,0.16424379,0.09807115,0.03433511,0.0165891,0.07886026,0.33948511,-0.15897628
-0.24918892,-0.03309003,-0.1030241,0.11109169,0.32895457,-0.09692825,-0.07028053,0.06932328,-0.01240948,0.11498961,0.08659609,-0.16102793
0.65341975,0.23387654,0.62379506,-0.49839506,0.10238889,-0.07824444,0.59331034,-0.16198056,0.2108284,0.31537222,0.29845833,-0.09749583
0.45330764,-0.0832,0.38317292,-0.24740833,0.0713625,-0.0093375,0.44842948,-0.04981174,0.16707721,0.2477928,0.01883674,0.01556402
0.12543388,-0.15203884,0.14869917,0.03168843,-0.31590331,0.28140826,-0.27660306,0.25339868,-0.23815942,-0.14803132,0.30269777,-0.27896678
0.13481818,-0.15189091,0.17105537,0.00586364,-0.00472149,0.01088926,-0.70264545,-0.63877818,-0.82506909,0.51806934,-0.45977364,0.18866298
0.12255372,-0.2739,-0.03346446,0.35404545,-0.27198264,0.33870413,-0.35082504,0.63780678,-0.24176686,-0.44461843,0.5718695,-0.51597116
-0.12253333,0.3609,0.18174167,-0.42404167,-0.47339167,0.37471667,0.22393222,0.96138111,0.77996222,-0.80112278,-0.38422889,0.61520722
0.50039388,0.0217449,0.53257007,-0.04389252,0.15020272,-0.01762336,-0.39989551,0.17237245,-0.2601698,-0.11802173,-0.41013731,0.5125566
0.00383265,0.00044558,0.09506327,0.11651769,0.10375374,-0.00083537,-0.0462068,0.05983724,0.07136677,-0.1646885,-0.15968276,-0.04481088
-0.37170055,0.22957922,-0.06040332,-0.1841482,0.11132715,0.14439695,0.50137922,0.07156967,0.42187367,0.08258515,0.14321616,-0.20474321
0.07793537,0.27838435,0.15957483,-0.295322,-0.24272245,0.29338209,0.13627483,-0.05204578,0.32506102,0.05724104,-0.33986888,0.30506247
-0.22847645,-0.13566343,-0.03573324,0.11262521,0.00468587,0.06300055,0.07387576,-0.03538483,0.02389272,-0.15529778,0.23490611,-0.11314954
-0.02139446,-0.10523629,0.13495097,0.02830997,0.16680222,-0.26170665,0.29748569,0.36346996,0.59671054,-0.22973195,0.08448926,-0.11692698
0.09811357,-0.03507479,0.3358892,0.02663906,0.26886177,-0.36831468,-0.05515651,0.05791891,-0.00970534,-0.02899572,-0.11216734,0.05717738
0.10222244,0.02108338,0.04519252,-0.04306094,0.06244044,-0.04680803,-0.0213207,-0.11590609,0.02251439,0.00177765,0.01555414,-0.03485539
0.42345669,0.06203084,0.60433175,-0.03807324,-0.49117937,0.47704059,-0.60974637,-0.20170268,-0.34940756,0.19940862,-0.45789196,0.571061
0.28466898,0.14642271,0.38058947,-0.22046537,0.05961579,-0.02035596,-0.38135528,0.26069101,-0.06633247,-0.12949932,-0.58257624,0.65792904
-0.30206259,0.01296803,-0.14810385,-0.02179887,0.06341746,0.16468254,0.08851864,-0.04099262,0.18377102,0.20267365,0.04517143,-0.05642159
0.196541,0.03897701,0.42164072,0.05962798,-0.19524321,0.0424385,0.04821557,0.00481673,0.1199223,0.02231231,-0.23903415,0.18688307
0.60316198,-0.13656033,0.72567769,0.06220661,-0.23356343,0.08387789,-0.95371846,-0.23388585,-0.89227214,0.11567224,-0.11508087,0.08725016
0.00948892,-0.4545205,-0.0668205,0.30360249,-0.23883712,0.01202493,0.26279746,-0.36623543,0.23399454,0.24189409,-0.09705589,0.17662596
0.14560886,-0.09851607,0.113141,0.09867008,0.10529391,-0.06315042,-0.44261951,0.09861519,-0.21342068,-0.0101154,0.12797542,-0.07643207
0.28367064,-0.03224155,0.21970222,-0.1020928,0.29979086,-0.08358199,-0.10860279,0.34798901,0.03875482,-0.23503056,-0.4062683,0.47094458
0.37649086,0.23583102,0.46024654,-0.22692299,0.30048144,-0.33766981,-0.00486022,0.00436633,-0.11679151,0.04464998,-0.07482022,-0.03997867
0.15200083,-0.34210942,0.14576399,0.34411496,0.09719058,0.04428864,-0.0263406,0.03916965,0.09185355,-0.06951116,-0.16564672,0.0742175
0.09079418,-0.08333075,0.13089584,0.16050831,0.0021,-0.25940526,0.14853447,0.20963333,0.13117892,0.04443889,-0.23017836,0.2065886
0.02311662,0.14184377,0.20153712,-0.16389307,0.12067535,-0.14952133,0.21711682,0.15190794,0.04144635,-0.0760558,-0.13866837,0.10459624
-0.27257619,0.01499365,-0.29434762,-0.09153492,-0.03089184,0.06939184,-0.04897056,0.03799817,-0.04215556,0.17511817,-0.07036135,-0.07892563
0.0813626,-0.03371247,-0.05457036,0.19156427,-0.02405873,0.02227812,0.07850362,0.41649186,-0.07718059,-0.15231519,0.12583894,0.03039534
0.07217479,0.16036898,0.17491662,-0.03703213,-0.27141745,0.09640222,0.11805094,-0.1576124,0.04474421,0.1608779,0.00165865,-0.10975748
0.05963102,-0.14242659,0.05861136,0.10788975,-0.1144831,0.0328446,-0.07791116,0.23125579,-0.05780589,-0.13084965,0.08695228,-0.03323912
-0.058441,0.12001053,0.1955892,-0.25276316,0.00028809,-0.10612659,0.12240357,0.46032107,0.24380094,-0.35760908,-0.42273244,0.40542572
0.94880416,0.27122438,0.88306648,-0.30661274,0.45355457,-0.50672355,-1.10736919,-0.46534835,-1.33663673,0.43860163,-0.55158315,0.57196801
0.00761579,-0.04405263,0.06936122,0.1091759,-0.18736399,0.02912687,0.11936784,-0.05882251,-0.21802982,0.10312201,0.10073801,-0.0505277
-0.05334903,0.06710776,-0.00473075,-0.08064377,-0.01546454,0.08372271,-0.38947615,0.16654631,-0.09771474,-0.19960456,-0.46487241,0.70505451
0.11811108,-0.06473657,-0.01248892,0.05820443,-0.26178006,0.20654543,0.39146336,-0.04303286,0.33196453,-0.0145064,0.25210779,-0.12888535
0.47821579,0.06433518,-0.07424515,0.0639518,0.48203989,-0.36590526,-0.37877158,-0.06442199,0.12723076,0.17496693,-0.39930035,0.49685669
-0.11893163,0.58624184,-0.18353265,-0.70219388,0.13704745,0.33668827,0.40055243,-0.22281641,0.40723265,0.54235997,-0.62149443,0.78094623
0.22480714,0.14218163,0.28457551,-0.00262347,0.13570255,0.07860714,0.0041219,-0.12920341,-0.1442737,0.16062755,-0.94352704,0.51642206
-0.2810474,0.3560158,-0.35304861,-0.42406528,0.07644045,0.19692031,0.24522258,-0.15619284,0.04239523,0.41424607,-0.48339918,0.56932234
-0.08492755,0.33850918,-0.23864337,-0.5265852,-0.02267551,0.30696633,0.4530241,-0.38926107,-0.13379184,0.40507072,-0.24027755,0.41277347
0.13140102,0.03515306,-0.14170561,-0.09125867,0.10817449,0.08258469,-0.22267512,-0.44886562,-0.44125314,0.35169105,-0.16837331,0.14587457
0.06073776,0.03953163,-0.02017551,0.29332755,0.16263673,-0.16963673,0.40357602,0.35042049,0.18793042,-0.09647826,-0.5390971,0.51371954
0.03167158,-0.06143971,0.01550666,0.18221784,0.094039,-0.05277883,-0.09535058,-0.12941087,-0.04704245,0.20430362,-0.10750372,-0.00638714
-0.09240428,0.20992342,-0.12017669,-0.17835268,-0.03056088,0.01169584,0.26527457,0.0258273,0.05621164,-0.05236483,-0.0284424,0.22967593
0.3206604,-0.37310678,0.09426373,0.13881023,0.04379512,-0.06219108,0.12467704,-0.00111918,0.07125869,0.01410662,0.1747605,-0.32628845
0.16511439,0.02236944,0.34724435,-0.1558025,0.15896754,-0.04898954,0.12177043,-0.07764301,-0.16125949,0.11854995,0.02881081,-0.05705572
0.15690606,0.03134067,0.10384614,-0.17374126,0.11444994,-0.2868063,0.13443266,-0.0016459,0.24216086,-0.04431743,-0.39495329,0.09524833
0.19084592,-0.28977857,0.02584082,0.29031429,0.15950816,0.10244949,0.43329294,0.13034914,0.47320997,-0.02657547,0.10222331,0.02572453
0.06225503,-0.16407396,-0.02355266,0.19793609,0.02393491,0.18798284,0.60768407,0.30525804,0.53832382,-0.17430784,0.06384009,0.14373447
-0.14558471,-0.10676281,-0.01205041,0.26283264,-0.43868388,0.29713099,0.0791559,-0.34960295,0.09053599,0.26152129,-0.26305317,0.20855159
0.11454852,-0.25326095,0.02070237,0.28633254,-0.01963018,0.19082485,0.5051175,-0.08063841,0.79807584,0.05351233,-0.07872559,0.16698412
0.08195556,-0.01784444,0.15337037,-0.15288889,-0.04433457,0.00964815,-0.01291944,0.03527731,0.15853472,-0.07573565,0.13537037,-0.11547593
-0.44731944,-0.19033611,-0.34555,0.015,-0.25700278,0.48051944,0.42348667,0.88500389,1.0805,-0.833,0.23111722,-0.14664667
-0.12410278,-0.14132778,-0.21261944,0.19033704,-0.09006111,0.20661667,0.61786422,-0.08651176,0.41690833,0.11323333,0.20206765,-0.22801863
0.1171928,0.00107036,0.07605706,-0.03712188,0.09382604,-0.17692604,0.30452504,0.05600854,0.39595311,-0.00162893,0.08822258,-0.11488332
0.67614847,-0.45369745,0.67827653,-0.06473061,-0.51796327,0.15899796,-0.19545235,-0.06357465,-0.29808038,-0.36436028,0.36666491,-0.53155149
-0.07417083,0.21656771,-0.17204497,-0.19752326,-0.02369115,0.14667917,0.58135224,0.03520591,0.46904916,0.01559681,-0.04468322,0.08655858
0.15188,-0.06846,0.097335,0.101985,-0.08014075,0.00161375,0.40395263,-0.01932674,0.49214526,0.07598,-0.01877516,0.04151711
-0.16267645,-0.08122231,0.02131612,0.1569595,-0.3888343,0.33320826,0.05089945,-0.26958754,0.12925443,0.14730098,-0.2467133,0.23520878
0.07338283,-0.25895208,-0.04210471,0.23406177,0.24774543,-0.12742659,0.18540723,-0.26428877,0.2158894,0.31835554,-0.27120163,0.30058127
0.042201,-0.259808,-0.04791,0.22589425,0.245495,-0.1300855,0.00791795,-0.34099274,0.035254,0.3826455,-0.35017853,0.36698813
0.09451354,0.09317031,0.00654688,-0.02108854,0.06045712,0.0189309,0.10470367,-0.1153858,0.07708899,0.1105418,-0.24090917,0.22389633
0.054866,-0.269254,-0.050682,0.239211,0.257989,-0.12812325,0.01663768,-0.37552484,0.05697742,0.40877062,-0.37142511,0.39752614
0.01360803,-0.1938687,0.0202385,0.1540928,0.05661385,0.09513352,-0.01802148,-0.24706548,0.00065776,0.22758607,-0.28906431,0.2246849
-0.016599,-0.199966,-0.000788,0.156696,0.052411,0.09169825,-0.19829758,-0.337558,-0.18096258,0.31480833,-0.37886563,0.31303543
-0.20854731,-0.08757748,-0.04325847,0.2024812,-0.3650155,0.33720764,-0.03185241,-0.19675143,0.01884391,0.0697875,-0.12287112,0.1332191
-0.11465971,-0.09213864,0.0043874,0.23781591,-0.32824566,0.20077707,0.22693976,-0.27574419,0.23011313,0.20422689,-0.18167687,0.15249659
-0.21029008,0.16900744,0.08215331,-0.10326612,-0.38387025,0.38288388,0.07287025,-0.11302837,-0.0670514,0.0427425,-0.05889244,0.28151956
-0.22718512,0.2645719,0.06582025,-0.17899669,-0.2894281,0.30831198,0.07868414,-0.08757102,-0.05833577,-0.04489191,-0.04006604,0.19810289
-0.21589174,0.26875888,0.07716322,-0.17899669,-0.2849312,0.30831198,0.09022753,-0.08627571,-0.04639628,-0.04489191,-0.03828372,0.19810289
0.168192,0.26864,0.14592,-0.1472,0.30096,-0.19008,0.25696,0.43216,0.22912,-0.2368,0.47256,-0.2904
-0.65362656,-0.11453438,-0.61919375,-0.0121875,-0.47626719,0.28750781,-0.84286339,1.06869576,-0.16210982,-0.56420089,0.31795469,0.08567411
0.07622975,-0.04645455,-0.09419835,-0.00140909,-0.11868182,0.15947273,0.40625207,-0.25512727,0.42141298,0.23627182,-0.27801818,0.23195455
0.48870533,-0.06518521,0.18355444,-0.24549467,0.30651361,-0.26919467,0.33790621,0.42925059,0.62526455,-0.46569443,-0.4545039,0.42858762
0.020908,-0.30464089,-0.04987689,0.29319156,0.08088622,-0.10242133,0.03599708,0.47964083,0.27667803,-0.8070793,0.30973702,-0.1480393
-0.0,0.0,-0.0,0.0,0.0,0.0,-0.0,0.0,-0.0,0.0,0.0,0.0
-1.63268,-0.32013333,-1.63268,0.27766667,-0.32013333,0.27766667,-1.34708,-0.26413333,-1.34708,0.22909524,-0.26413333,0.22909524
0.08293333,-0.10852711,0.06567067,0.054764,0.14311067,-0.2353,0.51767933,-0.4977459,0.44638171,0.67724171,0.10627695,-0.06468543
-0.03503778,0.22322756,0.16790978,-0.36551378,-0.21069244,0.05067111,0.60327959,-0.48904549,0.45421054,0.69471727,0.25992546,-0.10656225
0.2044035,-0.67176,0.27306,0.5679,0.628125,-0.547875,1.10455421,0.86145329,1.07539263,-0.75852632,0.30933224,-0.28460526
0.5245875,0.46666875,0.89648437,-0.39735469,0.05592188,0.02215312,1.15123661,0.04779018,0.76669018,0.01277031,0.47250804,-0.42100647
0.04794288,-0.1616824,0.082736,0.149684,-0.040744,0.03836928,0.44970533,-0.15848786,0.62104967,0.19056883,0.11899531,-0.10505133
1.86315976,0.36532544,1.86315976,-0.31686391,0.36532544,-0.31686391,-1.88534024,-0.36967456,-1.88534024,0.32063609,-0.36967456,0.32063609
1.86592,0.36586667,1.86592,-0.31733333,0.36586667,-0.31733333,-1.88258,-0.36913333,-1.88258,0.32016667,-0.36913333,0.32016667
0.3777391,-0.08918824,0.28295675,0.04203529,0.78437059,-0.59381176,-0.22187145,0.51161176,-0.14928395,-0.3009136,-0.22190074,0.16748015
-0.15845156,0.16609333,0.05008311,-0.12272,-0.18263911,0.37090622,-0.0068086,-0.05217416,0.14663235,0.00464727,-0.04947321,0.09604775
0.66158056,0.84963333,0.94636389,-0.66265,0.02846667,0.04098333,1.03326944,0.21223333,0.79033611,-0.09392667,0.87508667,-0.56823333
-0.675828,-0.18151,-0.675828,0.158065,-0.18151,0.158065,0.00579467,0.64089333,0.00579467,-0.38254944,0.64089333,-0.38254944
0.618584,-0.62052,0.618584,0.68826,-0.62052,0.68826,-0.064674,0.46107,-0.101209,-0.49947,0.692415,-0.73179
-0.1021875,-0.1643625,-0.00904375,-0.04045312,-0.62546875,0.32599375,-0.18749643,0.60760357,0.36863929,-0.52812946,-0.98721786,0.72503125
-0.0109,-0.125025,-0.3329875,0.6012875,0.52803125,0.01616875,0.16856607,0.10302098,0.68072321,-0.37798125,-0.61758973,0.18637589
0.24635,0.1833,0.31969375,-0.249975,-0.02402187,-0.08167812,-0.08758393,-0.04214554,0.03190893,0.36120134,0.28692232,-0.12019152
0.0468125,0.13875,0.13705625,-0.24688125,-0.19477188,0.00966563,0.05081786,0.42097679,0.65666786,-0.37405312,-0.50078393,0.37958973
0.184503,-0.265728,0.1681905,0.041941,0.2047645,-0.174934,-0.07767603,-0.13420713,0.0327845,0.12164111,-0.32648582,0.25629847
-0.29630833,-0.24126389,-0.69634028,0.22861528,0.34683056,-0.2955,0.61203952,0.62336869,0.41093194,-0.42765859,0.53514444,-0.44170253
1.42430194,-1.10381025,0.52364404,1.36140028,0.03022715,-0.20193075,-0.36365083,1.69027784,-0.51292452,-0.84183795,2.11335152,-1.16983269
-0.559118,0.009152,-0.49097,0.02571,0.08347,-0.249755,-0.24017778,0.77359333,0.27839222,-0.61044722,0.16605222,-0.09030278
0.09864545,-0.26542727,0.05323058,0.16462562,0.26258678,-0.37055702,0.40157636,0.60598455,0.53566909,-0.50670628,0.33062364,-0.25767992
0.29614835,-0.47001674,0.29013306,0.1491624,-0.49029339,0.19593223,0.05758068,-0.02963765,0.01379604,-0.22771324,0.17010607,-0.30897536
