0.0,0.09260238,0.0,0.0,0.0,0.0,0.04630119,0.04630119,0.04630119,0.04630119,0.0,0.0,0.04630119,0.0,0.09260238,0.04630119,0.09260238,0.13890357,0.0,0.0,0.16586624,0.1396159
0.25201802,0.0,0.0,0.0,0.0,0.0,0.0,0.0,0.08400601,0.25201802,0.0,0.0,0.08400601,0.0,0.08400601,0.0,0.0,0.08400601,0.0,0.0,0.06933944,0.09060048
0.0,0.0,0.0,0.0,0.0,0.0,0.0,0.0,0.0,0.0,0.0,0.0,0.0,0.0,0.28245502,0.0,0.0,0.0,0.28245502,0.0,0.43508995,0.0
0.0,0.0,0.0,0.0,0.0,0.0,0.0,0.0,0.0,0.0,0.0,0.0,0.0,0.0,0.28245502,0.0,0.0,0.0,0.28245502,0.0,0.43508995,0.0
0.0,0.10812037,0.16218056,0.10812037,0.0,0.05406019,0.05406019,0.0,0.05406019,0.05406019,0.0,0.0,0.05406019,0.0,0.0,0.10812037,0.0,0.05406019,0.0,0.0,0.11071681,0.07838041
0.0530939,0.0,0.0530939,0.03539593,0.01769797,0.01769797,0.0,0.0530939,0.03539593,0.12388576,0.0,0.0530939,0.0,0.03539593,0.03539593,0.08848983,0.01769797,0.07079186,0.0,0.0,0.15798303,0.15179631
0.07228808,0.0,0.0,0.0,0.10843211,0.03614404,0.0,0.10843211,0.03614404,0.10843211,0.0,0.07228808,0.03614404,0.0,0.03614404,0.03614404,0.07228808,0.0,0.0,0.0,0.17130676,0.10581247
0.03521186,0.0,0.07042373,0.0528178,0.01760593,0.03521186,0.01760593,0.07042373,0.0528178,0.0528178,0.0,0.10563559,0.01760593,0.01760593,0.01760593,0.07042373,0.01760593,0.07042373,0.0,0.0,0.13790827,0.14024852
0.07470167,0.0,0.01867542,0.01867542,0.01867542,0.01867542,0.0,0.03735083,0.05602625,0.1120525,0.0,0.07470167,0.0,0.1120525,0.0,0.05602625,0.09337709,0.05602625,0.0,0.0,0.11320993,0.13977338
0.03856694,0.0,0.0,0.03856694,0.03856694,0.07713389,0.0,0.07713389,0.03856694,0.03856694,0.0,0.11570083,0.0,0.15426777,0.0,0.0,0.03856694,0.07713389,0.0,0.03856694,0.09412851,0.13453264
0.03933847,0.0,0.03933847,0.07867694,0.0,0.03933847,0.0,0.07867694,0.0590077,0.09834617,0.0,0.09834617,0.0,0.03933847,0.01966923,0.03933847,0.0,0.0590077,0.0,0.0,0.1422692,0.1693076
0.11165255,0.0,0.01860876,0.01860876,0.0,0.01860876,0.0,0.07443503,0.01860876,0.09304379,0.0,0.01860876,0.0,0.07443503,0.07443503,0.03721752,0.07443503,0.01860876,0.0,0.01860876,0.17070819,0.15937652
0.02024418,0.0,0.04048836,0.08097671,0.0,0.02024418,0.0,0.06073254,0.06073254,0.10122089,0.0,0.06073254,0.02024418,0.04048836,0.02024418,0.02024418,0.0,0.02024418,0.04048836,0.04048836,0.17412404,0.17806225
0.04800227,0.0,0.04800227,0.07200341,0.0,0.0,0.0,0.09600454,0.04800227,0.09600454,0.0,0.12000568,0.0,0.02400114,0.02400114,0.04800227,0.0,0.07200341,0.0,0.0,0.13901361,0.16495345
0.04040047,0.0,0.04040047,0.08080094,0.0,0.02020024,0.0,0.08080094,0.06060071,0.10100118,0.0,0.10100118,0.0,0.04040047,0.02020024,0.04040047,0.0,0.06060071,0.0,0.0,0.14265932,0.17053265
0.03523213,0.0,0.03523213,0.08808033,0.0,0.01761607,0.0,0.08808033,0.0528482,0.08808033,0.0,0.08808033,0.0,0.0528482,0.01761607,0.03523213,0.0,0.0528482,0.0,0.03523213,0.14375585,0.16921756
0.01814207,0.0,0.03628414,0.09071034,0.0,0.01814207,0.0,0.07256827,0.07256827,0.09071034,0.0,0.05442621,0.01814207,0.05442621,0.01814207,0.01814207,0.0,0.01814207,0.03628414,0.03628414,0.16804492,0.17884061
0.03750319,0.0,0.03750319,0.07500639,0.0,0.03750319,0.0,0.09375799,0.05625479,0.09375799,0.0,0.09375799,0.0,0.03750319,0.0187516,0.05625479,0.0,0.05625479,0.0,0.0,0.1390811,0.1671098
0.02965357,0.0,0.02965357,0.07413393,0.0,0.02965357,0.0,0.08896072,0.05930715,0.07413393,0.0,0.07413393,0.01482679,0.04448036,0.01482679,0.04448036,0.0,0.04448036,0.02965357,0.02965357,0.15617117,0.16179664
0.03529706,0.0,0.08824266,0.03529706,0.01764853,0.03529706,0.01764853,0.07059413,0.07059413,0.0529456,0.0,0.07059413,0.01764853,0.01764853,0.01764853,0.0529456,0.01764853,0.07059413,0.0,0.01764853,0.13974904,0.15430966
0.03758937,0.03758937,0.03758937,0.0,0.03758937,0.07517874,0.0,0.03758937,0.0,0.07517874,0.0,0.07517874,0.07517874,0.0,0.0,0.03758937,0.07517874,0.0,0.03758937,0.11276811,0.1203667,0.1278459
0.01898782,0.0,0.09493912,0.05696347,0.03797565,0.03797565,0.01898782,0.05696347,0.05696347,0.05696347,0.0,0.05696347,0.03797565,0.03797565,0.0,0.07595129,0.01898782,0.05696347,0.0,0.01898782,0.13516727,0.12430761
0.0,0.0,0.16812566,0.03362513,0.03362513,0.0,0.0,0.03362513,0.03362513,0.03362513,0.0,0.0,0.03362513,0.0,0.06725027,0.1008754,0.06725027,0.06725027,0.0,0.0,0.1489591,0.17853825
0.01698565,0.0,0.08492826,0.06794261,0.03397131,0.03397131,0.01698565,0.06794261,0.06794261,0.05095696,0.0,0.06794261,0.01698565,0.01698565,0.01698565,0.06794261,0.01698565,0.05095696,0.0,0.01698565,0.13981743,0.14678515
0.04216462,0.0,0.0,0.04216462,0.04216462,0.0,0.0,0.16865847,0.0,0.0,0.04216462,0.12649385,0.04216462,0.0,0.0,0.12649385,0.16865847,0.04216462,0.0,0.0,0.09506316,0.06164451
0.03705082,0.03705082,0.0,0.0,0.11115247,0.03705082,0.0,0.0,0.07410164,0.03705082,0.0,0.03705082,0.0,0.0,0.0,0.11115247,0.11115247,0.07410164,0.0,0.07410164,0.11705174,0.14193182
0.0223858,0.0,0.04477161,0.08954322,0.0,0.0223858,0.0,0.06715741,0.06715741,0.11192902,0.0,0.08954322,0.0,0.04477161,0.0223858,0.0223858,0.0,0.06715741,0.0,0.0,0.14692838,0.18149747
0.01701458,0.0,0.03402917,0.08507292,0.0,0.01701458,0.0,0.06805833,0.06805833,0.08507292,0.0,0.06805833,0.01701458,0.05104375,0.01701458,0.01701458,0.0,0.05104375,0.03402917,0.03402917,0.16470784,0.1717234
0.01792439,0.0,0.10754632,0.05377316,0.03584877,0.03584877,0.01792439,0.03584877,0.05377316,0.07169755,0.0,0.03584877,0.05377316,0.01792439,0.0,0.07169755,0.01792439,0.07169755,0.0,0.03584877,0.13444331,0.13065684
0.10371341,0.03457114,0.01728557,0.03457114,0.01728557,0.0518567,0.0,0.03457114,0.0518567,0.0518567,0.01728557,0.01728557,0.0,0.0518567,0.0518567,0.0518567,0.03457114,0.0518567,0.0,0.01728557,0.16265193,0.14592537
0.04200071,0.02100035,0.04200071,0.06300106,0.0,0.02100035,0.0,0.02100035,0.12600213,0.10500177,0.02100035,0.06300106,0.0,0.06300106,0.0,0.02100035,0.06300106,0.04200071,0.0,0.02100035,0.15027213,0.11471546
0.04085213,0.02042607,0.04085213,0.08170427,0.0,0.02042607,0.0,0.0612782,0.14298247,0.08170427,0.0,0.08170427,0.0,0.02042607,0.0,0.02042607,0.04085213,0.04085213,0.0,0.02042607,0.16652376,0.11856388
0.04135922,0.02067961,0.04135922,0.06203883,0.0,0.02067961,0.0,0.04135922,0.14475727,0.10339805,0.02067961,0.06203883,0.0,0.06203883,0.0,0.0,0.04135922,0.04135922,0.0,0.02067961,0.15678376,0.11942987
0.04150754,0.02075377,0.04150754,0.06226131,0.0,0.02075377,0.0,0.08301507,0.14527638,0.06226131,0.0,0.08301507,0.0,0.02075377,0.0,0.02075377,0.06226131,0.04150754,0.0,0.02075377,0.16141837,0.11219974
0.04195097,0.02097549,0.04195097,0.06292646,0.0,0.02097549,0.0,0.02097549,0.14682841,0.10487744,0.02097549,0.06292646,0.0,0.06292646,0.0,0.02097549,0.04195097,0.04195097,0.0,0.02097549,0.15022108,0.11563687
0.04118027,0.02059013,0.04118027,0.0617704,0.0,0.02059013,0.0,0.04118027,0.14413093,0.10295067,0.0,0.08236053,0.0,0.04118027,0.0,0.02059013,0.04118027,0.04118027,0.0,0.02059013,0.16136843,0.11797692
0.04139237,0.02069619,0.04139237,0.06208856,0.0,0.02069619,0.0,0.04139237,0.1448733,0.10348093,0.02069619,0.08278474,0.0,0.04139237,0.0,0.0,0.04139237,0.04139237,0.0,0.02069619,0.15887274,0.11676078
0.04130165,0.02065083,0.04130165,0.06195248,0.0,0.02065083,0.0,0.04130165,0.14455578,0.10325413,0.0,0.0826033,0.0,0.04130165,0.0,0.02065083,0.04130165,0.04130165,0.0,0.02065083,0.15848203,0.11873907
0.04106631,0.02053315,0.04106631,0.08213262,0.0,0.02053315,0.0,0.06159946,0.14373208,0.06159946,0.0,0.08213262,0.0,0.02053315,0.0,0.02053315,0.06159946,0.04106631,0.0,0.02053315,0.16106715,0.12027246
0.02614381,0.15686285,0.0,0.0,0.05228762,0.02614381,0.0,0.05228762,0.05228762,0.10457524,0.0,0.0,0.0,0.02614381,0.10457524,0.0,0.0,0.02614381,0.0,0.02614381,0.19017515,0.15622962
0.0,0.16551648,0.02758608,0.0,0.0,0.02758608,0.02758608,0.02758608,0.05517216,0.02758608,0.02758608,0.0,0.05517216,0.02758608,0.08275824,0.05517216,0.05517216,0.05517216,0.0,0.0,0.11629604,0.16646588
0.0,0.0,0.0,0.0,0.0,0.06145777,0.0,0.06145777,0.0,0.3687466,0.0,0.12291553,0.06145777,0.0,0.0,0.06145777,0.0,0.06145777,0.0,0.0,0.07469615,0.12635289
0.01285717,0.01285717,0.0385715,0.11571451,0.0385715,0.02571434,0.0,0.01285717,0.06428584,0.16714318,0.01285717,0.0385715,0.02571434,0.01285717,0.06428584,0.05142867,0.02571434,0.02571434,0.0,0.0,0.11039,0.14389428
0.06787671,0.0,0.0,0.0,0.06787671,0.13575341,0.0,0.06787671,0.06787671,0.13575341,0.0,0.0,0.0,0.0,0.0,0.13575341,0.0,0.06787671,0.0,0.0,0.11231937,0.14103686
0.0451994,0.0,0.0,0.0,0.0903988,0.13559819,0.0,0.0903988,0.0451994,0.18079759,0.0,0.0,0.0451994,0.0,0.0,0.0903988,0.0,0.0451994,0.0,0.0,0.10607669,0.12553354
0.11911107,0.0,0.0,0.0,0.0,0.0,0.0,0.0,0.0,0.11911107,0.0,0.23822215,0.0,0.0,0.11911107,0.11911107,0.0,0.0,0.0,0.0,0.19355073,0.09178282
0.0,0.0,0.1610737,0.08053685,0.08053685,0.0,0.0,0.0,0.0,0.24161055,0.08053685,0.0,0.0,0.08053685,0.0,0.0,0.0,0.0,0.0,0.0,0.15347706,0.12169129
0.18527659,0.18527659,0.0926383,0.0,0.0,0.0,0.18527659,0.0926383,0.0,0.0,0.0,0.0,0.0,0.0,0.0,0.0926383,0.0,0.0,0.0,0.0,0.08060435,0.08565099
0.08867678,0.17735356,0.08867678,0.0,0.0,0.0,0.17735356,0.08867678,0.0,0.0,0.0,0.0,0.0,0.0,0.08867678,0.0,0.08867678,0.0,0.0,0.0,0.1039467,0.09796226
0.19884643,0.0,0.13256428,0.13256428,0.0,0.0,0.0,0.0,0.0,0.33141071,0.0,0.0,0.0,0.0,0.0,0.0,0.0,0.06628214,0.0,0.0,0.0605178,0.07781435
0.25512873,0.0,0.0,0.0,0.0,0.0,0.0,0.0,0.25512873,0.0,0.0,0.0,0.0,0.0,0.25512873,0.0,0.0,0.0,0.0,0.0,0.06703252,0.1675813
0.30044629,0.0,0.0,0.0,0.0,0.0,0.0,0.0,0.10014876,0.25037191,0.0,0.0,0.0,0.0,0.10014876,0.0,0.0,0.10014876,0.0,0.0,0.05797218,0.09076333
0.22350914,0.0,0.0,0.0,0.0,0.0,0.0,0.0,0.22350914,0.0,0.0,0.0,0.0,0.0,0.22350914,0.0,0.0,0.11175457,0.0,0.0,0.0678208,0.14989722
0.30102488,0.0,0.0,0.0,0.0,0.0,0.0,0.0,0.20068325,0.0,0.0,0.0,0.0,0.0,0.20068325,0.0,0.0,0.10034163,0.0,0.0,0.06908703,0.12817996
0.27163845,0.0,0.0,0.0,0.0,0.0,0.0,0.0,0.1810923,0.09054615,0.0,0.0,0.0,0.0,0.1810923,0.0,0.0,0.09054615,0.0,0.0,0.07232985,0.11275479
0.24723616,0.0,0.0,0.0,0.0,0.0,0.0,0.0,0.16482411,0.16482411,0.0,0.0,0.0,0.0,0.16482411,0.0,0.0,0.08241205,0.0,0.0,0.06501945,0.11086001
0.22500133,0.0,0.0,0.0,0.0,0.0,0.0,0.0,0.15000089,0.15000089,0.0,0.0,0.07500044,0.0,0.15000089,0.0,0.0,0.07500044,0.0,0.0,0.06699617,0.10799894
0.27648791,0.0,0.0,0.0,0.0,0.0,0.0,0.0,0.13824396,0.13824396,0.0,0.0,0.06912198,0.0,0.13824396,0.0,0.0,0.06912198,0.0,0.0,0.0638863,0.10664996
0.25549459,0.0,0.0,0.0,0.0,0.0,0.0,0.0,0.12774729,0.12774729,0.0,0.0,0.06387365,0.0,0.12774729,0.0,0.0,0.12774729,0.0,0.0,0.06431879,0.10532379
0.22531054,0.0,0.0,0.0,0.0,0.0,0.0,0.0,0.11265527,0.22531054,0.0,0.0,0.05632763,0.0,0.11265527,0.0,0.0,0.11265527,0.0,0.0,0.05672877,0.09835672
0.17414107,0.0,0.0,0.0,0.0,0.0,0.0,0.0,0.17414107,0.17414107,0.0,0.0,0.08707054,0.0,0.17414107,0.0,0.0,0.0,0.0,0.0,0.0674197,0.14894547
0.13119811,0.0,0.0,0.0,0.0,0.0,0.0,0.0,0.26239622,0.0,0.0,0.0,0.13119811,0.0,0.26239622,0.0,0.0,0.0,0.0,0.0,0.07447802,0.13833332
0.15747823,0.0,0.0,0.0,0.0,0.0,0.0,0.0,0.15747823,0.23621735,0.0,0.0,0.07873912,0.0,0.15747823,0.0,0.0,0.0,0.0,0.0,0.08165684,0.13095201
0.10639188,0.0,0.0,0.0,0.0,0.0,0.0,0.0,0.21278376,0.10639188,0.0,0.0,0.10639188,0.0,0.21278376,0.0,0.0,0.0,0.0,0.0,0.0891379,0.16611894
0.09403333,0.0,0.0,0.0,0.0,0.0,0.0,0.0,0.18806665,0.18806665,0.0,0.0,0.09403333,0.0,0.18806665,0.0,0.0,0.0,0.0,0.0,0.07717575,0.17055765
0.10079914,0.0,0.0,0.05039957,0.0,0.0,0.0,0.0,0.0,0.20159829,0.0,0.05039957,0.05039957,0.05039957,0.0,0.05039957,0.05039957,0.05039957,0.0,0.10079914,0.1160704,0.12793602
0.04443276,0.04443276,0.08886551,0.08886551,0.0,0.0,0.0,0.04443276,0.0,0.0,0.0,0.0,0.04443276,0.0,0.04443276,0.04443276,0.0,0.13329827,0.0,0.08886551,0.1761543,0.15735434
0.0,0.20759658,0.0,0.10379829,0.0,0.0,0.0,0.0,0.41519316,0.0,0.0,0.10379829,0.0,0.0,0.0,0.0,0.0,0.0,0.0,0.0,0.08634689,0.08326679
0.05607926,0.05607926,0.0,0.05607926,0.05607926,0.05607926,0.0,0.0,0.0,0.0,0.0,0.0,0.22431704,0.11215852,0.0,0.0,0.11215852,0.11215852,0.0,0.0,0.0793155,0.07949559
0.0,0.04456238,0.04456238,0.04456238,0.04456238,0.04456238,0.0,0.0,0.0,0.04456238,0.0,0.0,0.04456238,0.04456238,0.08912475,0.08912475,0.0,0.04456238,0.0,0.08912475,0.17937375,0.15219062
0.08310173,0.04155087,0.16620346,0.0,0.04155087,0.04155087,0.0,0.08310173,0.04155087,0.0,0.04155087,0.0,0.0,0.0,0.08310173,0.0,0.0,0.0,0.0,0.0,0.16006284,0.21667418
0.16037325,0.0,0.16037325,0.1069155,0.0,0.0,0.05345775,0.0,0.05345775,0.05345775,0.05345775,0.05345775,0.05345775,0.0,0.0,0.0,0.05345775,0.0,0.0,0.0,0.13563262,0.06250115
0.14270978,0.0,0.04756993,0.04756993,0.0,0.0,0.0,0.0,0.04756993,0.04756993,0.04756993,0.04756993,0.04756993,0.0,0.09513985,0.04756993,0.09513985,0.0,0.0,0.0,0.1603222,0.12612891
0.20546327,0.0,0.05136582,0.05136582,0.0,0.05136582,0.10273163,0.0,0.0,0.05136582,0.0,0.05136582,0.0,0.0,0.05136582,0.0,0.10273163,0.05136582,0.0,0.0,0.11782548,0.11168726
0.0,0.0,0.0567215,0.0,0.0,0.0,0.0,0.0,0.340329,0.0,0.0,0.113443,0.2836075,0.0,0.0,0.0,0.0567215,0.0,0.0,0.0,0.08798416,0.06119334
0.11713187,0.0,0.02342637,0.0937055,0.0,0.0,0.04685275,0.02342637,0.0,0.16398462,0.0,0.0,0.02342637,0.07027912,0.07027912,0.02342637,0.02342637,0.02342637,0.0,0.0,0.16800184,0.12920691
0.0,0.0,0.09397534,0.04698767,0.0,0.04698767,0.0,0.0,0.0,0.09397534,0.0,0.04698767,0.0,0.09397534,0.09397534,0.04698767,0.04698767,0.04698767,0.0,0.04698767,0.12336663,0.17181836
0.16779123,0.05593041,0.11186082,0.0,0.0,0.0,0.0,0.0,0.0,0.0,0.05593041,0.05593041,0.05593041,0.0,0.0,0.05593041,0.05593041,0.22372165,0.0,0.0,0.0876855,0.07335833
0.0365712,0.0,0.0365712,0.1462848,0.0,0.0731424,0.0,0.0365712,0.0,0.1097136,0.0,0.0731424,0.0,0.0365712,0.0731424,0.0,0.0365712,0.0365712,0.0,0.0,0.15711947,0.14802776
0.0,0.0,0.08989651,0.04494825,0.0,0.0,0.04494825,0.0,0.0,0.08989651,0.0,0.04494825,0.0,0.08989651,0.13484476,0.0,0.04494825,0.04494825,0.0,0.04494825,0.16564009,0.16013611
0.1495919,0.0,0.0,0.04986397,0.0,0.0,0.0,0.04986397,0.04986397,0.04986397,0.0,0.09972794,0.04986397,0.0,0.04986397,0.04986397,0.04986397,0.09972794,0.0,0.0,0.13921539,0.11282509
0.09320694,0.0,0.04660347,0.09320694,0.0,0.0,0.04660347,0.04660347,0.0,0.04660347,0.0,0.0,0.0,0.04660347,0.04660347,0.09320694,0.04660347,0.0,0.0,0.09320694,0.17458824,0.12635975
0.05059622,0.0,0.05059622,0.05059622,0.15178865,0.05059622,0.0,0.0,0.0,0.05059622,0.05059622,0.0,0.05059622,0.0,0.0,0.05059622,0.05059622,0.10119243,0.0,0.05059622,0.11198172,0.12907504
0.0,0.04679521,0.0,0.04679521,0.09359042,0.14038562,0.04679521,0.0,0.0,0.0,0.0,0.0,0.04679521,0.0,0.09359042,0.0,0.09359042,0.04679521,0.0,0.04679521,0.11133182,0.18674006
0.0,0.0,0.0,0.05703839,0.0,0.05703839,0.0,0.0,0.05703839,0.0,0.0,0.05703839,0.39926871,0.05703839,0.05703839,0.05703839,0.05703839,0.0,0.0,0.0,0.0597086,0.08471561
0.0,0.0,0.04190045,0.12570136,0.04190045,0.08380091,0.0,0.0,0.0,0.04190045,0.04190045,0.0,0.0,0.0,0.08380091,0.08380091,0.0,0.04190045,0.0,0.04190045,0.19035736,0.18113583
0.04493918,0.0,0.08987835,0.13481753,0.08987835,0.0,0.0,0.04493918,0.04493918,0.0,0.0,0.0,0.08987835,0.0,0.04493918,0.0,0.0,0.08987835,0.0,0.0,0.14567949,0.18023288
0.05521817,0.0,0.05521817,0.0,0.11043634,0.0,0.0,0.05521817,0.0,0.05521817,0.0,0.05521817,0.0,0.0,0.0,0.16565452,0.27609086,0.0,0.0,0.0,0.08821418,0.08351324
0.04694162,0.0,0.0,0.09388325,0.14082487,0.14082487,0.0,0.0,0.0,0.0,0.0,0.0,0.0,0.0,0.0,0.0,0.04694162,0.04694162,0.0,0.1877665,0.15718336,0.13869228
0.04899216,0.04899216,0.0,0.04899216,0.04899216,0.04899216,0.0,0.0,0.0,0.0,0.0,0.0,0.09798433,0.09798433,0.09798433,0.0,0.09798433,0.09798433,0.0,0.0,0.1141171,0.15100044
0.04911692,0.0,0.04911692,0.09823384,0.0,0.04911692,0.0,0.04911692,0.0,0.09823384,0.0,0.09823384,0.0,0.0,0.09823384,0.0,0.04911692,0.0,0.0,0.0,0.18874739,0.17273262
0.0523561,0.0,0.0,0.0,0.0523561,0.10471219,0.0,0.0523561,0.0,0.20942438,0.0,0.0523561,0.0523561,0.0523561,0.0,0.0523561,0.0523561,0.0,0.0,0.0523561,0.08457379,0.13008476
0.04868439,0.0,0.04868439,0.0,0.14605317,0.09736878,0.0,0.04868439,0.0,0.0,0.0,0.0,0.0,0.0,0.04868439,0.19473755,0.09736878,0.0,0.0,0.0,0.14346559,0.12626858
0.04377419,0.0,0.04377419,0.04377419,0.08754839,0.08754839,0.04377419,0.04377419,0.0,0.0,0.04377419,0.0,0.0,0.04377419,0.08754839,0.04377419,0.0,0.0,0.0,0.04377419,0.16288252,0.18050457
0.05481099,0.0,0.0,0.0,0.08221649,0.08221649,0.0,0.05481099,0.24664946,0.05481099,0.0,0.0,0.0,0.0,0.0,0.0,0.0,0.0274055,0.0,0.0,0.17754767,0.21953144
0.08129919,0.0,0.04064959,0.0,0.0,0.08129919,0.0,0.0,0.0,0.04064959,0.08129919,0.0,0.0,0.0,0.12194878,0.04064959,0.0,0.12194878,0.0,0.0,0.1780172,0.21223888
0.09568839,0.0,0.04784419,0.04784419,0.04784419,0.04784419,0.09568839,0.0,0.04784419,0.0,0.0,0.0,0.0,0.0,0.04784419,0.04784419,0.14353258,0.0,0.0,0.04784419,0.14109645,0.14124066
0.28814546,0.0,0.0,0.0,0.0,0.23051637,0.0,0.0,0.0,0.0,0.0,0.05762909,0.05762909,0.05762909,0.0,0.0,0.11525819,0.05762909,0.0,0.0,0.05965146,0.07591214
0.04819196,0.04819196,0.04819196,0.09638392,0.0,0.04819196,0.0,0.04819196,0.0,0.0,0.0,0.04819196,0.0,0.0,0.04819196,0.04819196,0.09638392,0.14457587,0.0,0.0,0.15670338,0.12041725
0.0,0.0,0.04519454,0.04519454,0.0,0.04519454,0.04519454,0.0,0.04519454,0.04519454,0.0,0.04519454,0.04519454,0.0,0.04519454,0.04519454,0.09038907,0.04519454,0.04519454,0.04519454,0.20797428,0.11410769
0.04811514,0.0,0.0,0.09623029,0.04811514,0.04811514,0.04811514,0.0,0.0,0.04811514,0.0,0.0,0.0,0.04811514,0.0,0.09623029,0.0,0.04811514,0.0,0.19246057,0.16456788,0.11370497
0.176543,0.0176543,0.0529629,0.0,0.0176543,0.0,0.0176543,0.0176543,0.0176543,0.1235801,0.0,0.0176543,0.0,0.0176543,0.0882715,0.0529629,0.0706172,0.0176543,0.0176543,0.0,0.13402524,0.14214847
0.08823598,0.0,0.08823598,0.0,0.08823598,0.04411799,0.04411799,0.0,0.04411799,0.0,0.0,0.0,0.0,0.04411799,0.04411799,0.0,0.08823598,0.04411799,0.0,0.04411799,0.16781759,0.17041253
0.09550243,0.0,0.0,0.04775121,0.09550243,0.0,0.0,0.09550243,0.14325364,0.0,0.0,0.04775121,0.04775121,0.0,0.0,0.0,0.0,0.09550243,0.0,0.04775121,0.14855914,0.13517266
0.0478068,0.0478068,0.0,0.09561361,0.0,0.0,0.0478068,0.0478068,0.0,0.14342041,0.0,0.09561361,0.0,0.0478068,0.0,0.0,0.0478068,0.0,0.09561361,0.0,0.16294812,0.11994984
0.0,0.0,0.10233533,0.10233533,0.05116767,0.0,0.05116767,0.10233533,0.0,0.10233533,0.05116767,0.05116767,0.05116767,0.0,0.0,0.0,0.05116767,0.05116767,0.0,0.0,0.13450225,0.09798274
0.0448308,0.0,0.0,0.0448308,0.08966159,0.0,0.0448308,0.08966159,0.0,0.0448308,0.0,0.0448308,0.0,0.08966159,0.08966159,0.0,0.0448308,0.0,0.0,0.0448308,0.19504134,0.13249673
0.08349257,0.04174628,0.0,0.0,0.0,0.04174628,0.0,0.04174628,0.08349257,0.0,0.0,0.04174628,0.0,0.0,0.08349257,0.04174628,0.04174628,0.08349257,0.0,0.04174628,0.1877803,0.18602545
0.0,0.0,0.0,0.0537777,0.0537777,0.0,0.0,0.0537777,0.0,0.1075554,0.0,0.0537777,0.0537777,0.0,0.0,0.1075554,0.26888849,0.0,0.0,0.0537777,0.10297373,0.0903608
0.0,0.0,0.04410143,0.0,0.04410143,0.04410143,0.04410143,0.0,0.04410143,0.0,0.0,0.0,0.0,0.04410143,0.04410143,0.08820285,0.04410143,0.13230428,0.04410143,0.04410143,0.15352352,0.1849551
0.09882784,0.0,0.0,0.04941392,0.04941392,0.0,0.0,0.04941392,0.14824175,0.0,0.04941392,0.04941392,0.04941392,0.0,0.0,0.0,0.04941392,0.0,0.0,0.14824175,0.13866657,0.12012466
0.0531909,0.0,0.0,0.0,0.0,0.0531909,0.0,0.0,0.2127636,0.0,0.0,0.1063818,0.2659545,0.0,0.0531909,0.0,0.0531909,0.0,0.0,0.0,0.09422445,0.10791206
0.10412768,0.0,0.05206384,0.0,0.0,0.05206384,0.0,0.0,0.05206384,0.0,0.0,0.10412768,0.20825537,0.0,0.05206384,0.0,0.10412768,0.05206384,0.0,0.0,0.0926636,0.12637877
0.08838714,0.04419357,0.0,0.08838714,0.0,0.04419357,0.04419357,0.04419357,0.0,0.08838714,0.0,0.04419357,0.0,0.04419357,0.04419357,0.0,0.0,0.04419357,0.04419357,0.0,0.18723806,0.14985836
0.09036275,0.0,0.13554413,0.0,0.04518138,0.0,0.09036275,0.09036275,0.0,0.09036275,0.0,0.0,0.0,0.0,0.04518138,0.0,0.04518138,0.04518138,0.0,0.0,0.18036502,0.14191435
0.0,0.0,0.04840758,0.0,0.04840758,0.0,0.09681516,0.04840758,0.0,0.04840758,0.04840758,0.09681516,0.0,0.09681516,0.04840758,0.0,0.04840758,0.04840758,0.0,0.04840758,0.13188939,0.14199693
0.0787444,0.0,0.0,0.1181166,0.0,0.0,0.0393722,0.0393722,0.0,0.19686099,0.0,0.0,0.0,0.0787444,0.0787444,0.0,0.0,0.0393722,0.0,0.0,0.17943691,0.15123571
0.04508084,0.0,0.0,0.09016167,0.0,0.0,0.04508084,0.0,0.04508084,0.18032335,0.0,0.09016167,0.0,0.04508084,0.04508084,0.0,0.04508084,0.0,0.04508084,0.0,0.15695505,0.16683239
0.03296795,0.0,0.0,0.06593589,0.0,0.0,0.0,0.0,0.06593589,0.13187179,0.0,0.03296795,0.0,0.06593589,0.06593589,0.03296795,0.03296795,0.03296795,0.0,0.06593589,0.15913962,0.2144694
0.09314113,0.0,0.09314113,0.04657057,0.04657057,0.0,0.0,0.04657057,0.04657057,0.04657057,0.0,0.09314113,0.0,0.0,0.04657057,0.0,0.04657057,0.04657057,0.0,0.04657057,0.17724874,0.12419277
0.0,0.0,0.0,0.07346135,0.0,0.0,0.0,0.0,0.22038404,0.22038404,0.0,0.0,0.0,0.0,0.1469227,0.0,0.0,0.0,0.0,0.0,0.13733504,0.20151283
0.04291292,0.0,0.04291292,0.04291292,0.08582584,0.08582584,0.0,0.0,0.0,0.04291292,0.0,0.0,0.0,0.0,0.08582584,0.17165167,0.0,0.0,0.0,0.04291292,0.20682371,0.14948253
0.04439593,0.0,0.0,0.08879186,0.0,0.0,0.04439593,0.0,0.0,0.17758371,0.0,0.04439593,0.0,0.0,0.08879186,0.04439593,0.04439593,0.04439593,0.0,0.04439593,0.17109969,0.1629614
0.09222474,0.0,0.0,0.04611237,0.0,0.0,0.0,0.04611237,0.04611237,0.1383371,0.0,0.1383371,0.04611237,0.0,0.04611237,0.0,0.04611237,0.0,0.04611237,0.0,0.14774749,0.16056699
0.0,0.0,0.04699282,0.09398564,0.04699282,0.09398564,0.0,0.0,0.0,0.09398564,0.0,0.0,0.04699282,0.04699282,0.04699282,0.04699282,0.0,0.09398564,0.0,0.04699282,0.16601791,0.12908981
0.08219957,0.0,0.04109979,0.0,0.04109979,0.0,0.04109979,0.08219957,0.04109979,0.0,0.04109979,0.04109979,0.0,0.0,0.12329936,0.0,0.04109979,0.0,0.0,0.04109979,0.16575573,0.21774746
0.0,0.0,0.04218924,0.12656771,0.0,0.0,0.0,0.0,0.04218924,0.04218924,0.08437847,0.0,0.0,0.04218924,0.04218924,0.04218924,0.04218924,0.04218924,0.04218924,0.04218924,0.18439363,0.18276783
0.0436978,0.0436978,0.0436978,0.08739559,0.0,0.0,0.0,0.0436978,0.0,0.08739559,0.0,0.0436978,0.0436978,0.0,0.08739559,0.0,0.08739559,0.0436978,0.0,0.0,0.17749857,0.16703449
0.08325048,0.0,0.0,0.08325048,0.12487572,0.0,0.08325048,0.04162524,0.0,0.04162524,0.08325048,0.04162524,0.04162524,0.12487572,0.0,0.0,0.0,0.0,0.0,0.0,0.11615352,0.13459215
0.04180968,0.0,0.04180968,0.0,0.0,0.04180968,0.08361936,0.04180968,0.0,0.04180968,0.04180968,0.08361936,0.0,0.04180968,0.08361936,0.0,0.0,0.08361936,0.0,0.0,0.15734999,0.21550479
0.05030895,0.0,0.1006179,0.1006179,0.05030895,0.0,0.1006179,0.0,0.0,0.05030895,0.0,0.1006179,0.0,0.0,0.05030895,0.0,0.15092685,0.0,0.0,0.0,0.11355862,0.13180713
0.09096087,0.0,0.0,0.0,0.0,0.04548043,0.0,0.04548043,0.0,0.0,0.0,0.09096087,0.04548043,0.0,0.09096087,0.09096087,0.04548043,0.1364413,0.0,0.0,0.1348308,0.18296271
0.09820255,0.0,0.0,0.09820255,0.04910127,0.04910127,0.0,0.09820255,0.04910127,0.0,0.0,0.09820255,0.0,0.0,0.0,0.0,0.04910127,0.09820255,0.0,0.04910127,0.11607734,0.14740354
0.13443117,0.0,0.0,0.0,0.0,0.04481039,0.04481039,0.0,0.0,0.0,0.0,0.04481039,0.04481039,0.0,0.08962078,0.04481039,0.17924156,0.0,0.04481039,0.0,0.15987531,0.16796882
0.24620152,0.0,0.0,0.0,0.0,0.12310076,0.0,0.0,0.0,0.06155038,0.0,0.0,0.36930228,0.0,0.0,0.0,0.12310076,0.0,0.0,0.0,0.03760135,0.03914296
0.12141055,0.0,0.06070527,0.06070527,0.0,0.03035264,0.06070527,0.0,0.0,0.09105791,0.03035264,0.0,0.03035264,0.0,0.12141055,0.0,0.03035264,0.03035264,0.0,0.0,0.20622349,0.12601851
0.0,0.0,0.0,0.13758633,0.0,0.09172422,0.0,0.0,0.0,0.18344844,0.0,0.09172422,0.04586211,0.04586211,0.04586211,0.0,0.0,0.04586211,0.0,0.0,0.19608395,0.1159844
0.18971824,0.0,0.0,0.0,0.0,0.06323941,0.0,0.0,0.0,0.0,0.0,0.12647883,0.4426759,0.0,0.0,0.06323941,0.06323941,0.0,0.0,0.0,0.03314987,0.01825892
0.11614064,0.0,0.05807032,0.0,0.0,0.11614064,0.0,0.0,0.11614064,0.05807032,0.0,0.0,0.34842191,0.0,0.0,0.0,0.05807032,0.0,0.0,0.0,0.08341096,0.04553428
0.15758389,0.0,0.0,0.05252796,0.0,0.05252796,0.0,0.05252796,0.0,0.0,0.0,0.05252796,0.21011186,0.0,0.05252796,0.10505593,0.0,0.05252796,0.0,0.0,0.10814082,0.10393971
0.2594018,0.0,0.05188036,0.0,0.0,0.10376072,0.05188036,0.0,0.0,0.0,0.0,0.05188036,0.10376072,0.0,0.05188036,0.0,0.05188036,0.05188036,0.0,0.0,0.11512678,0.10666782
0.04296373,0.0,0.0,0.04296373,0.04296373,0.04296373,0.04296373,0.0,0.0,0.0,0.0,0.04296373,0.04296373,0.0,0.08592745,0.04296373,0.08592745,0.08592745,0.0,0.04296373,0.18988341,0.16566069
0.0,0.04805604,0.04805604,0.09611209,0.0,0.0,0.0,0.0,0.04805604,0.0,0.09611209,0.0,0.04805604,0.04805604,0.0,0.04805604,0.09611209,0.09611209,0.04805604,0.0,0.13592755,0.14323178
0.03124331,0.0,0.03124331,0.15621653,0.03124331,0.0,0.0,0.0,0.12497322,0.12497322,0.03124331,0.03124331,0.03124331,0.03124331,0.03124331,0.0,0.0,0.03124331,0.0,0.0,0.1645553,0.14809198
0.08846231,0.0,0.02948744,0.08846231,0.0,0.05897487,0.0,0.0,0.02948744,0.11794975,0.0,0.02948744,0.02948744,0.02948744,0.08846231,0.02948744,0.0,0.0,0.0,0.02948744,0.19045403,0.16082237
0.0,0.0462272,0.0,0.09245441,0.0462272,0.0462272,0.0,0.0,0.0,0.0,0.0,0.0,0.13868161,0.13868161,0.13868161,0.0,0.0462272,0.0,0.0,0.0,0.16232716,0.14426479
0.04703533,0.0,0.04703533,0.09407066,0.14110599,0.04703533,0.0,0.04703533,0.0,0.0,0.04703533,0.0,0.09407066,0.04703533,0.04703533,0.0,0.0,0.04703533,0.0,0.0,0.14724964,0.1472204
0.04274311,0.0,0.04274311,0.08548622,0.0,0.04274311,0.0,0.04274311,0.0,0.12822932,0.0,0.08548622,0.0,0.04274311,0.08548622,0.0,0.04274311,0.0,0.0,0.0,0.18099569,0.17785769
0.04492389,0.0,0.13477166,0.0,0.04492389,0.0,0.04492389,0.04492389,0.0,0.08984778,0.0,0.04492389,0.0,0.08984778,0.13477166,0.0,0.0,0.0,0.0,0.0,0.18316865,0.14297304
0.08550381,0.0,0.08550381,0.0,0.0427519,0.0427519,0.0,0.0,0.0427519,0.0427519,0.0,0.0,0.0,0.0427519,0.08550381,0.0,0.08550381,0.0427519,0.0,0.0427519,0.19152563,0.16719579
0.05046571,0.0,0.10093141,0.0,0.05046571,0.0,0.0,0.15139712,0.0,0.05046571,0.0,0.05046571,0.0,0.0,0.05046571,0.05046571,0.15139712,0.05046571,0.0,0.0,0.1483881,0.0946263
0.11868458,0.0,0.03956153,0.03956153,0.03956153,0.03956153,0.0,0.0,0.07912305,0.07912305,0.0,0.0,0.0,0.03956153,0.03956153,0.0,0.07912305,0.07912305,0.0,0.0,0.16204588,0.16540819
0.0,0.0,0.0,0.09730981,0.0,0.0,0.04865491,0.0,0.04865491,0.04865491,0.0,0.04865491,0.14596472,0.04865491,0.14596472,0.04865491,0.04865491,0.0,0.0,0.0,0.11695145,0.15322496
0.0,0.0,0.09543783,0.09543783,0.0,0.04771891,0.04771891,0.04771891,0.04771891,0.09543783,0.0,0.0,0.0,0.0,0.04771891,0.04771891,0.04771891,0.04771891,0.0,0.04771891,0.15593263,0.12828367
0.05133885,0.0,0.0,0.1026777,0.05133885,0.1026777,0.0,0.05133885,0.0,0.0,0.0,0.05133885,0.05133885,0.05133885,0.05133885,0.0,0.05133885,0.1026777,0.0,0.05133885,0.13478832,0.09512892
0.0,0.04783234,0.0,0.09566468,0.0,0.09566468,0.0,0.0,0.0,0.0,0.0,0.04783234,0.09566468,0.04783234,0.14349703,0.0,0.09566468,0.0,0.0,0.04783234,0.14967047,0.1328444
0.0,0.0,0.03386952,0.05080429,0.06773905,0.03386952,0.0,0.05080429,0.10160857,0.06773905,0.0,0.01693476,0.01693476,0.01693476,0.08467381,0.03386952,0.01693476,0.03386952,0.0,0.0,0.19382075,0.17959304
0.08549999,0.04275,0.17099999,0.0,0.0,0.08549999,0.0,0.04275,0.04275,0.04275,0.0,0.0,0.0,0.0,0.08549999,0.0,0.0,0.04275,0.0,0.0,0.18778211,0.17096793
0.04905608,0.0,0.04905608,0.0,0.04905608,0.0,0.04905608,0.04905608,0.0,0.04905608,0.0,0.0,0.0,0.04905608,0.04905608,0.14716825,0.14716825,0.04905608,0.0,0.0,0.13874952,0.12540923
0.04396524,0.04396524,0.0,0.0,0.0,0.04396524,0.0,0.04396524,0.0,0.0,0.04396524,0.0,0.08793048,0.0,0.13189571,0.17586095,0.0,0.0,0.0,0.04396524,0.17849871,0.16202272
0.0,0.0,0.0,0.0,0.08874195,0.08874195,0.04437098,0.04437098,0.0,0.0,0.04437098,0.0,0.0,0.08874195,0.04437098,0.08874195,0.0,0.04437098,0.04437098,0.04437098,0.15158599,0.18284938
0.04416893,0.04416893,0.0,0.0,0.04416893,0.04416893,0.0,0.0,0.0,0.04416893,0.0,0.0,0.08833785,0.0,0.13250678,0.13250678,0.0,0.04416893,0.0,0.04416893,0.16630674,0.17115935
0.11032949,0.05516475,0.05516475,0.0,0.0,0.0,0.0,0.05516475,0.0,0.0,0.0,0.11032949,0.05516475,0.05516475,0.0,0.05516475,0.05516475,0.22065898,0.0,0.0,0.07352338,0.09900544
0.04354482,0.0,0.0,0.08708963,0.04354482,0.0,0.0,0.08708963,0.04354482,0.0,0.0,0.0,0.0,0.0,0.08708963,0.13063445,0.08708963,0.04354482,0.0,0.0,0.18902151,0.15780625
0.0895295,0.0,0.0,0.04476475,0.0,0.06714712,0.0,0.0895295,0.11191187,0.04476475,0.0,0.02238237,0.02238237,0.02238237,0.04476475,0.0895295,0.02238237,0.0,0.02238237,0.0,0.1412245,0.1649219
0.18021062,0.0,0.07723312,0.05148875,0.0,0.05148875,0.05148875,0.02574437,0.02574437,0.05148875,0.0,0.07723312,0.0,0.0,0.05148875,0.0,0.07723312,0.02574437,0.0,0.0,0.14696616,0.10644697
0.04966165,0.0,0.14898496,0.09932331,0.04966165,0.0,0.09932331,0.0,0.04966165,0.04966165,0.04966165,0.0,0.0,0.0,0.04966165,0.0,0.09932331,0.0,0.0,0.0,0.14976021,0.10531499
0.0,0.0,0.04568513,0.04568513,0.09137025,0.09137025,0.0,0.0,0.0,0.0,0.04568513,0.0,0.04568513,0.0,0.04568513,0.04568513,0.04568513,0.04568513,0.0,0.13705538,0.14625571,0.16846741
0.04313204,0.0,0.08626408,0.08626408,0.0,0.0,0.04313204,0.04313204,0.04313204,0.08626408,0.0,0.04313204,0.0,0.0,0.08626408,0.0,0.08626408,0.0,0.0,0.0,0.1860476,0.16697177
0.0,0.0,0.04907196,0.14721589,0.04907196,0.0,0.04907196,0.0,0.0,0.09814393,0.04907196,0.0,0.04907196,0.0,0.0,0.0,0.09814393,0.09814393,0.0,0.04907196,0.14298098,0.12093955
0.04518835,0.04518835,0.04518835,0.04518835,0.0,0.04518835,0.04518835,0.04518835,0.0,0.0,0.0,0.0,0.04518835,0.0,0.13556504,0.0,0.09037669,0.04518835,0.0,0.04518835,0.13564703,0.18652776
0.04678279,0.0,0.04678279,0.0,0.04678279,0.0,0.0,0.0,0.04678279,0.09356558,0.0,0.04678279,0.04678279,0.0,0.04678279,0.0,0.18713115,0.04678279,0.04678279,0.0,0.16163553,0.13662265
0.0,0.0,0.04323368,0.0,0.0,0.04323368,0.04323368,0.0,0.04323368,0.04323368,0.0,0.04323368,0.0,0.0,0.08646735,0.04323368,0.1729347,0.0,0.04323368,0.04323368,0.20834633,0.14314853
0.14475664,0.0,0.0,0.0,0.0,0.0,0.0,0.0,0.04825221,0.09650443,0.0,0.04825221,0.04825221,0.0,0.09650443,0.0,0.24126107,0.0,0.0,0.0,0.15242909,0.12378771
0.0,0.0,0.04654431,0.04654431,0.0,0.04654431,0.0,0.0,0.0,0.13963292,0.0,0.04654431,0.04654431,0.0,0.04654431,0.04654431,0.13963292,0.04654431,0.0,0.04654431,0.16977236,0.13206303
0.04484951,0.04484951,0.04484951,0.0,0.0,0.0,0.0,0.0,0.04484951,0.0,0.0,0.0,0.08969901,0.0,0.04484951,0.04484951,0.08969901,0.13454852,0.08969901,0.0,0.16175326,0.16550416
0.06374702,0.01593675,0.01593675,0.01593675,0.01593675,0.07968377,0.0,0.01593675,0.0,0.09562053,0.0,0.0,0.04781026,0.0,0.04781026,0.06374702,0.07968377,0.04781026,0.04781026,0.03187351,0.14459048,0.17012906
0.09779245,0.0,0.04889622,0.0,0.0,0.0,0.0,0.09779245,0.0,0.0,0.04889622,0.09779245,0.0,0.04889622,0.04889622,0.09779245,0.0,0.14668867,0.0,0.0,0.13120586,0.13535077
0.04219612,0.04219612,0.0,0.04219612,0.0,0.0,0.0,0.0,0.04219612,0.04219612,0.0,0.08439225,0.0,0.0,0.08439225,0.04219612,0.08439225,0.08439225,0.0,0.04219612,0.17858771,0.18847044
0.09012688,0.0,0.09012688,0.04506344,0.04506344,0.0,0.0,0.0,0.0,0.04506344,0.0,0.0,0.04506344,0.0,0.04506344,0.04506344,0.0,0.13519032,0.0,0.09012688,0.16650474,0.15754369
0.03400084,0.0,0.03400084,0.13600337,0.0,0.06800168,0.0,0.03400084,0.0,0.10200253,0.0,0.06800168,0.0,0.03400084,0.06800168,0.0,0.03400084,0.03400084,0.0,0.0,0.19059996,0.16338403
0.0,0.0,0.0,0.0,0.15483898,0.09290339,0.12387118,0.06193559,0.0309678,0.0309678,0.0,0.0309678,0.0,0.0309678,0.0,0.0309678,0.0,0.12387118,0.0,0.0,0.13548521,0.15225549
0.05189872,0.0,0.0,0.0,0.05189872,0.15569617,0.0,0.05189872,0.0,0.10379745,0.0,0.05189872,0.05189872,0.10379745,0.0,0.0,0.0,0.05189872,0.0,0.10379745,0.09117827,0.13034085
0.04700845,0.0,0.0,0.0,0.0,0.04700845,0.0,0.09401691,0.0,0.0,0.04700845,0.04700845,0.04700845,0.04700845,0.09401691,0.14102536,0.0,0.09401691,0.0,0.0,0.14173737,0.15313582
0.0,0.0,0.07030279,0.07030279,0.0,0.03515139,0.0,0.0,0.10545418,0.07030279,0.03515139,0.03515139,0.0,0.0,0.0,0.03515139,0.03515139,0.07030279,0.03515139,0.03515139,0.16070758,0.20656734
0.0,0.0,0.0746742,0.0746742,0.0,0.0373371,0.0,0.0,0.1120113,0.0746742,0.0373371,0.0,0.0373371,0.0373371,0.0,0.0373371,0.0373371,0.0746742,0.0,0.0373371,0.16561912,0.16231306
0.04892048,0.0,0.09784096,0.04892048,0.09784096,0.04892048,0.0,0.0,0.0,0.04892048,0.0,0.0,0.04892048,0.0,0.0,0.0,0.04892048,0.14676145,0.0,0.09784096,0.13092274,0.13527003
0.0,0.0464976,0.0,0.0,0.0,0.0,0.0,0.0,0.09299519,0.0,0.0464976,0.0,0.09299519,0.0464976,0.0464976,0.0464976,0.09299519,0.09299519,0.09299519,0.0,0.13580105,0.16673501
0.18222076,0.0,0.04555519,0.0,0.0,0.0,0.0,0.0,0.04555519,0.04555519,0.0,0.0,0.04555519,0.0,0.09111038,0.0,0.18222076,0.0,0.0,0.04555519,0.1847764,0.13189576
0.0,0.0,0.04793798,0.14381394,0.0,0.14381394,0.0,0.0,0.0,0.09587596,0.0,0.04793798,0.04793798,0.09587596,0.0,0.0,0.0,0.04793798,0.0,0.04793798,0.13771503,0.14321527
0.04668349,0.0,0.0,0.09336699,0.0,0.09336699,0.09336699,0.0,0.0,0.0,0.0,0.0,0.0,0.0,0.04668349,0.04668349,0.14005048,0.0,0.0,0.14005048,0.1474068,0.15234081
0.0,0.0,0.0,0.09119054,0.04559527,0.09119054,0.04559527,0.0,0.0,0.0,0.04559527,0.0,0.04559527,0.0,0.04559527,0.09119054,0.04559527,0.0,0.0,0.13678582,0.12937984,0.18669107
0.11230195,0.0,0.0,0.07486796,0.01871699,0.01871699,0.03743398,0.01871699,0.0,0.16845292,0.0,0.0,0.0,0.07486796,0.05615097,0.01871699,0.01871699,0.03743398,0.0,0.01871699,0.14310887,0.18307945
0.10292988,0.0,0.0,0.0,0.05146494,0.10292988,0.0,0.05146494,0.0,0.10292988,0.0,0.05146494,0.05146494,0.10292988,0.0,0.0,0.0,0.0,0.0,0.15439481,0.10042831,0.12759761
0.41337954,0.0,0.0,0.0,0.0,0.11810844,0.0,0.0,0.0,0.0,0.0,0.05905422,0.11810844,0.05905422,0.0,0.0,0.11810844,0.0,0.0,0.0,0.04924953,0.06493716
0.13252549,0.0,0.04417516,0.04417516,0.0,0.04417516,0.08835033,0.04417516,0.04417516,0.08835033,0.0,0.0,0.0,0.0,0.08835033,0.0,0.04417516,0.0,0.0,0.0,0.17246599,0.16490656
0.24033466,0.0,0.0,0.0,0.0,0.18025099,0.0,0.0,0.0,0.06008366,0.0,0.06008366,0.30041832,0.0,0.0,0.0,0.06008366,0.0,0.0,0.0,0.05195649,0.04678854
0.1130011,0.0,0.05650055,0.0,0.0,0.05650055,0.0,0.0,0.28250276,0.0,0.0,0.05650055,0.22600221,0.0,0.0,0.0,0.05650055,0.0,0.0,0.0,0.08749696,0.06499476
0.07866301,0.0,0.11799451,0.0,0.07866301,0.0393315,0.0,0.0,0.0393315,0.0393315,0.0,0.0,0.0,0.0393315,0.07866301,0.0,0.0,0.0393315,0.0,0.0393315,0.19375682,0.21627063
0.04318395,0.0,0.0,0.12955184,0.0,0.0,0.04318395,0.0,0.04318395,0.08636789,0.0,0.0,0.0,0.04318395,0.12955184,0.04318395,0.0,0.04318395,0.0,0.04318395,0.18157601,0.17066479
0.11057512,0.05528756,0.05528756,0.05528756,0.05528756,0.0,0.0,0.0,0.0,0.0,0.0,0.11057512,0.16586267,0.0,0.0,0.0,0.11057512,0.05528756,0.0,0.05528756,0.0856112,0.08507543
0.04639535,0.04639535,0.0,0.0927907,0.04639535,0.04639535,0.04639535,0.04639535,0.0,0.0,0.0,0.04639535,0.0,0.0,0.04639535,0.0,0.0927907,0.0927907,0.0,0.04639535,0.13011078,0.173959
0.08703775,0.0,0.0,0.04351888,0.04351888,0.0,0.04351888,0.0,0.04351888,0.04351888,0.0,0.08703775,0.0,0.0,0.08703775,0.0,0.08703775,0.04351888,0.0,0.04351888,0.16764341,0.17957344
0.11456787,0.05728393,0.0,0.0,0.05728393,0.05728393,0.0,0.0,0.0,0.0,0.0,0.05728393,0.1718518,0.0,0.0,0.0,0.11456787,0.1718518,0.0,0.05728393,0.06025554,0.08048547
0.15582197,0.0,0.0,0.09349318,0.0,0.0,0.06232879,0.0,0.09349318,0.09349318,0.0,0.0,0.0,0.0,0.03116439,0.06232879,0.06232879,0.0,0.0,0.03116439,0.16560461,0.14877871
0.09776691,0.04888346,0.04888346,0.0,0.0,0.04888346,0.0,0.0,0.0,0.04888346,0.09776691,0.0,0.04888346,0.0,0.04888346,0.04888346,0.04888346,0.14665037,0.0,0.0,0.13749013,0.12925801
0.09084093,0.0,0.0,0.0,0.0,0.04542046,0.04542046,0.04542046,0.04542046,0.0,0.0,0.04542046,0.04542046,0.09084093,0.09084093,0.0,0.04542046,0.04542046,0.0,0.04542046,0.16137226,0.15732077
0.15021527,0.0,0.0,0.05007176,0.0,0.0,0.0,0.05007176,0.05007176,0.0,0.0,0.05007176,0.0,0.0,0.05007176,0.20028703,0.10014352,0.05007176,0.0,0.0,0.13658109,0.11234254
0.08120935,0.0,0.0,0.0,0.0,0.08120935,0.0,0.0,0.0,0.04060468,0.04060468,0.0,0.0,0.0,0.12181403,0.08120935,0.04060468,0.12181403,0.0,0.0,0.16628572,0.22464413
0.10325274,0.0,0.0,0.0,0.05162637,0.0,0.0,0.0,0.05162637,0.10325274,0.0,0.05162637,0.10325274,0.0,0.05162637,0.0,0.25813186,0.0,0.0,0.0,0.10074665,0.12485778
0.10033619,0.0,0.0,0.0,0.0,0.05016809,0.05016809,0.05016809,0.05016809,0.0,0.0,0.05016809,0.05016809,0.15050428,0.0,0.0,0.05016809,0.05016809,0.0,0.10033619,0.12943135,0.11804726
0.04908777,0.0,0.04908777,0.0,0.04908777,0.0,0.0,0.0,0.04908777,0.0,0.04908777,0.0,0.0,0.04908777,0.0,0.04908777,0.09817554,0.14726331,0.04908777,0.09817554,0.11077356,0.15290991
0.04276444,0.0,0.08552888,0.08552888,0.0,0.0,0.0,0.1069111,0.06414666,0.08552888,0.0,0.06414666,0.02138222,0.0,0.02138222,0.08552888,0.02138222,0.02138222,0.02138222,0.0,0.15658395,0.1164206
0.04163406,0.0,0.08326813,0.08326813,0.0,0.0,0.0,0.10408516,0.0624511,0.08326813,0.0,0.08326813,0.02081703,0.0,0.02081703,0.08326813,0.02081703,0.02081703,0.02081703,0.0,0.1542203,0.11718357
0.04349587,0.0,0.08699175,0.08699175,0.0,0.0,0.0,0.08699175,0.06524381,0.08699175,0.0,0.08699175,0.04349587,0.0,0.0,0.08699175,0.04349587,0.02174794,0.02174794,0.0,0.13974598,0.09907621
0.04117984,0.0,0.08235968,0.08235968,0.0,0.0,0.0,0.08235968,0.08235968,0.08235968,0.0,0.04117984,0.02058992,0.02058992,0.04117984,0.08235968,0.0,0.02058992,0.02058992,0.0,0.16113387,0.13880888
0.04437486,0.0,0.08874972,0.08874972,0.0,0.0,0.0,0.08874972,0.06656229,0.08874972,0.0,0.08874972,0.04437486,0.0,0.0,0.08874972,0.04437486,0.02218743,0.0,0.02218743,0.1333652,0.09007477
0.10071848,0.0,0.0,0.0,0.10071848,0.20143695,0.0,0.0,0.0,0.0,0.0,0.0,0.10071848,0.0,0.10071848,0.0,0.0,0.0,0.0,0.0,0.21933664,0.17635251
0.0,0.0679781,0.0,0.0,0.0,0.0679781,0.0,0.0,0.1359562,0.0,0.0,0.0,0.0,0.0679781,0.40786859,0.0,0.0,0.0,0.0,0.0,0.130303,0.12193791
0.0314383,0.0,0.0314383,0.0314383,0.0,0.09431491,0.0,0.0314383,0.0,0.0314383,0.0,0.0628766,0.0314383,0.0,0.09431491,0.0314383,0.0628766,0.0628766,0.0314383,0.0,0.18597421,0.18525974
0.11119913,0.0,0.0,0.11119913,0.0,0.0,0.02779978,0.02779978,0.0,0.1667987,0.0,0.0,0.0,0.08339935,0.08339935,0.02779978,0.02779978,0.02779978,0.0,0.0,0.14787149,0.15713394
0.10169068,0.0,0.0,0.0,0.0,0.0,0.05084534,0.05084534,0.10169068,0.10169068,0.0,0.10169068,0.0,0.0,0.05084534,0.0,0.05084534,0.05084534,0.0,0.0,0.21285953,0.12615104
0.05350446,0.05350446,0.05350446,0.0,0.0,0.0,0.0,0.05350446,0.05350446,0.05350446,0.0,0.16051337,0.0,0.05350446,0.10700891,0.0,0.0,0.05350446,0.0,0.0,0.18647986,0.1179622
0.10885189,0.05442594,0.0,0.0,0.0,0.0,0.0,0.05442594,0.05442594,0.10885189,0.0,0.16327783,0.0,0.05442594,0.05442594,0.0,0.0,0.05442594,0.0,0.0,0.16381316,0.12864957
0.0,0.10012082,0.03337361,0.03337361,0.06674721,0.06674721,0.03337361,0.0,0.0,0.0,0.0,0.0,0.06674721,0.0,0.06674721,0.03337361,0.06674721,0.06674721,0.03337361,0.0,0.17554118,0.15698672
0.0,0.15778729,0.0,0.07889365,0.15778729,0.0,0.0,0.0,0.0,0.0,0.0,0.0,0.07889365,0.0,0.07889365,0.07889365,0.0,0.0,0.0,0.0,0.16306009,0.20579074
0.0302086,0.0302086,0.0302086,0.0302086,0.0,0.09062581,0.0,0.0302086,0.0,0.0,0.0,0.06041721,0.0302086,0.0,0.12083442,0.0302086,0.0302086,0.06041721,0.0302086,0.0,0.20964825,0.18617966
0.0,0.09590812,0.0,0.09590812,0.19181624,0.0,0.0,0.0,0.0,0.0,0.0,0.0,0.0,0.0,0.09590812,0.09590812,0.0,0.0,0.0,0.0,0.20547892,0.21907237
0.03050413,0.06100827,0.03050413,0.03050413,0.0,0.0915124,0.0,0.03050413,0.0,0.0,0.0,0.03050413,0.03050413,0.0,0.12201653,0.06100827,0.03050413,0.03050413,0.03050413,0.0,0.20048215,0.18943519
0.0345751,0.0,0.0345751,0.0345751,0.0691502,0.0345751,0.0,0.0345751,0.0,0.0691502,0.0,0.0345751,0.10372529,0.0,0.0691502,0.0,0.10372529,0.0691502,0.0,0.0,0.16266091,0.14583712
0.0,0.0,0.04951296,0.09902592,0.0,0.0,0.0,0.04951296,0.14853889,0.09902592,0.0,0.0,0.04951296,0.04951296,0.0,0.0,0.0,0.0,0.04951296,0.04951296,0.18239509,0.1739364
0.03456194,0.06912387,0.03456194,0.06912387,0.0,0.03456194,0.0,0.03456194,0.0,0.06912387,0.0,0.0,0.06912387,0.0,0.06912387,0.06912387,0.03456194,0.06912387,0.03456194,0.0,0.12955633,0.17920492
0.0,0.03247964,0.0,0.03247964,0.06495928,0.09743892,0.03247964,0.0,0.03247964,0.03247964,0.0,0.0,0.06495928,0.0,0.09743892,0.03247964,0.09743892,0.03247964,0.0,0.0,0.17747776,0.17292943
0.10053121,0.0,0.0,0.05026561,0.10053121,0.0,0.10053121,0.0,0.05026561,0.0,0.0,0.05026561,0.0,0.0,0.05026561,0.05026561,0.0,0.10053121,0.0,0.0,0.1871765,0.15937062
0.06895197,0.0,0.03447599,0.0,0.03447599,0.10342796,0.0,0.0,0.03447599,0.06895197,0.0,0.0,0.06895197,0.03447599,0.03447599,0.10342796,0.0,0.03447599,0.03447599,0.03447599,0.16439796,0.14608229
0.0,0.24519449,0.0,0.0,0.0,0.16346299,0.0,0.20432874,0.0,0.0,0.0,0.0,0.0,0.0,0.0817315,0.0,0.0,0.0,0.0,0.04086575,0.14677544,0.1176411
0.0,0.2403013,0.0,0.0,0.0,0.16020087,0.0,0.20025109,0.0,0.0,0.0,0.0,0.0,0.0,0.08010043,0.0,0.0,0.0,0.0,0.04005022,0.15138841,0.12770768
0.0,0.22095969,0.0,0.0,0.0,0.14730646,0.0,0.14730646,0.0,0.0,0.0,0.0,0.0,0.0,0.11047984,0.0,0.0,0.0,0.0,0.03682661,0.1678259,0.16929503
0.0,0.03176409,0.0,0.06352819,0.03176409,0.12705637,0.0,0.0,0.0,0.09529228,0.03176409,0.0,0.03176409,0.0,0.09529228,0.03176409,0.03176409,0.03176409,0.0,0.03176409,0.14501345,0.2197047
0.0,0.0,0.0,0.0,0.03448476,0.1724238,0.0,0.0,0.0,0.03448476,0.03448476,0.06896952,0.06896952,0.03448476,0.06896952,0.06896952,0.03448476,0.03448476,0.0,0.03448476,0.18610191,0.12420287
0.0,0.03157077,0.03157077,0.03157077,0.0,0.0947123,0.0,0.03157077,0.0,0.06314153,0.0,0.03157077,0.03157077,0.0,0.0947123,0.03157077,0.06314153,0.06314153,0.03157077,0.0,0.17859882,0.18998586
0.10399317,0.10399317,0.0,0.0,0.10399317,0.0,0.10399317,0.0,0.10399317,0.0,0.0,0.0,0.0,0.0,0.0,0.0,0.0,0.0,0.10399317,0.0,0.18660701,0.18943396
0.0,0.10179816,0.10179816,0.0,0.10179816,0.0,0.10179816,0.0,0.10179816,0.0,0.0,0.0,0.0,0.0,0.0,0.0,0.0,0.0,0.10179816,0.0,0.18642908,0.20278194
0.0,0.11233739,0.0,0.0,0.11233739,0.0,0.11233739,0.0,0.11233739,0.11233739,0.0,0.0,0.0,0.0,0.0,0.0,0.0,0.0,0.11233739,0.0,0.15689219,0.16908349
0.0,0.10818418,0.0,0.0,0.10818418,0.0,0.10818418,0.0,0.10818418,0.0,0.0,0.0,0.0,0.0,0.0,0.0,0.10818418,0.0,0.10818418,0.0,0.16897243,0.18192251
0.05996837,0.05996837,0.0,0.0,0.0,0.0,0.05996837,0.05996837,0.05996837,0.17990511,0.0,0.11993674,0.05996837,0.05996837,0.0,0.0,0.05996837,0.0,0.0,0.0,0.12022624,0.10018496
0.0,0.03796651,0.0,0.0,0.0,0.07593302,0.07593302,0.0,0.0,0.03796651,0.0,0.03796651,0.07593302,0.11389953,0.0,0.11389953,0.0,0.03796651,0.07593302,0.07593302,0.14355258,0.09711721
0.12982443,0.06491222,0.0,0.0,0.0,0.0,0.0,0.12982443,0.0,0.12982443,0.0,0.12982443,0.06491222,0.06491222,0.0,0.0,0.06491222,0.06491222,0.0,0.0,0.07007474,0.08606644
0.04710002,0.0,0.04710002,0.04710002,0.0,0.04710002,0.04710002,0.09420005,0.0,0.09420005,0.0,0.0,0.04710002,0.0,0.04710002,0.09420005,0.0,0.09420005,0.0,0.0,0.16961425,0.12388538
0.0,0.0,0.04170566,0.04170566,0.0,0.08341131,0.08341131,0.04170566,0.0,0.08341131,0.0,0.0,0.0,0.0,0.04170566,0.0,0.12511697,0.0,0.08341131,0.04170566,0.14098439,0.19172511
0.0,0.0,0.07652921,0.0,0.0,0.0,0.0,0.07652921,0.0,0.0,0.07652921,0.0,0.0,0.07652921,0.07652921,0.0,0.0,0.15305842,0.07652921,0.0,0.17845212,0.20931419
0.03958266,0.03958266,0.0,0.03958266,0.11874797,0.11874797,0.0,0.03958266,0.03958266,0.0,0.0,0.0,0.19791328,0.0,0.0,0.0,0.11874797,0.03958266,0.0,0.0,0.10066328,0.10768359
0.0,0.05793159,0.05793159,0.0,0.0,0.0,0.0,0.05793159,0.11586319,0.05793159,0.0,0.17379478,0.05793159,0.05793159,0.05793159,0.0,0.0,0.05793159,0.0,0.0,0.1270002,0.11988907
0.0,0.0,0.0,0.0,0.0,0.0,0.0,0.0,0.12794334,0.12794334,0.0,0.0,0.12794334,0.0,0.0,0.25588667,0.0,0.12794334,0.0,0.0,0.12082201,0.11151797
0.0,0.0,0.0,0.0,0.0,0.0,0.0,0.0,0.10794015,0.10794015,0.0,0.0,0.10794015,0.0,0.0,0.2158803,0.0,0.10794015,0.0,0.10794015,0.13473983,0.10967914
0.0,0.0,0.0,0.0,0.0,0.0,0.0,0.0,0.08823336,0.08823336,0.0,0.0,0.08823336,0.0,0.08823336,0.17646671,0.0,0.08823336,0.0,0.08823336,0.15948591,0.13464724
0.0,0.07688312,0.0,0.0,0.0,0.0,0.0,0.0,0.07688312,0.07688312,0.0,0.0,0.07688312,0.0,0.07688312,0.15376625,0.0,0.07688312,0.0,0.07688312,0.18029717,0.12775471
0.0,0.06903018,0.0,0.0,0.0,0.0,0.0,0.0,0.06903018,0.06903018,0.0,0.0,0.13806036,0.0,0.06903018,0.13806036,0.0,0.06903018,0.0,0.06903018,0.16076874,0.14892945
0.0,0.08711506,0.0,0.04355753,0.08711506,0.0,0.0,0.0,0.04355753,0.04355753,0.0,0.0,0.08711506,0.0,0.08711506,0.08711506,0.0,0.04355753,0.0,0.04355753,0.17495302,0.17168402
0.0,0.08209884,0.0,0.04104942,0.08209884,0.0,0.0,0.0,0.04104942,0.04104942,0.0,0.0,0.08209884,0.0,0.08209884,0.12314826,0.0,0.04104942,0.0,0.04104942,0.17045894,0.17275035
0.04226911,0.0,0.04226911,0.0,0.0,0.08453823,0.04226911,0.04226911,0.0,0.12680734,0.0,0.0,0.0,0.0,0.04226911,0.0,0.12680734,0.04226911,0.04226911,0.04226911,0.1596749,0.16401929
0.0,0.03516714,0.07033429,0.07033429,0.0,0.07033429,0.0,0.0,0.0,0.07033429,0.0,0.0,0.03516714,0.0,0.03516714,0.10550143,0.03516714,0.14066857,0.03516714,0.0,0.14149593,0.15516121
0.07591436,0.0,0.03795718,0.03795718,0.0,0.0,0.0,0.03795718,0.03795718,0.11387154,0.0,0.0,0.0,0.15182872,0.07591436,0.0,0.0,0.03795718,0.0,0.03795718,0.15942858,0.19529934
0.0,0.07600025,0.0,0.0,0.0,0.07600025,0.0,0.0,0.0,0.03800013,0.0,0.0,0.03800013,0.03800013,0.0,0.15200051,0.03800013,0.19000063,0.03800013,0.07600025,0.13357951,0.10641795
0.0,0.0,0.07217507,0.03608753,0.03608753,0.1082626,0.07217507,0.03608753,0.0,0.07217507,0.0,0.0,0.03608753,0.07217507,0.03608753,0.07217507,0.0,0.07217507,0.0,0.0,0.16857488,0.10967443
0.0,0.10372143,0.0,0.05186072,0.10372143,0.0,0.0,0.0,0.0,0.05186072,0.0,0.0,0.05186072,0.0,0.10372143,0.10372143,0.0,0.0,0.0,0.05186072,0.18467319,0.19299821
0.0,0.0,0.0,0.08361722,0.0,0.0,0.0,0.0,0.0,0.0,0.16723444,0.08361722,0.0,0.08361722,0.08361722,0.0,0.0,0.08361722,0.08361722,0.0,0.19260438,0.13845785
0.21871465,0.0,0.0,0.0,0.0,0.10935732,0.0,0.0,0.0,0.10935732,0.0,0.10935732,0.0,0.0,0.10935732,0.0,0.0,0.0,0.0,0.0,0.16497427,0.17888179
0.0,0.05221111,0.05221111,0.0,0.0,0.0,0.0,0.10442223,0.10442223,0.05221111,0.0,0.05221111,0.05221111,0.05221111,0.05221111,0.0,0.0,0.05221111,0.05221111,0.0,0.18930184,0.13195369
0.0,0.05607253,0.0,0.0,0.0,0.0,0.05607253,0.05607253,0.11214507,0.11214507,0.0,0.1682176,0.05607253,0.0,0.0,0.0,0.05607253,0.05607253,0.0,0.0,0.14813275,0.1229243
0.0,0.08449301,0.0,0.08449301,0.16898601,0.0,0.0,0.0,0.0,0.0,0.0,0.0,0.08449301,0.0,0.08449301,0.08449301,0.0,0.0,0.0,0.0,0.17713269,0.23141626
0.09419229,0.04709615,0.0,0.04709615,0.09419229,0.0,0.04709615,0.0,0.0,0.0,0.0,0.04709615,0.04709615,0.0,0.09419229,0.04709615,0.0,0.04709615,0.0,0.0,0.18939373,0.19835636
0.03319414,0.06638828,0.03319414,0.0,0.03319414,0.06638828,0.0,0.03319414,0.03319414,0.03319414,0.0,0.03319414,0.03319414,0.03319414,0.06638828,0.09958243,0.0,0.0,0.03319414,0.03319414,0.20932366,0.12679351
0.08012975,0.04006488,0.0,0.08012975,0.0,0.12019463,0.0,0.04006488,0.0,0.08012975,0.04006488,0.08012975,0.12019463,0.0,0.0,0.04006488,0.04006488,0.04006488,0.0,0.0,0.09576307,0.10293943
0.0,0.08868077,0.0,0.04434039,0.08868077,0.0,0.0,0.0,0.0,0.04434039,0.0,0.0,0.08868077,0.0,0.08868077,0.13302116,0.0,0.04434039,0.0,0.04434039,0.17530938,0.15958481
0.03546916,0.0,0.03546916,0.0,0.0,0.10640747,0.07093832,0.03546916,0.0,0.0,0.0,0.03546916,0.07093832,0.10640747,0.0,0.03546916,0.03546916,0.03546916,0.10640747,0.0,0.16864104,0.12197581
0.05054549,0.0,0.0,0.0,0.0,0.0,0.0,0.05054549,0.05054549,0.05054549,0.0,0.15163648,0.0,0.10109099,0.10109099,0.0,0.0,0.10109099,0.0,0.0,0.17022136,0.17268721
0.03306933,0.03306933,0.03306933,0.03306933,0.03306933,0.06613866,0.0,0.0,0.03306933,0.06613866,0.0,0.03306933,0.06613866,0.0,0.099208,0.0,0.06613866,0.06613866,0.0,0.0,0.15241133,0.18620202
0.0,0.13630443,0.0,0.06815221,0.13630443,0.0,0.0,0.0,0.0,0.0,0.0,0.0,0.06815221,0.0,0.13630443,0.06815221,0.0,0.0,0.0,0.0,0.1772174,0.20941267
0.0,0.0,0.0,0.09689636,0.0,0.0,0.14534454,0.04844818,0.0,0.0,0.0,0.0,0.09689636,0.0,0.09689636,0.14534454,0.0,0.04844818,0.0,0.04844818,0.14946592,0.12381137
0.0,0.0,0.0,0.0,0.0,0.0,0.09432369,0.04716184,0.09432369,0.04716184,0.04716184,0.0,0.0,0.0,0.09432369,0.04716184,0.04716184,0.04716184,0.04716184,0.0,0.20983569,0.17706034
0.03548283,0.03548283,0.03548283,0.0,0.03548283,0.1064485,0.0,0.03548283,0.0,0.03548283,0.0,0.03548283,0.1064485,0.0,0.07096567,0.07096567,0.0,0.03548283,0.03548283,0.03548283,0.15918483,0.13115849
0.09813368,0.0,0.0,0.0,0.0,0.0,0.09813368,0.04906684,0.09813368,0.04906684,0.0,0.04906684,0.0,0.0,0.04906684,0.04906684,0.0,0.09813368,0.0,0.0,0.21421392,0.14791716
0.11838329,0.0394611,0.0394611,0.0,0.0,0.0394611,0.0,0.07892219,0.0394611,0.0394611,0.0,0.0,0.0394611,0.0,0.0,0.15784438,0.0394611,0.11838329,0.0394611,0.0,0.124789,0.08598909
0.0,0.1306984,0.0,0.0,0.0653492,0.0,0.0,0.0,0.0,0.0653492,0.0,0.0,0.0653492,0.0,0.1306984,0.1306984,0.0,0.0,0.0,0.0653492,0.20791598,0.13859204
0.0,0.0981709,0.0,0.04908545,0.0981709,0.0,0.0,0.0,0.0,0.04908545,0.0,0.0,0.04908545,0.0,0.0981709,0.14725635,0.0,0.0,0.0,0.04908545,0.18198674,0.1799024
0.01920746,0.0,0.01920746,0.11524475,0.01920746,0.0,0.01920746,0.03841492,0.03841492,0.11524475,0.0,0.05762238,0.0,0.07682983,0.0,0.07682983,0.01920746,0.0,0.05762238,0.01920746,0.14306681,0.16546468
0.03405043,0.0,0.06810086,0.0,0.03405043,0.06810086,0.0,0.03405043,0.03405043,0.03405043,0.0,0.0,0.03405043,0.0,0.03405043,0.13620173,0.03405043,0.06810086,0.06810086,0.0,0.16022329,0.15876808
0.0,0.22014176,0.0,0.0,0.0,0.0,0.0,0.0,0.0,0.0,0.0,0.0,0.11007088,0.0,0.11007088,0.11007088,0.0,0.0,0.0,0.11007088,0.17444033,0.16513439
0.03447819,0.13791277,0.06895638,0.0,0.0,0.03447819,0.0,0.03447819,0.0,0.03447819,0.0,0.0,0.06895638,0.0,0.10343458,0.03447819,0.06895638,0.03447819,0.03447819,0.0,0.12458785,0.18584831
0.07400727,0.0,0.0,0.11101091,0.03700364,0.18501818,0.0,0.0,0.0,0.11101091,0.0,0.0,0.03700364,0.0,0.0,0.03700364,0.07400727,0.03700364,0.0,0.03700364,0.1110618,0.14886549
0.0,0.04013365,0.0,0.0,0.12040096,0.16053462,0.0,0.04013365,0.0,0.04013365,0.04013365,0.08026731,0.16053462,0.0,0.0,0.0,0.08026731,0.04013365,0.0,0.0,0.09700853,0.10031838
0.03672062,0.03672062,0.03672062,0.03672062,0.0,0.0,0.03672062,0.07344125,0.07344125,0.07344125,0.0,0.0,0.14688249,0.0,0.03672062,0.03672062,0.07344125,0.03672062,0.0,0.0,0.1459217,0.11966585
0.10981492,0.05490746,0.0,0.0,0.0,0.0,0.0,0.05490746,0.05490746,0.10981492,0.0,0.05490746,0.05490746,0.05490746,0.05490746,0.0,0.05490746,0.05490746,0.0,0.0,0.16494837,0.12125464
0.0,0.0,0.0,0.0,0.03411665,0.13646661,0.0,0.03411665,0.0,0.03411665,0.0,0.06823331,0.10234996,0.03411665,0.10234996,0.0,0.10234996,0.03411665,0.0,0.0,0.19359489,0.12407203
0.0,0.05294761,0.05294761,0.05294761,0.0,0.0,0.0,0.10589522,0.10589522,0.05294761,0.0,0.0,0.05294761,0.05294761,0.0,0.0,0.0,0.05294761,0.05294761,0.05294761,0.18676139,0.12491967
0.12458563,0.04152854,0.08305709,0.0,0.0,0.08305709,0.0,0.04152854,0.0,0.04152854,0.0,0.0,0.0,0.0,0.04152854,0.16611418,0.08305709,0.12458563,0.0,0.0,0.07238382,0.09704529
0.03231873,0.06463746,0.0,0.03231873,0.0,0.06463746,0.0,0.0,0.0,0.03231873,0.03231873,0.03231873,0.06463746,0.0,0.12927493,0.03231873,0.0,0.06463746,0.03231873,0.03231873,0.16582061,0.18780475
0.0,0.10981011,0.0,0.0,0.10981011,0.0,0.0,0.0,0.0,0.05490506,0.0,0.0,0.05490506,0.0,0.10981011,0.10981011,0.0,0.05490506,0.0,0.05490506,0.18099202,0.16014729
0.0,0.09308215,0.0,0.04654107,0.09308215,0.0,0.0,0.0,0.0,0.04654107,0.0,0.0,0.04654107,0.0,0.09308215,0.13962322,0.0,0.04654107,0.0,0.04654107,0.17946632,0.16895865
0.03514558,0.03514558,0.03514558,0.0,0.03514558,0.10543674,0.0,0.0,0.0,0.0,0.0,0.0,0.0,0.0,0.03514558,0.14058232,0.07029116,0.14058232,0.07029116,0.0,0.14484726,0.15224115
0.0,0.12263216,0.0,0.06131608,0.12263216,0.0,0.0,0.0,0.0,0.0,0.0,0.0,0.06131608,0.0,0.12263216,0.06131608,0.0,0.0,0.0,0.06131608,0.19233082,0.1945084
0.04988392,0.09976784,0.0,0.04988392,0.09976784,0.0,0.04988392,0.0,0.0,0.0,0.0,0.0,0.04988392,0.0,0.09976784,0.04988392,0.0,0.04988392,0.0,0.04988392,0.17401101,0.17749806
0.0,0.0,0.0,0.0,0.0,0.06295341,0.0,0.0,0.06295341,0.0,0.06295341,0.0,0.18886022,0.0,0.06295341,0.18886022,0.0,0.12590682,0.0,0.0,0.15397419,0.09058492
0.0,0.0,0.0,0.0,0.0,0.06309936,0.0,0.0,0.06309936,0.0,0.0,0.0,0.18929809,0.0,0.12619873,0.12619873,0.06309936,0.12619873,0.0,0.0,0.19526959,0.04753805
0.0,0.0,0.0,0.0,0.0,0.05804687,0.0,0.0,0.05804687,0.0,0.05804687,0.0,0.11609374,0.05804687,0.05804687,0.17414061,0.0,0.05804687,0.05804687,0.0,0.18666585,0.11677172
0.09534912,0.0,0.0,0.0,0.0,0.0,0.09534912,0.0,0.0,0.0,0.0,0.0,0.0,0.0,0.09534912,0.19069825,0.09534912,0.0,0.0,0.09534912,0.12120336,0.21135278
0.03156253,0.06312506,0.0,0.06312506,0.03156253,0.03156253,0.03156253,0.0,0.09468759,0.0,0.0,0.0,0.03156253,0.09468759,0.03156253,0.06312506,0.03156253,0.03156253,0.06312506,0.0,0.1858782,0.11974613
0.0,0.11250618,0.03750206,0.0,0.0,0.03750206,0.0,0.0,0.0,0.03750206,0.03750206,0.11250618,0.03750206,0.0,0.0,0.26251442,0.07500412,0.0,0.03750206,0.03750206,0.10279541,0.07215929
0.09931143,0.0,0.0,0.06620762,0.03310381,0.09931143,0.0,0.03310381,0.06620762,0.06620762,0.0,0.03310381,0.03310381,0.0,0.03310381,0.0,0.06620762,0.0,0.03310381,0.0,0.14332231,0.19460148
0.03061001,0.03061001,0.0,0.0,0.06122001,0.03061001,0.03061001,0.03061001,0.03061001,0.0,0.0,0.0,0.03061001,0.12244003,0.06122001,0.12244003,0.03061001,0.0,0.06122001,0.0,0.15310121,0.17347864
0.07920747,0.07920747,0.0,0.03960373,0.15841493,0.03960373,0.0,0.0,0.0,0.07920747,0.03960373,0.07920747,0.0,0.1188112,0.0,0.0,0.03960373,0.0,0.0,0.03960373,0.0966723,0.11125305
0.0,0.03547051,0.03547051,0.0,0.0,0.07094103,0.0,0.0,0.10641154,0.10641154,0.03547051,0.03547051,0.03547051,0.03547051,0.0,0.03547051,0.07094103,0.03547051,0.0,0.07094103,0.12267272,0.16791702
0.0,0.03693897,0.0,0.0,0.0,0.11081691,0.0,0.07387794,0.11081691,0.11081691,0.03693897,0.07387794,0.0,0.0,0.0,0.03693897,0.07387794,0.03693897,0.0,0.03693897,0.14420507,0.11701554
0.04131784,0.04131784,0.04131784,0.0,0.0,0.08263567,0.0,0.0,0.04131784,0.0,0.04131784,0.16527134,0.08263567,0.0,0.0,0.08263567,0.08263567,0.08263567,0.0,0.04131784,0.08610043,0.08754285
0.02750355,0.0,0.02750355,0.02750355,0.05500711,0.02750355,0.0,0.02750355,0.02750355,0.0,0.0,0.02750355,0.02750355,0.02750355,0.11001421,0.08251066,0.0,0.0,0.11001421,0.0,0.22629521,0.16862662
0.06626692,0.03313346,0.0,0.06626692,0.0,0.03313346,0.0,0.0,0.09940038,0.0,0.03313346,0.06626692,0.0,0.03313346,0.0,0.03313346,0.0,0.03313346,0.09940038,0.06626692,0.18449839,0.15283239
0.0984672,0.0656448,0.0656448,0.0656448,0.0656448,0.0328224,0.0328224,0.0656448,0.0,0.0328224,0.0328224,0.0,0.0656448,0.0328224,0.0,0.0,0.0,0.0,0.0656448,0.0,0.11238114,0.16552606
0.0,0.0,0.0,0.03534015,0.0,0.0,0.0,0.10602044,0.03534015,0.0706803,0.03534015,0.10602044,0.03534015,0.03534015,0.03534015,0.0,0.10602044,0.0,0.0706803,0.03534015,0.16213837,0.13105868
0.0,0.02957324,0.02957324,0.02957324,0.02957324,0.0,0.0,0.02957324,0.14786618,0.02957324,0.0,0.02957324,0.05914647,0.02957324,0.08871971,0.05914647,0.0,0.02957324,0.05914647,0.0,0.22523163,0.09458396
0.03904281,0.07808561,0.0,0.03904281,0.0,0.07808561,0.0,0.03904281,0.03904281,0.0,0.0,0.15617122,0.03904281,0.0,0.03904281,0.03904281,0.11712842,0.0,0.03904281,0.03904281,0.10139019,0.11775368
0.03860565,0.03860565,0.0,0.0,0.03860565,0.0,0.0,0.03860565,0.19302826,0.0772113,0.0,0.0772113,0.03860565,0.0,0.0,0.11581695,0.0772113,0.03860565,0.0,0.0,0.14380172,0.08408525
0.06614927,0.0,0.0,0.03307463,0.0,0.06614927,0.0,0.06614927,0.06614927,0.06614927,0.0,0.06614927,0.03307463,0.0,0.06614927,0.03307463,0.06614927,0.0,0.03307463,0.0,0.1862225,0.15228481
0.0,0.0,0.0,0.17011862,0.0,0.06804745,0.0,0.03402372,0.0,0.03402372,0.06804745,0.03402372,0.06804745,0.06804745,0.10207117,0.0,0.0,0.03402372,0.0,0.0,0.18135492,0.1381706
0.03642327,0.03642327,0.03642327,0.0,0.0,0.07284654,0.0,0.03642327,0.0,0.03642327,0.03642327,0.10926981,0.03642327,0.0,0.0,0.14569307,0.03642327,0.0,0.07284654,0.03642327,0.14545076,0.12608387
0.0,0.0,0.0,0.03718177,0.0,0.07436354,0.03718177,0.11154531,0.0,0.03718177,0.03718177,0.14872708,0.0,0.03718177,0.0,0.0,0.11154531,0.0,0.07436354,0.03718177,0.12351275,0.13285184
0.0,0.0793543,0.03967715,0.03967715,0.0,0.0,0.0,0.0793543,0.03967715,0.0,0.03967715,0.0793543,0.11903145,0.11903145,0.0,0.03967715,0.0793543,0.0,0.03967715,0.0,0.10321753,0.1032395
0.03340402,0.03340402,0.03340402,0.16702008,0.03340402,0.0,0.0,0.06680803,0.0,0.03340402,0.0,0.0,0.13361606,0.0,0.0,0.03340402,0.0,0.10021205,0.06680803,0.0,0.11725703,0.14785463
0.0,0.03566112,0.0,0.17830559,0.0,0.07132223,0.0,0.0,0.03566112,0.03566112,0.07132223,0.03566112,0.03566112,0.07132223,0.10698335,0.03566112,0.0,0.0,0.0,0.0,0.13511647,0.15166118
0.0,0.07781679,0.03890839,0.0,0.03890839,0.03890839,0.0,0.0,0.03890839,0.03890839,0.07781679,0.11672518,0.03890839,0.03890839,0.0,0.07781679,0.03890839,0.03890839,0.0,0.07781679,0.10994079,0.11189132
0.0,0.04056635,0.0,0.0,0.04056635,0.04056635,0.0,0.0811327,0.0,0.04056635,0.04056635,0.12169906,0.0811327,0.0811327,0.0,0.04056635,0.12169906,0.0,0.04056635,0.04056635,0.09654948,0.09212348
0.0351703,0.0351703,0.0351703,0.0351703,0.0,0.0351703,0.0,0.07034059,0.0351703,0.0,0.0351703,0.07034059,0.07034059,0.10551089,0.0,0.0,0.0,0.0,0.07034059,0.07034059,0.1352884,0.16130569
0.03316296,0.03316296,0.0,0.03316296,0.03316296,0.0,0.03316296,0.03316296,0.03316296,0.03316296,0.0,0.09948887,0.0,0.0,0.16581478,0.03316296,0.03316296,0.03316296,0.03316296,0.0,0.26168633,0.07505453
0.04138108,0.12414324,0.04138108,0.0,0.0,0.04138108,0.0,0.04138108,0.0,0.0,0.0,0.12414324,0.04138108,0.04138108,0.0,0.08276216,0.04138108,0.12414324,0.0,0.08276216,0.08916737,0.08321106
0.07177828,0.03588914,0.0,0.07177828,0.03588914,0.07177828,0.07177828,0.03588914,0.03588914,0.03588914,0.0,0.07177828,0.0,0.0,0.03588914,0.03588914,0.07177828,0.0,0.03588914,0.0,0.14673118,0.13548602
0.03526102,0.07052204,0.03526102,0.0,0.0,0.03526102,0.03526102,0.14104408,0.03526102,0.07052204,0.0,0.03526102,0.0,0.0,0.03526102,0.0,0.07052204,0.07052204,0.0,0.03526102,0.13245029,0.16232933
0.0,0.03449064,0.06898129,0.0,0.0,0.03449064,0.0,0.06898129,0.03449064,0.13796258,0.0,0.03449064,0.0,0.03449064,0.03449064,0.03449064,0.06898129,0.03449064,0.03449064,0.03449064,0.1765466,0.13364052
0.0,0.0,0.04092271,0.04092271,0.12276812,0.08184541,0.0,0.0,0.0,0.0,0.0,0.04092271,0.0,0.08184541,0.04092271,0.08184541,0.0,0.0,0.08184541,0.0,0.17560956,0.21054984
0.04181181,0.0,0.04181181,0.04181181,0.0,0.04181181,0.0,0.0,0.08362362,0.12543543,0.04181181,0.04181181,0.0,0.0,0.12543543,0.0,0.0,0.04181181,0.0,0.0,0.22084385,0.15197901
0.0,0.0,0.02617636,0.02617636,0.10470543,0.05235272,0.0,0.0,0.02617636,0.02617636,0.0,0.02617636,0.02617636,0.13088179,0.05235272,0.05235272,0.02617636,0.0,0.07852908,0.0,0.14745952,0.19813151
0.0,0.0,0.04550451,0.04550451,0.09100903,0.09100903,0.0,0.0,0.0,0.04550451,0.0,0.0,0.0,0.22752257,0.04550451,0.04550451,0.0,0.0,0.04550451,0.0,0.14545339,0.17197889
0.0,0.0,0.04878189,0.04878189,0.04878189,0.0,0.0,0.0,0.04878189,0.09756377,0.0,0.0,0.0,0.24390943,0.14634566,0.04878189,0.0,0.0,0.0,0.0,0.14982816,0.11844355
0.08927519,0.0,0.08927519,0.0,0.0,0.04463759,0.04463759,0.0,0.04463759,0.08927519,0.04463759,0.04463759,0.0,0.0,0.04463759,0.0,0.04463759,0.04463759,0.0,0.04463759,0.16142389,0.16901218
0.04928171,0.02464085,0.02464085,0.04928171,0.0,0.04928171,0.02464085,0.02464085,0.04928171,0.02464085,0.04928171,0.0,0.09856341,0.0,0.04928171,0.07392256,0.04928171,0.09856341,0.0,0.0,0.13071047,0.13006393
0.05028771,0.02514386,0.10057542,0.05028771,0.0,0.07543157,0.02514386,0.02514386,0.0,0.12571928,0.02514386,0.02514386,0.0,0.02514386,0.0,0.02514386,0.07543157,0.05028771,0.0,0.05028771,0.1077083,0.13797601
0.02315168,0.06945505,0.06945505,0.02315168,0.04630336,0.09260673,0.02315168,0.04630336,0.04630336,0.04630336,0.0,0.02315168,0.06945505,0.02315168,0.02315168,0.0,0.0,0.02315168,0.02315168,0.02315168,0.15428337,0.15116618
0.0505891,0.0505891,0.0505891,0.07588365,0.0,0.0505891,0.02529455,0.02529455,0.0505891,0.0505891,0.0505891,0.02529455,0.02529455,0.02529455,0.0,0.02529455,0.1011782,0.0505891,0.0,0.02529455,0.12913618,0.11202731
0.04759921,0.04759921,0.04759921,0.04759921,0.0,0.0237996,0.0237996,0.04759921,0.0237996,0.04759921,0.0237996,0.07139881,0.07139881,0.04759921,0.0237996,0.0,0.0237996,0.0237996,0.07139881,0.0,0.1441895,0.14182236
0.09255995,0.0,0.04627998,0.0,0.04627998,0.09255995,0.04627998,0.1851199,0.09255995,0.0,0.0,0.0,0.0,0.0,0.0,0.04627998,0.0,0.04627998,0.0,0.0,0.12546848,0.18033188
0.09504087,0.0,0.04752043,0.0,0.04752043,0.09504087,0.04752043,0.1425613,0.09504087,0.04752043,0.0,0.0,0.0,0.0,0.0,0.0,0.0,0.04752043,0.0,0.0,0.13113028,0.20358364
0.03171235,0.0,0.0,0.06342471,0.03171235,0.12684942,0.0,0.03171235,0.09513706,0.09513706,0.0,0.0,0.0,0.06342471,0.0,0.03171235,0.06342471,0.09513706,0.0,0.0,0.12049736,0.15011849
0.04748832,0.0,0.04748832,0.0,0.04748832,0.09497665,0.0,0.04748832,0.09497665,0.09497665,0.0,0.0,0.0,0.0,0.0,0.04748832,0.0,0.14246497,0.0,0.0,0.13894436,0.19621911
0.15877182,0.07938591,0.0,0.07938591,0.0,0.0,0.0,0.0,0.07938591,0.0,0.0,0.07938591,0.07938591,0.0,0.0,0.07938591,0.07938591,0.07938591,0.0,0.0,0.11293851,0.09320237
0.0,0.09633378,0.09633378,0.0,0.0,0.0,0.0,0.09633378,0.09633378,0.0,0.0,0.0,0.09633378,0.0,0.09633378,0.09633378,0.0,0.0,0.0,0.0,0.1066804,0.21898313
0.03645953,0.0,0.03645953,0.03645953,0.03645953,0.03645953,0.21875715,0.0,0.1458381,0.0,0.0,0.0,0.0,0.0,0.07291905,0.03645953,0.0,0.0,0.0,0.03645953,0.12726084,0.18000818
0.11224342,0.0,0.03741447,0.0,0.03741447,0.0,0.03741447,0.14965789,0.03741447,0.11224342,0.0,0.0,0.07482894,0.03741447,0.0,0.03741447,0.0,0.03741447,0.0,0.03741447,0.11009845,0.14161211
0.08441485,0.04220743,0.0,0.0,0.04220743,0.04220743,0.0,0.0,0.12662228,0.0,0.04220743,0.0,0.0,0.04220743,0.12662228,0.0,0.0,0.0,0.08441485,0.0,0.21404109,0.15284753
0.08547173,0.0,0.05698115,0.02849058,0.05698115,0.05698115,0.0,0.0,0.08547173,0.14245288,0.0,0.0,0.08547173,0.0,0.0,0.0,0.02849058,0.08547173,0.0,0.0,0.11173648,0.17599909
0.0676779,0.0,0.03383895,0.0,0.03383895,0.0676779,0.03383895,0.1353558,0.0676779,0.0676779,0.03383895,0.0,0.0676779,0.0,0.0,0.03383895,0.0,0.03383895,0.0,0.03383895,0.12851396,0.16086807
0.03220871,0.0,0.0,0.06441742,0.0,0.12883484,0.0,0.09662613,0.09662613,0.12883484,0.0,0.0,0.0,0.06441742,0.0,0.03220871,0.06441742,0.03220871,0.0,0.0,0.11570605,0.14349361
0.06869948,0.0,0.0,0.03434974,0.0,0.13739897,0.0,0.0,0.10304923,0.20609845,0.0,0.0,0.03434974,0.0,0.0,0.03434974,0.0,0.03434974,0.0,0.03434974,0.14740607,0.16559909
0.06603013,0.0,0.0,0.03301507,0.0,0.13206027,0.0,0.0,0.13206027,0.1980904,0.0,0.0,0.03301507,0.0,0.0,0.03301507,0.0,0.03301507,0.0,0.03301507,0.14835665,0.15832695
0.03068068,0.0,0.06136135,0.0,0.0,0.09204203,0.0,0.06136135,0.06136135,0.18408406,0.0,0.03068068,0.06136135,0.0,0.0,0.03068068,0.06136135,0.09204203,0.0,0.0,0.11375351,0.11922956
0.03281446,0.0,0.0,0.03281446,0.0,0.16407232,0.0,0.03281446,0.13125785,0.16407232,0.0,0.0,0.03281446,0.0,0.0,0.03281446,0.0,0.03281446,0.0,0.03281446,0.14956572,0.16133055
0.11324878,0.0,0.0,0.0,0.03774959,0.15099837,0.0,0.11324878,0.07549919,0.11324878,0.0,0.07549919,0.03774959,0.0,0.0,0.03774959,0.0,0.0,0.0,0.0,0.1263757,0.11863243
0.10838759,0.0,0.0,0.0,0.0361292,0.14451679,0.0,0.10838759,0.10838759,0.10838759,0.0,0.07225839,0.0361292,0.0,0.0,0.0361292,0.0,0.0,0.0,0.0,0.12834429,0.11294257
0.03235686,0.0,0.0,0.06471372,0.0,0.09707058,0.0,0.06471372,0.09707058,0.16178431,0.0,0.0,0.0,0.06471372,0.0,0.03235686,0.06471372,0.06471372,0.0,0.0,0.12203407,0.13375812
0.03190941,0.0,0.0,0.06381883,0.03190941,0.12763766,0.0,0.03190941,0.06381883,0.12763766,0.0,0.0,0.0,0.06381883,0.0,0.03190941,0.09572824,0.06381883,0.0,0.0,0.11419897,0.15188449
0.0615743,0.0,0.0615743,0.0,0.0615743,0.09236145,0.0,0.0615743,0.09236145,0.0615743,0.0,0.0,0.0,0.0615743,0.0,0.03078715,0.0615743,0.03078715,0.03078715,0.0,0.13465958,0.15723595
0.06212525,0.0,0.06212525,0.0,0.03106262,0.09318787,0.0,0.09318787,0.09318787,0.06212525,0.0,0.0,0.0,0.06212525,0.0,0.03106262,0.06212525,0.03106262,0.03106262,0.0,0.13314245,0.15241722
0.06194696,0.0,0.06194696,0.0,0.03097348,0.09292044,0.0,0.06194696,0.09292044,0.09292044,0.0,0.0,0.0,0.06194696,0.0,0.03097348,0.06194696,0.03097348,0.03097348,0.0,0.13461581,0.15299413
0.0,0.0,0.0,0.0,0.0,0.10978809,0.0,0.0,0.0,0.0,0.0,0.0,0.0,0.0,0.43915237,0.10978809,0.0,0.0,0.0,0.0,0.1516762,0.18959525
0.0,0.0,0.0,0.0,0.0,0.06975095,0.0,0.0,0.0,0.0,0.0,0.0,0.0,0.06975095,0.27900382,0.06975095,0.0,0.06975095,0.06975095,0.0,0.15068299,0.22155843
0.0,0.0,0.0,0.0,0.0,0.1232981,0.0,0.1232981,0.06164905,0.30824524,0.0,0.0,0.0,0.0,0.0,0.06164905,0.06164905,0.0,0.0,0.0,0.10583259,0.15437883
0.0925973,0.0,0.04629865,0.0,0.0,0.04629865,0.0,0.13889595,0.0925973,0.13889595,0.0,0.04629865,0.0,0.0,0.0,0.0,0.0,0.0,0.04629865,0.0,0.17368611,0.17813277
0.09085057,0.0,0.09085057,0.04542529,0.0,0.09085057,0.09085057,0.04542529,0.04542529,0.0,0.04542529,0.0,0.04542529,0.0,0.0,0.04542529,0.0,0.04542529,0.0,0.04542529,0.12138621,0.15180923
0.0,0.0,0.0,0.0,0.0,0.0,0.0,0.0,1.0,0.0,0.0,0.0,0.0,0.0,0.0,0.0,0.0,0.0,0.0,0.0,0.0,0.0
0.0,0.0,0.0,0.0,0.0,0.0,0.0,0.0,0.45145573,0.45145573,0.0,0.0,0.0,0.0,0.0,0.0,0.0,0.0,0.0,0.0,0.03089181,0.06619674
0.12122722,0.0,0.0,0.0,0.04040907,0.04040907,0.0,0.0,0.20204536,0.0,0.0,0.08081815,0.04040907,0.0,0.0,0.04040907,0.0,0.0,0.08081815,0.0,0.14433058,0.20912426
0.12310084,0.0,0.0,0.0,0.0,0.04103361,0.0,0.0,0.16413445,0.0,0.0,0.08206722,0.04103361,0.04103361,0.0,0.04103361,0.0,0.04103361,0.08206722,0.0,0.13270248,0.21075973
0.169506,0.0,0.0,0.0,0.0,0.0,0.0,0.0,0.254259,0.169506,0.0,0.0,0.0,0.0,0.0,0.0,0.0,0.0,0.0,0.0,0.16622099,0.24050801
0.0,0.0,0.0,0.0,0.0,0.0,0.0,0.0,0.19298935,0.19298935,0.0,0.0,0.0,0.0,0.0,0.0,0.0,0.19298935,0.0,0.0,0.1988116,0.22222035
0.07868077,0.0,0.0,0.0,0.02622692,0.0,0.0,0.05245384,0.18358845,0.05245384,0.0,0.0,0.02622692,0.0,0.0,0.10490769,0.07868077,0.05245384,0.02622692,0.0,0.13457187,0.18352817
0.0,0.0,0.0,0.0,0.0,0.0,0.0,0.0,0.33042486,0.33042486,0.0,0.0,0.0,0.0,0.0,0.0,0.0,0.0,0.0,0.0,0.33915028,0.0
0.0,0.0,0.0,0.0,0.0,0.0,0.0,0.0,0.33042486,0.33042486,0.0,0.0,0.0,0.0,0.0,0.0,0.0,0.0,0.0,0.0,0.33915028,0.0
0.0,0.0,0.0,0.0,0.03395743,0.10187229,0.0,0.0,0.0,0.03395743,0.0,0.0,0.03395743,0.0,0.16978714,0.0,0.13582971,0.06791486,0.0,0.03395743,0.2204394,0.16832689
0.0,0.0418883,0.0418883,0.0,0.0,0.0418883,0.0,0.0418883,0.08377659,0.0,0.0,0.0,0.12566489,0.0,0.12566489,0.08377659,0.0,0.08377659,0.0,0.0,0.15950215,0.1702851
0.0,0.0,0.0,0.0,0.0,0.0,0.0,0.0,0.07938985,0.0,0.07938985,0.07938985,0.0,0.0,0.23816954,0.0,0.0,0.07938985,0.0,0.0,0.21914306,0.22512801
0.0,0.0,0.0,0.0,0.11160122,0.0,0.0,0.0,0.0,0.0,0.0,0.0,0.11160122,0.0,0.22320244,0.0,0.0,0.0,0.16740183,0.0,0.16262032,0.22357296
0.0,0.0,0.0,0.0,0.0,0.0,0.0,0.0,0.0,0.0,0.0,0.0,0.0,0.09638428,0.28915284,0.0,0.0,0.0,0.19276856,0.0,0.25499965,0.16669468
0.0,0.08018464,0.0,0.0,0.08018464,0.08018464,0.0,0.0,0.0,0.0,0.0,0.08018464,0.0,0.16036927,0.08018464,0.0,0.08018464,0.0,0.08018464,0.0,0.14385936,0.13447891
0.0,0.06706803,0.0,0.0,0.06706803,0.13413606,0.0,0.0,0.06706803,0.0,0.0,0.06706803,0.0,0.0,0.06706803,0.0,0.06706803,0.0,0.06706803,0.0,0.25569895,0.14068879
0.0,0.07730708,0.0,0.0,0.07730708,0.07730708,0.0,0.0,0.07730708,0.0,0.0,0.07730708,0.0,0.15461416,0.0,0.0,0.07730708,0.0,0.07730708,0.0,0.16389613,0.14034018
0.0,0.07687902,0.0,0.0,0.07687902,0.0,0.0,0.0,0.07687902,0.0,0.0,0.07687902,0.0,0.15375804,0.07687902,0.0,0.07687902,0.0,0.07687902,0.0,0.16416602,0.1439228
0.03151798,0.03151798,0.0,0.0,0.0,0.12607193,0.0,0.03151798,0.0,0.0,0.0,0.06303597,0.06303597,0.0,0.09455395,0.0,0.0,0.15758992,0.0,0.06303597,0.1770975,0.16102485
0.0,0.0,0.0,0.0,0.08897916,0.0,0.0,0.0,0.0,0.04448958,0.0,0.0,0.08897916,0.0,0.17795832,0.0,0.0,0.04448958,0.13346874,0.0,0.17726471,0.24437076
0.12405158,0.0,0.0,0.0,0.0,0.0,0.0,0.0,0.0,0.12405158,0.0,0.0,0.0,0.0,0.12405158,0.0,0.0,0.0,0.12405158,0.0,0.27341334,0.23038033
0.0,0.12493138,0.0,0.0,0.0,0.06246569,0.0,0.12493138,0.06246569,0.0,0.0,0.06246569,0.0,0.0,0.12493138,0.0,0.06246569,0.0,0.0,0.06246569,0.11920225,0.19367517
0.0,0.10963387,0.0,0.0,0.0,0.05481693,0.0,0.0,0.05481693,0.0,0.05481693,0.05481693,0.0,0.05481693,0.1644508,0.0,0.05481693,0.0,0.0,0.05481693,0.14237393,0.19982286
0.05551447,0.05551447,0.0,0.0,0.0,0.02775724,0.0,0.02775724,0.08327171,0.02775724,0.02775724,0.0,0.02775724,0.02775724,0.13878618,0.02775724,0.02775724,0.02775724,0.05551447,0.0,0.18750455,0.17407903
