0.24553056,-0.04191944,-0.0716125,0.01313333,-0.04451181,0.13228889,0.13555417,-0.44081749,-0.00185038,0.65784053,0.24153706,-0.28982765
-0.06148905,-0.19155124,-0.28035475,0.19660165,-0.10396198,-0.10978471,-0.03511095,0.10842938,0.02168624,0.00558904,-0.01428079,0.15879055
-0.31882273,0.15021033,-0.17275455,-0.00662273,-0.1583124,0.17700909,0.08175974,-0.13535297,0.03063896,0.06978658,0.037473,-0.07581169
0.25314167,-0.06621667,0.19902963,0.01669259,-0.04621142,0.0403608,-0.0443049,0.30971454,-0.01680686,-0.2169842,-0.16738807,0.05191645
-0.2296875,0.2278534,-0.10837639,-0.13432407,-0.03125093,0.04379722,-0.07798456,-0.07746996,-0.11765884,0.07995561,0.08413416,-0.00713106
0.10091565,-0.07728343,-0.21235891,0.26087002,0.04498416,-0.05695023,-0.10423537,0.22173886,0.12637111,-0.2043611,0.06656018,0.03521171
-0.3699749,-0.07483663,0.01786639,-0.01354527,-0.11016406,0.01923992,0.10352329,-0.29312691,0.02756304,0.32937291,-0.0690178,-0.00848122
0.18158984,0.29181094,0.16548359,-0.16217266,0.09284844,-0.00456641,0.04649766,-0.06158344,-0.05764901,0.08394724,-0.1376001,0.04878557
-0.22635142,-0.06156428,-0.10553003,-0.0505112,-0.06036915,0.07642066,-0.14861404,0.09115333,-0.03262881,-0.04895176,-0.16913493,0.14579417
-0.58906919,0.18506597,-0.22951758,-0.19432798,-0.19447146,0.07227316,-0.67820343,-0.1161993,-0.48738584,0.03708907,-0.42969298,0.34520389
0.27384083,0.25688028,0.50075437,-0.31273261,0.13072735,0.03428889,-0.13594079,-0.0250195,-0.21308168,0.13632386,-0.03308448,-0.03528943
0.07554464,0.32783571,0.23784337,-0.33587806,-0.22137742,0.35139579,-0.07396323,0.02902718,-0.12053016,0.0448367,-0.21555165,0.09127757
-0.43133846,0.03649231,-0.10070947,0.14992249,0.11372663,-0.1291858,-0.34766282,0.42635064,0.06182821,-0.11156997,-0.04967308,0.19968964
-0.40469037,-0.00298656,-0.18038347,0.01216457,-0.17903484,0.19368181,-0.01086776,-0.1039372,0.23191574,0.0528475,0.03531932,-0.02224523
0.1282327,0.1010535,0.06574386,-0.03110643,0.19873762,-0.04435841,0.64483658,0.18835764,0.40012077,-0.20385311,-0.05733031,0.17732732
-0.00174043,0.13633906,0.10759277,-0.11021719,-0.13607344,0.09046719,-0.05137709,0.11948682,0.1094219,-0.17197593,0.12520063,0.15249735
0.16342963,-0.37345802,0.13657778,0.3075037,0.27788519,-0.17271481,-0.00267963,0.05300586,-0.0700338,-0.0337588,0.3340142,-0.24280463
0.02313482,-0.02070357,0.07883571,-0.05690714,0.04872117,-0.10371964,0.20215648,-0.20215893,0.24658333,0.07122328,0.30750668,-0.30998122
-0.11097284,-0.04044907,0.02042222,-0.04262315,-0.1555375,0.02440856,-0.12683944,0.16640402,-0.00390674,-0.14042827,-0.02757217,-0.02055731
-0.23658398,-0.08491074,-0.23254648,0.13881543,-0.08800527,0.15135215,-0.22616148,-0.17805904,-0.20412721,0.03771111,-0.28253313,0.17716685
0.23686756,-0.27676889,-0.22178,0.06134,0.12858844,-0.13170978,-0.14920238,-0.33105432,-0.0823381,0.41285476,0.03765949,-0.30175952
0.25673611,-0.26993611,0.09598819,0.19381597,0.23074236,-0.19199722,0.03535051,0.32507475,-0.14588813,-0.10076256,0.48143763,-0.39294514
0.04210333,-0.05504111,0.02792533,0.119324,0.01643978,-0.02243467,0.21133609,-0.26110835,0.17855563,0.10894382,0.16574567,-0.03859664
-0.23205059,-0.12624863,0.05484434,-0.07766055,-0.22596768,0.18262637,-0.33117104,-0.14154789,-0.45017295,0.07612046,0.15919374,0.07885826
0.11632992,-0.13386233,0.10255291,0.00986898,-0.07409474,0.13190526,0.13775512,-0.02442018,0.04344284,0.04158099,0.08666901,-0.13977807
-0.05027917,-0.19792685,-0.09676019,0.16171667,0.1583162,-0.15156806,0.02590275,0.23235029,0.13231942,-0.12565603,0.01196981,-0.11920317
0.20992639,0.35065347,0.01729028,-0.67763194,0.35779444,-0.41209444,0.17528876,-0.42360404,0.3970774,0.56538687,-0.21714646,-0.02136465
-0.05388668,-0.08281093,0.07790676,-0.01937627,-0.05314454,0.12968418,0.28748399,-0.06592976,0.52985571,-0.07251988,-0.06667029,-0.06390096
-0.160472,0.329048,-0.27351133,-0.147852,0.26222089,-0.17215089,-0.25060124,-0.05083825,-0.34953228,-0.01040147,0.19601439,-0.16496607
0.0052449,-0.09800816,-0.22965918,0.08187653,0.27780153,0.25655051,0.04424254,-0.09621735,-0.19534757,-0.36779074,0.24512826,-0.14738854
0.20079339,-0.18433884,0.2173,0.11996116,0.12434545,-0.21338512,-0.18961281,-0.13059868,-0.36269917,0.25209314,0.04735223,-0.14870777
0.09427031,-0.06051875,0.10952578,0.05260313,0.21701953,-0.17128047,0.13858396,-0.01726271,0.17358479,0.0670499,0.18406646,-0.1208326
-0.20155104,-0.0320936,0.2090545,-0.05831609,-0.40757526,0.32670934,-0.31419669,0.03691733,-0.39482949,0.06876982,0.06533338,0.13531064
-0.25552872,0.09731038,-0.14702111,-0.00737993,0.33489343,-0.24402318,0.01750011,-0.01573343,0.00413467,0.08050575,0.35184193,-0.21395123
-0.09846913,-0.06895663,-0.01442628,0.14859898,0.1170648,0.04623827,-0.12854423,0.08191986,0.03125432,0.04904811,-0.03988622,0.16794811
0.1181,0.05812645,0.201325,-0.07837851,-0.02110227,0.10629545,-0.19021482,-0.14363264,-0.20690724,0.00588502,0.07852342,-0.07279897
0.0590569,-0.01276479,-0.31554741,0.06354039,-0.0208244,0.04093674,0.1147574,0.0587514,-0.00907248,-0.04039049,-0.09328493,-0.05042247
0.03681694,0.08175207,0.13254855,-0.10440888,0.04950165,0.01013884,0.06779451,-0.38639453,-0.08805787,0.09192007,0.37293967,-0.46076889
0.52171777,0.25104896,0.52013195,-0.16516862,0.09224272,-0.16716465,0.0256935,-0.07971404,-0.10653852,0.18859311,0.35691541,-0.17067903
-0.49062687,0.63978643,0.01151662,-0.6917903,-0.13145402,0.02512992,0.21680586,0.15779461,0.42631288,-0.21470171,-0.32038755,0.39867402
0.00197153,-0.07395556,-0.05134097,0.07208889,-0.00628611,-0.09963056,0.26782544,-0.26203813,0.05048226,0.15392449,0.49643914,-0.40087096
0.0024784,-0.2052424,-0.1240344,-0.0233648,-0.38050256,0.32779392,0.19019617,-0.1883722,0.19108283,0.0355636,0.4319018,-0.48155523
-0.05130988,0.03609424,-0.03992977,0.11592359,-0.01328381,-0.00750288,-0.01670078,0.09085733,-0.05642528,-0.11632981,0.08324935,-0.079865
0.11370818,-0.26606273,0.00251404,0.23035787,0.13090633,0.08803735,-0.18968048,0.02265609,-0.1266585,0.17770281,-0.23414209,0.32566377
0.06972153,-0.0874875,0.11017396,0.06058542,0.10719271,-0.1749283,-0.03636162,-0.24954598,-0.0258071,0.28190408,-0.27813602,0.1313414
0.13265615,0.24498691,0.36785273,-0.26770332,-0.04160508,0.1475626,0.06038545,0.1376556,-0.06036697,-0.07509533,0.06979874,-0.13465702
0.04101022,-0.06341689,-0.04700533,0.06320311,0.11842933,-0.09075733,0.13608797,0.19829467,0.04260797,0.04872038,-0.16117867,0.06407133
0.0351371,0.0083132,0.07356647,0.02336659,-0.01582128,-0.04885482,0.11846523,-0.03706945,0.18870674,-0.09968211,-0.22599371,0.20179782
0.1121513,-0.34182976,-0.02315911,0.14974391,-0.19753746,-0.07339761,0.11590131,-0.17974902,-0.01660245,0.11122419,0.06527367,-0.23597323
0.20780571,0.07929929,0.114556,0.01649251,0.13103971,-0.20431296,-0.18934449,-0.10145585,-0.10822811,0.16726996,0.16284673,-0.10306428
-0.0634768,0.01024766,0.17714589,-0.21626015,0.00385151,-0.0682179,0.02353423,-0.08186647,0.00118101,0.05523647,-0.08239916,0.17585679
-0.11942609,0.04219206,-0.12013629,-0.13041928,0.18563365,-0.12245652,0.05054861,-0.16978434,0.03499051,0.27178201,0.26064826,-0.04140278
-0.068317,0.38017233,-0.09844478,-0.16484589,0.283202,-0.12034933,-0.13347231,-0.25523579,-0.23913047,0.08635818,-0.31572959,0.15119336
0.09106373,-0.04128889,-0.01589738,-0.01579167,-0.01553611,0.03298333,0.16941627,0.17236286,0.20314476,-0.00978143,0.40115698,-0.26844722
-0.14733056,-0.17533264,-0.21504907,0.11590417,0.12236296,0.01815741,0.07624679,-0.35456214,-0.28707179,0.29054175,0.06790786,-0.1292573
0.37964537,-0.35346019,0.18644506,0.33331975,-0.05217593,-0.12303241,0.11116024,0.26103121,-0.21761623,-0.14329074,0.25915474,-0.17208682
0.2107125,0.868725,0.2531875,-0.805875,0.5697,-0.184775,-0.45942054,-0.47614286,0.08106518,0.68737143,-0.44145,0.08665
0.09545347,0.42762986,0.18907708,-0.42281875,-0.16352708,0.08125069,-0.1105911,0.19291787,0.0794786,-0.1014411,-0.17463289,0.37653996
-0.05339167,0.13061142,-0.06323364,-0.09513395,0.20970216,-0.20772222,0.00561705,0.0970005,-0.06162453,-0.15615544,0.33109113,-0.22565306
-0.12152006,0.25542006,0.18231489,-0.18441219,-0.11161775,0.22079969,0.28184976,0.04060011,0.10155833,-0.06227478,0.08195313,-0.1284597
0.16698787,0.20390473,0.13456627,-0.19034645,-0.13186006,0.01199349,0.03114305,0.0604217,0.04201751,-0.00357688,0.10446355,-0.09372857
0.22589941,0.06931124,0.42516923,0.07066331,-0.29207692,0.11250947,0.13327446,-0.64319226,-0.1494967,0.41391637,-0.2699211,0.20915932
0.20078892,-0.23914044,0.21707341,0.18078449,-0.16917645,0.11746399,0.11554518,0.00745943,0.16897998,-0.10407567,-0.01398589,0.02307638
0.39461111,0.85595556,0.37905,-0.6912,-0.04169444,0.13228889,0.59203833,-0.70548944,0.471655,0.567125,0.89986389,-0.74485833
-0.12255,-0.32614167,-0.16182083,0.25174167,-0.56142969,0.24818177,0.10608261,-0.41954728,0.00338696,0.27857065,-0.29202174,0.12552446
0.05910123,-0.18797824,0.03827654,0.19730463,0.04937207,-0.03854599,-0.04313462,0.00357252,-0.01349414,-0.03396002,-0.0757674,0.161818
0.22360286,0.10609143,0.39894237,-0.07084514,0.06342139,0.02119012,-0.13782916,-0.12252571,-0.14525025,0.16121752,0.10303748,-0.06869912
-0.27128726,0.00198975,-0.0095277,0.07236565,-0.15994321,0.08957701,-0.29562692,0.09530063,-0.11152428,-0.04334841,-0.1878406,0.17604603
0.00447051,-0.02869338,-0.1462811,-0.17723554,0.20456408,-0.30552911,0.22919469,0.18503807,0.10672987,-0.31438087,-0.05686568,-0.04432554
-0.09532318,0.05794585,-0.27509438,-0.05390346,-0.12149663,-0.00880718,0.28100691,0.19889324,0.0391365,-0.2046506,-0.02833368,-0.06092217
-0.2536775,0.17731626,-0.096262,-0.15621002,0.22794537,-0.25647732,-0.30820848,0.45106216,0.04038025,-0.25677775,-0.28055484,0.15442522
0.07587551,0.29793673,0.00839541,-0.18300816,-0.05037194,0.00020867,-0.09323838,-0.04415958,-0.06004113,-0.14548081,0.0539168,-0.02879894
0.09434648,0.57424531,0.15448945,-0.31951406,0.33608164,-0.20354336,-0.04029987,-0.08852997,0.0563943,0.02748966,0.24055461,-0.05690242
-0.08044758,0.3296352,-0.1837477,-0.06604541,0.41225153,-0.2584699,0.19802614,-0.18521423,0.25808831,0.06080624,0.1718822,-0.29010249
-0.30769835,-0.15917787,-0.04826602,0.0833674,-0.4281202,0.31655152,0.23865785,-0.1636886,0.14656608,0.18367932,0.10844274,-0.07819122
-0.04595729,0.06346458,-0.02771632,-0.03153438,-0.01602396,0.00276302,-0.13320548,0.04993519,-0.09310385,0.08980043,-0.23294144,0.17913503
-0.03244991,0.09832741,-0.01386635,-0.0810225,-0.07322439,0.07228393,-0.00511327,0.07188136,0.01320571,0.05232276,0.03629618,0.04320972
-0.10909492,-0.12686626,-0.3132963,0.15764444,0.09744458,-0.1857118,0.13069188,-0.70470067,-0.36790769,0.63536923,0.22334392,-0.34534786
0.12246942,-0.00206281,-0.03944959,0.11329587,-0.07842149,-0.0576595,0.1283176,-0.33236901,-0.03190967,0.3737105,0.06283008,-0.15606405
0.23402925,0.05379964,-0.11269905,0.09154221,0.26500559,-0.21130357,-0.00552534,0.07957163,0.02692824,-0.10298934,-0.03669968,0.04072704
-0.07293948,0.01138728,-0.05718561,-0.00198775,-0.28415565,0.1895648,0.32612793,-0.26167106,0.16428372,0.37053508,-0.01348202,0.06499628
-0.64915139,0.04732778,-0.02720139,-0.21207778,-0.20997222,0.61389722,0.17380972,-0.48592778,0.28388321,0.81434747,0.15322449,-0.14603586
-0.35810612,0.24901973,0.26555283,-0.32025261,-0.22480136,0.10746531,0.19482551,0.18387847,0.63696003,-0.14999925,-0.37896796,0.44858503
-0.09888788,0.18663535,0.02340468,-0.20146061,0.06660138,0.04986061,0.13166018,-0.00217495,0.18330563,-0.10474845,0.08911189,-0.03428283
0.04941302,-0.04011178,-0.05152727,0.09792975,0.12389318,-0.14795227,0.24502802,0.15587998,0.41490096,-0.02084177,-0.08379491,-0.0667329
0.05612363,0.01233856,-0.0349293,-0.12788431,0.04273629,-0.160262,-0.12505321,0.05811396,-0.15393483,-0.08118934,0.1579023,-0.22596602
-0.30841819,-0.29633806,-0.30686143,0.21175157,-0.33206779,0.27399752,0.08247825,0.03849354,0.0253501,-0.05747454,-0.18691817,0.15605811
-0.01076736,-0.11538681,-0.08924306,0.15396736,-0.06854167,-0.07405417,-0.01742317,-0.0364625,-0.09647544,0.0616625,-0.06661477,0.03635568
0.10500617,-0.07527593,0.1972713,0.08087963,0.17115741,-0.08958086,0.50098163,-0.09272731,0.50771463,0.05282879,0.12723871,-0.13973232
0.045836,0.030788,0.098304,-0.039904,-0.054816,-0.015828,0.057917,-0.118973,0.234227,0.146264,-0.515103,0.311659
-0.06547429,-0.06034026,-0.20182987,-0.04749149,0.16445406,-0.13485577,0.05635354,-0.08201916,-0.24049033,0.19700853,0.1448921,-0.05047052
0.22694236,0.11785021,0.12831074,0.17787541,0.26186777,-0.10661095,0.00670274,0.22964068,0.70840556,-0.39216918,-0.37292793,0.22982953
-0.09713114,0.18182768,-0.26050588,-0.07751419,-0.27762941,0.13194567,0.20894468,0.0066425,0.21351012,0.03634038,-0.17650236,0.11347898
-0.0087741,-0.12210332,0.06264377,-0.0159259,-0.07186662,0.06987119,-0.05914798,-0.00917032,-0.18051342,-0.00607218,0.0359863,0.11083024
0.16336644,-0.24082803,-0.10569827,0.18697543,0.61252491,-0.79900104,0.17331739,0.01784163,0.13118173,-0.04464087,0.05995634,0.06686795
-0.00536528,-0.00458407,0.27387099,-0.01908228,-0.25875553,0.2135912,0.18463617,-0.28116257,0.11046967,0.12118463,0.03713657,-0.01910909
-0.08795986,-0.16035601,0.05756893,0.04723787,-0.17949955,0.08457687,-0.22963637,-0.15017927,-0.06256518,0.06647385,-0.04205166,0.03733838
0.00824703,-0.28029168,0.0363358,0.07280978,-0.09693559,0.02350104,0.20976149,-0.25994663,0.18637138,0.07473122,-0.03004093,-0.19407007
-0.00826538,0.18905296,-0.00267421,-0.17422666,0.08844266,-0.09719701,0.10009169,0.09066035,0.08551594,0.04977678,0.29232754,-0.21840941
0.09906173,-0.20751481,0.03038765,0.04488519,-0.1150037,0.04220741,0.03861466,-0.0126463,0.07986744,-0.00037546,-0.06701157,0.00492593
-0.12765556,0.07918333,0.12384444,-0.20611667,-0.40913333,0.356,0.37184646,0.49290303,0.32967374,-0.41669394,0.32337576,-0.12977576
-0.27759357,0.08119811,-0.35016673,0.01990246,0.19167788,-0.01956578,-0.26924161,-0.10039765,-0.3053086,0.07963258,-0.01850833,0.01220571
-0.17460629,0.10766457,-0.01968,-0.03754571,-0.19081086,0.115812,0.40216331,0.06025861,0.34048785,0.06122565,-0.06495315,0.10746028
0.14572245,-0.13134082,0.24805918,0.1163449,0.50063878,-0.45163061,-0.03878129,-0.01950646,-0.00442653,0.06139354,-0.28825408,0.17500544
-0.05834934,0.22814896,-0.24436767,-0.1469344,0.23336597,-0.22561701,0.12177523,0.07266211,0.00995171,-0.01974563,0.3489212,-0.34085492
0.15788966,0.01895517,0.23452973,-0.04042996,-0.09484994,0.18482996,0.09495419,0.27568325,0.27921133,-0.18809066,-0.10635246,0.17274789
-0.06617072,-0.09609344,-0.25454768,0.36512464,0.1012432,-0.1007968,0.12677057,0.0071084,0.12851957,0.01733043,0.17301323,-0.0524044
-0.1084125,-0.221825,-0.14436875,0.11603125,0.15141563,-0.15227969,0.31008929,0.04357321,0.15006429,-0.01702187,-0.054675,0.11416384
-0.16368009,-0.34330741,-0.37457731,0.30493735,-0.29348241,0.15837068,-0.25160848,0.08337439,-0.16475991,-0.02297996,-0.00488632,-0.00860806
0.08445694,0.02033426,0.10390972,-0.02527809,0.03935764,-0.02241042,0.27073606,0.27930988,0.2350578,-0.17499401,-0.02396798,0.00777647
0.44929184,0.67953265,0.29836735,-0.39302755,0.29794082,-0.18099388,0.27425863,-0.40637206,0.35466468,0.22125424,0.15065871,-0.09018642
0.21462066,0.05335051,-0.07419286,0.01202347,0.11024286,-0.20412117,0.20954238,0.23754136,0.27228233,-0.18032277,0.15624904,-0.04663494
-0.10981615,0.0453901,-0.0164625,-0.10581337,-0.12362917,0.04602847,0.07719042,0.03653505,0.35565057,-0.00029768,0.01655118,0.08999164
-0.30884167,0.24995,0.01328333,-0.33609583,-0.36549167,0.23419583,0.97349545,0.19851364,0.69769091,-0.09768864,0.17571818,-0.118725
-0.3160855,-0.198757,-0.2068295,0.0920415,-0.213802,0.0650385,0.11563392,0.035853,0.39027524,-0.15557534,-0.07720858,-0.04433534
0.07433817,0.1015429,0.07281405,0.12102707,-0.20481331,0.00929734,0.17694179,-0.01373844,0.08049194,0.19243301,0.18805572,-0.01249484
-0.12288,0.077304,0.09184625,-0.1555215,-0.3637675,0.24709,-0.14973479,0.06665021,0.38405416,-0.02213218,0.28394811,-0.10262534
0.28176484,-0.11836862,0.3907586,0.17509981,0.41720813,-0.18097259,0.27109445,0.16990563,0.41587469,-0.11761437,-0.4308335,0.4232552
0.00412191,-0.21420216,-0.08575123,0.27405772,0.09899136,-0.20961173,0.27155045,-0.02973914,0.16859261,-0.33837001,0.19374092,-0.27795792
0.03340494,0.68140741,-0.33788981,-0.11531667,0.30600525,-0.10298457,-0.11692805,0.14550045,0.04614744,-0.4379213,-0.36461654,0.33180517
-0.10216994,0.003831,-0.1480189,0.08587637,-0.05220265,-0.02836011,0.18499142,0.00448727,-0.04207616,0.08634739,0.07135209,-0.15937356
0.18326,0.23269111,0.11614,0.275404,0.56824,-0.299256,-0.00699905,0.39268,0.86751286,-0.51207257,-0.36242714,0.19075171
0.09685124,0.1134624,-0.0076343,-0.09217314,-0.05620785,-0.1006343,0.09967442,0.11789591,0.24268957,-0.19608217,0.0446985,-0.04407005
0.08593471,-0.27232318,0.09063663,0.32291152,0.12506571,-0.13176804,0.12095495,-0.20005007,0.2934645,0.2399073,-0.34746731,0.24328137
0.36396627,-0.1487858,0.1086284,0.03200118,0.02018462,-0.03748462,0.16184226,-0.02195,-0.0339571,0.1248,0.07757628,-0.03789295
-0.13818958,0.25573854,-0.11180625,-0.27286458,-0.23485312,-0.04189792,-0.1370236,0.3167924,-0.02671997,-0.06732242,-0.02959256,-0.01573727
-0.28218683,-0.08454568,-0.25962826,0.00380823,-0.20331481,0.22709259,0.14828845,-0.33271966,-0.04125514,0.18101652,-0.05107137,0.06279672
0.18153168,-0.14173664,-0.09851056,0.20138928,0.08449376,-0.07710944,-0.07960401,-0.03070839,0.00078132,0.07549027,-0.01458289,0.01814694
-0.01656578,-0.04907689,-0.0868,0.14135511,0.05062667,0.014892,0.08858673,0.3137421,0.0977653,-0.16548819,-0.22014362,0.16176181
0.02935375,-0.2024063,-0.03654518,-0.00066171,0.23827051,-0.19068526,0.08408604,-0.09771117,-0.14414734,0.01935919,0.26770903,-0.24020904
0.39016,0.178151,0.39796,0.124228,0.1686,0.11513,0.28215533,0.74083667,0.19387978,-0.58565111,1.02850556,-0.69661111
-0.19386198,-0.18214215,-0.26020992,0.20188347,-0.29931033,0.12589669,0.00517414,0.20524953,-0.12467044,-0.06619158,0.1218123,-0.2502208
-0.12996482,-0.33996205,0.1735831,0.01189612,0.06369751,0.10732493,-0.05885272,0.37714994,0.09589611,-0.25054218,0.12790052,0.15672156
0.08258906,-0.16145586,-0.40400273,0.23118242,0.15818945,-0.23595156,0.10697096,-0.06485414,-0.28303362,0.08623008,-0.07183247,0.10744716
0.04087071,0.05772396,-0.1537054,-0.00738172,0.20500125,-0.20305353,0.05925639,-0.10350031,0.05341876,0.00952105,-0.02337229,0.09204189
-0.3747432,-0.03684142,-0.13290592,0.06042604,-0.14922899,0.29937396,-0.21014951,-0.06077002,0.1963319,0.24345912,0.02184152,-0.08555434
0.13126211,-0.15579648,0.02365322,0.00181191,-0.04211289,-0.05454609,-0.01303415,0.1101467,0.01005143,-0.14428708,-0.23551278,0.04014427
0.01700073,-0.0526034,0.02811065,0.06978751,-0.03047502,0.05595115,0.04406195,0.05649213,-0.00266579,-0.06145209,-0.0764538,0.00078342
-0.1850963,0.42845741,-0.14193951,-0.20620988,0.07834259,-0.16798704,-0.22729194,0.09174183,-0.29926972,0.04498017,0.52367124,-0.22063878
0.10732881,-0.13520637,0.11665346,0.31798615,-0.0234036,-0.01655873,0.31323486,-0.31338233,-0.04329584,0.28671616,0.15348872,0.05999686
-0.22266445,-0.05024961,0.22019414,-0.3793332,-0.49145352,0.41034961,-0.28612404,-0.10020242,0.10163096,-0.10264456,-0.20022409,0.52606211
0.03296811,-0.31024951,-0.10960651,0.31307219,-0.34747955,0.08200151,0.06134423,-0.40594982,-0.01798695,0.33347455,-0.17395043,0.12933245
0.02710337,-0.10734784,0.00435138,0.16955597,-0.18855606,0.1295468,0.01332893,-0.18473425,0.01095647,0.22034697,-0.05713478,0.0363082
-0.15271142,0.42275463,0.09683148,-0.26739074,-0.32752963,0.30129846,0.16116086,0.03450187,0.19007785,0.09301605,0.18899468,-0.11628722
0.07510294,-0.02356176,0.19024706,-0.00803824,-0.0034,-0.10591765,0.02035062,0.09824367,-0.09761604,-0.07372727,0.05110731,-0.09704545
0.41881667,0.28244167,0.79933611,-0.22245278,-0.19049444,0.18449444,-0.08171742,-0.15112348,-0.33718864,0.21924722,-0.22877045,0.1881654
-0.269671,-0.14367,-0.0111795,0.06722875,0.042003,0.062709,0.10405653,-0.26792189,0.18980758,0.23165626,0.30918653,-0.14134163
-0.22744848,0.04088208,-0.01069184,-0.21460496,-0.03379056,0.11277984,-0.00523095,0.38763465,0.04509655,-0.34280626,-0.16386769,0.05312091
-0.00175005,-0.00846753,0.05792414,-0.07019521,-0.2109308,0.02733996,0.20354588,-0.24757452,0.30409061,0.16157812,0.01747042,-0.21957457
0.3121685,-0.07772259,0.29599017,0.0654011,0.13603444,-0.1409281,0.36290661,-0.03931228,0.61653937,-0.1106877,0.12833735,-0.06180692
-0.3203625,0.33957813,0.16340156,-0.36545937,-1.04146719,0.6615625,0.18850781,0.45446763,0.28586853,-0.2580029,-0.39387879,0.3898471
-0.21375395,0.05965132,-0.2263795,-0.00716247,0.03473019,-0.02003747,0.00014545,0.2986947,0.18208912,-0.31234084,0.16641334,-0.16339717
0.02111134,-0.09610794,-0.07897051,0.14618507,-0.09586314,0.02400151,-0.02035818,0.04775084,0.28458293,-0.12504894,0.21708483,-0.19274183
-0.3788929,-0.19236852,-0.18222747,0.09967037,-0.45896605,0.32327068,0.03549377,-0.1623569,0.05290346,0.1090375,-0.12028547,0.10161432
-0.18626805,0.22646881,-0.29401342,-0.1841603,0.33644518,-0.29347316,0.22489197,0.05656175,0.30343959,-0.0487221,0.3251408,-0.36420748
0.08840826,0.07127851,-0.02771983,0.13484959,0.1435562,-0.27995785,0.39706843,-0.02904479,0.51984661,0.25407099,-0.41484661,0.12792554
-0.13480178,0.25131854,-0.13975358,-0.11264405,0.18283511,-0.12058363,-0.02726453,0.26084846,-0.09024085,-0.08643854,0.3007349,-0.21951864
0.02132147,0.08142652,0.17196856,-0.05982645,0.00248449,0.07443629,0.64325876,0.29915785,0.52556722,-0.137403,0.25966005,-0.30838778
-0.15486348,0.05003701,0.02638271,-0.06931084,0.22218633,-0.11131328,-0.067192,-0.13567663,0.11880942,0.11061851,0.15353708,-0.12373633
0.10445512,-0.09893158,0.00877673,0.09248947,0.04085235,-0.20771468,-0.20267179,0.29036102,-0.04194957,-0.11862041,-0.10653576,0.14064041
0.14091528,0.10626181,0.185775,-0.05982431,0.08981667,-0.04717361,0.08050044,0.1324584,0.05845953,-0.08657847,-0.1771613,0.03743668
-0.17026875,-0.45617917,-0.26715139,0.3084625,-0.07813611,0.137175,-0.21210486,-0.12024343,-0.21170335,0.16233737,0.33151944,-0.24426338
0.02162967,0.12598533,0.14506533,-0.091862,-0.05484689,0.13940144,0.21274072,-0.37430066,-0.06659652,0.39238985,0.19018544,-0.14687831
0.02775925,0.27862975,0.0242025,-0.1835925,0.0150985,0.1734285,-0.08687776,-0.0533355,-0.18544987,0.07302658,-0.08771076,0.02830763
-0.64586843,-0.20651512,-0.27219905,0.07011834,-0.79206333,0.5471966,-0.22184422,-0.07268191,-0.11509738,-0.0172383,-0.12392717,0.14295419
0.2507625,0.1344,0.02089931,-0.119425,0.23336736,-0.33177847,-0.01799205,-0.04488068,0.13039886,0.04722052,0.17356023,-0.16366054
0.23332417,0.11547791,0.23579681,-0.09210956,0.12574647,-0.11550242,0.03441341,-0.04796418,0.06827763,0.16232805,-0.08814733,0.05627776
0.33530076,-0.0661535,-0.00451021,0.13027921,0.06735709,-0.07882495,-0.07986677,0.25194522,0.11849667,-0.04716725,-0.02190913,0.20997089
0.26928283,-0.15209391,0.33269501,0.08757729,0.07933019,-0.08631385,-0.19487084,-0.04143266,0.05200665,-0.11160428,-0.28200078,0.25167935
0.05871023,-0.00841563,0.0612,-0.06056633,0.0132973,0.03187012,0.12189072,0.00208893,0.18342007,-0.07277049,-0.18388479,0.01252523
0.09653058,-0.06153058,0.00478017,0.06407686,0.07941818,-0.08662727,0.21273917,0.54898727,0.17558372,-0.29662909,0.04404091,0.10040636
0.01502608,0.04363552,0.0660976,-0.1011168,-0.04194528,0.09658896,0.26371743,-0.09268255,0.0397551,-0.11865297,0.20260195,-0.1113308
-0.01050124,0.06137107,0.17600971,0.02549256,0.16497727,-0.06493182,-0.09393949,0.15890952,0.04448367,-0.13834762,-0.05775628,0.13308247
0.09146253,-0.06782175,-0.06566641,0.09030665,0.07693352,-0.05663019,-0.24686943,-0.10155969,0.01899899,-0.10502927,-0.19051915,0.05340416
-0.05746667,0.09203125,-0.26575556,-0.03921111,0.61020972,-0.183625,0.08826061,0.28820133,0.06348485,0.0159798,0.1125089,0.03582828
-0.19691562,-0.01447448,-0.02721736,-0.24005486,-0.04318924,0.11273958,-0.05559176,0.19338148,0.08493741,-0.03451371,-0.18276436,0.17386419
-0.14509825,-0.06006486,-0.22810636,0.0497027,0.22137568,-0.18245135,-0.02502165,-0.00839925,0.12340673,0.09205128,-0.21040631,0.18310983
-0.03333878,0.1385482,-0.04197618,-0.22066704,0.11032576,-0.04157479,0.58819688,-0.08232288,0.30133196,0.09728798,0.62757127,-0.547636
-0.008919,0.112607,0.040032,-0.042551,0.340552,-0.0977155,-0.28539095,-0.12430305,-0.39929411,0.30556863,-0.35757253,0.20946495
0.10730194,0.43961524,0.11062327,-0.45487839,-0.05969529,0.1577097,0.36687525,-0.01748183,0.17940362,0.02303533,0.23177929,0.00178241
0.01389174,0.28883781,0.1348719,-0.1942876,0.11462087,0.02069256,0.12640189,-0.30101988,0.15512548,0.17291915,0.16343964,-0.0634209
0.16666844,-0.1691956,-0.04743156,0.07854793,0.08762551,-0.12903767,0.06321494,0.08894966,0.01040684,-0.04269112,0.11946835,-0.10476926
-0.00936754,0.05863769,-0.06171332,-0.01333948,0.17892521,-0.09058775,-0.1681142,-0.02896313,-0.02918329,0.03176761,-0.11028616,0.17130825
-0.21142695,-0.22872123,-0.23161769,0.12647523,-0.36333954,0.15311384,0.26871988,-0.30254166,0.05827988,0.19281331,0.14239834,-0.13464669
-0.11212105,-0.20847008,0.07033823,0.21887285,0.26705291,-0.23155789,-0.05003127,0.10633018,0.06551142,-0.11954324,-0.1349514,0.06740559
0.08278242,-0.25080996,0.0022458,0.25446123,-0.00346846,0.02616152,0.16315757,-0.05280701,0.06910424,0.06336253,0.22314752,-0.16563929
-0.16647108,0.30120832,0.11564745,-0.16657089,0.25068885,0.04080473,0.13874369,-0.40472242,-0.26597133,0.43574634,0.37653746,-0.4745001
0.08086492,-0.02569853,-0.06865987,0.08343104,-0.20811598,0.0607686,0.12320426,0.07060244,0.02320748,-0.05752264,0.11117991,-0.10346374
-0.47776298,-0.07239516,-0.35383356,0.06287093,0.22501661,-0.03000554,-0.9051782,-0.2143747,-0.63286644,0.01288679,-0.33979418,0.23364635
-0.0007555,0.1014385,0.0214415,-0.0656535,0.0557415,-0.0421595,0.04202251,-0.14902551,0.04167725,0.08637933,-0.08620657,0.05538354
-0.29202251,-0.17319972,-0.22833947,0.14358989,-0.14911974,0.08368179,-0.12780021,0.00646895,-0.26523627,0.00439157,-0.20408276,0.19546532
0.31576821,0.04173256,0.20851358,-0.10587346,0.04028812,0.01258951,-0.07794711,-0.07021084,0.13601709,-0.14147706,-0.17491012,0.08866254
-0.61110509,-0.11664329,-0.48028696,0.09139159,-0.49702647,0.29797948,-0.36648338,0.00330596,-0.29841052,0.02915718,-0.24696118,0.15723433
-0.08588209,-0.04658264,0.14010083,0.01847631,-0.11761699,0.11888264,-0.03094775,0.05308191,0.04407763,-0.00724263,0.0569695,-0.08151725
0.24977977,0.08301132,0.07378181,-0.08019934,-0.03289898,-0.06090723,0.18614304,-0.22862099,0.10698395,0.10192947,-0.15113158,0.03523149
-0.33796505,0.04233426,-0.12794394,-0.0191218,-0.32704844,0.3401346,0.01940701,-0.34723326,-0.02609483,0.105021,-0.80462517,0.72701953
-0.00861136,-0.1307072,0.10415706,0.10421773,-0.02981247,-0.10190859,0.19964118,-0.17521005,-0.0205401,-0.18442124,-0.2149697,-0.020342
-0.0189084,0.10887344,-0.14743896,0.07835234,0.18805059,-0.13991934,0.20978592,0.15684596,0.16940558,0.00662236,0.1365016,0.07046924
-0.16359219,-0.05132813,-0.16339922,0.00139453,-0.04145547,0.00281836,-0.12753615,0.10603302,-0.10114906,-0.04758211,0.01524844,-0.00820003
0.01491497,0.06365578,0.08587687,-0.04836599,0.00669546,-0.03494853,0.08262949,-0.1062385,0.03762092,0.05449259,-0.06082969,0.03851092
-0.15345413,-0.02192087,-0.2199938,0.06882211,0.04388802,0.15242107,-0.07807337,0.09953984,-0.15488614,-0.39639777,0.19405564,-0.22390729
-0.00970375,0.43587375,0.01272,-0.164885,0.441329,-0.0906425,0.25365921,-0.44480618,0.19322368,0.24791579,-0.10994171,-0.07710053
0.14195026,-0.32382535,0.09667524,0.21999248,0.20944215,-0.43404361,0.3692787,-0.37733549,0.24715453,0.36649125,0.18010617,-0.2865044
0.09232595,0.12297578,0.09795052,-0.14222249,0.01545052,-0.16370069,0.13733186,-0.12368469,-0.00206006,0.07942667,-0.18244976,-0.03466047
0.14859444,0.02556111,0.08762292,0.21196319,0.30672083,-0.10255139,0.23427475,0.25356566,-0.23800025,0.06024785,-0.11779646,0.03775391
0.37213989,-0.15761801,0.40618366,0.05330886,0.43214349,-0.44344321,0.42398533,0.34679938,0.44420668,-0.28792941,-0.19245529,0.12359252
-0.30238621,-0.31100166,-0.22645541,0.16238002,-0.0521302,0.00232414,-0.25008453,-0.19708627,-0.29967579,0.14020965,0.04441914,-0.10912237
-0.1506445,-0.06243025,-0.0179825,-0.0240225,-0.2791565,0.216164,0.18542461,0.03177339,0.16385618,-0.14429132,0.2891855,-0.23721763
0.06987368,0.24645789,0.05116371,-0.08948449,0.21333324,-0.2207518,0.04043333,0.10781111,0.29826784,-0.05338875,-0.4238076,0.18707148
0.23132639,0.06436944,0.20445556,-0.27463056,0.19683056,-0.26212778,0.08996263,0.30930202,0.00851717,-0.24438586,0.06488384,0.04499596
-0.12145764,0.31945833,0.2349875,-0.23675833,0.03724583,-0.05983681,-0.1326541,0.34784729,0.25170953,0.00401976,0.24483062,-0.08501812
0.10517273,-0.10522727,0.02689339,0.21684215,-0.36907025,0.25352645,0.13216,0.23894,-0.02315727,-0.07865463,0.27321273,-0.29128281
-0.02023264,-0.03542361,-0.01237222,-0.03889722,-0.12341424,0.32274757,0.24788454,-0.02477313,0.16684251,0.06063454,0.15125151,-0.31146981
0.044916,0.006812,0.08101378,0.08838733,0.15219322,0.02326311,0.22136211,0.05634964,0.23510154,-0.10116907,-0.3881484,0.28453243
-0.31384653,0.01446076,-0.10576997,0.1516967,-0.20654149,0.1762559,0.02405237,-0.19288742,0.00371867,0.25822025,-0.17548924,0.25055648
0.19610926,0.05443519,0.31188889,-0.15466389,0.04142593,0.20751852,-0.03776078,0.26755163,0.15389608,-0.29167549,0.35180065,-0.28630686
0.17086111,-0.28056458,0.15363333,0.35684167,-0.18661875,0.05015833,-0.23146591,0.44087973,-0.23462803,-0.362025,0.01693352,0.04395227
0.16198472,0.36601389,0.08472917,-0.1568875,-0.12734028,0.10342014,0.1162072,0.29620922,0.12855265,-0.17093314,0.20456073,-0.07999223
0.01108992,-0.06703433,-0.17346684,-0.00871958,-0.11732893,0.0211534,0.33615805,0.07906872,0.21499995,-0.10984807,0.11906241,-0.10238793
0.04465265,-0.02882341,-0.00993767,-0.06418928,-0.04364599,-0.0224667,0.09764907,0.03679116,0.02530315,-0.04854631,-0.01859078,-0.06033298
0.1225463,-0.09566834,0.01128654,0.05862308,0.02338846,-0.15244083,0.03876269,0.04092652,-0.03666515,0.06052846,0.04795052,-0.01149308
0.21534183,0.29123989,0.31017507,-0.22174654,-0.30301731,0.15212798,0.08871995,-0.15410979,-0.02863239,0.08514899,0.09032393,-0.07185983
0.34670256,-0.07910336,0.213744,0.0466592,-0.0969696,-0.03903456,0.48626263,0.06612854,0.06469747,0.05164253,0.10364221,-0.16742513
-0.10410073,-0.27249053,-0.14562008,0.07923351,-0.4492615,0.3302077,0.17253632,0.05458763,0.28074395,-0.22858802,0.05845171,-0.18268136
0.05581875,0.04857396,0.08342344,-0.12674358,0.21158385,-0.13272396,0.17503157,-0.19034361,-0.16535919,0.12433281,-0.04824633,0.23469676
0.57753837,0.16760019,0.59597996,-0.19066503,0.1637242,-0.04298998,-0.25003165,-0.12567326,-0.25705636,0.10097812,-0.00667089,-0.05097978
-0.40310833,0.33658333,-0.00150069,-0.22305903,-0.19444583,0.0650125,0.06201591,-0.02094091,-0.03250758,-0.02379659,-0.0924,-0.05278447
-0.08184367,0.2924656,0.00456371,-0.12193233,0.09325671,0.08201456,-0.16023549,-0.12778287,-0.20861612,0.09094911,-0.21960717,0.09401651
0.01633422,0.14932267,0.06439289,-0.23901467,0.13867867,-0.10843467,0.0132607,0.24300781,0.07144308,-0.25211438,-0.03974981,0.32636895
-0.08133837,0.47409635,0.15182153,-0.37760573,0.09687708,-0.11282656,-0.3336667,0.11395799,-0.22368464,-0.07545405,-0.20925197,0.20962493
0.02657407,0.09416543,0.05150864,-0.08145062,0.06151975,-0.09146296,0.05694228,0.01320062,0.1095409,-0.05993997,-0.12857438,0.00660448
-0.04141834,0.1907997,-0.10201183,-0.05925414,0.03382633,0.09639985,0.03029131,-0.19922045,-0.02049407,0.20800209,0.06977355,-0.17403914
0.08577801,-0.08964051,0.09199444,0.03941165,-0.14826389,0.04398943,0.15138278,-0.02087171,-0.1443415,0.07107446,-0.23418909,0.08197692
0.11215917,-0.02455976,-0.15516982,0.10655444,0.11012959,0.01428047,0.41426524,0.17233368,0.43587549,-0.01875779,0.47361381,-0.26167959
0.15687949,0.36663916,0.1361335,-0.26445596,0.23859687,-0.19058438,-0.30642579,-0.28362429,-0.35040724,0.25326421,-0.68779173,0.41194415
-0.10267469,-0.01026481,0.02864784,0.08056296,-0.10041535,0.3089591,0.03151743,0.14951639,0.07668885,-0.33499644,-0.08708559,0.05872253
-0.37576026,-0.05369537,-0.18439537,0.04415,-0.20413951,0.20780702,-0.16134661,0.02555586,-0.04375082,-0.07925886,-0.10289271,0.17185646
-0.20575694,0.08262824,-0.1036429,-0.01816296,-0.00896698,0.07646111,0.20764145,0.22790579,0.27564732,-0.14287514,-0.18763215,0.07565248
0.0535176,-0.0200864,0.08300624,0.0128848,-0.04460368,0.0628344,-0.01339031,-0.26516381,0.00031485,0.21453931,-0.26968081,0.23050098
0.11164514,0.03250833,0.12369444,-0.14315833,-0.20294861,0.48833403,0.03275846,0.4160065,0.15170619,-0.33893573,0.57780196,-0.60207437
0.06890586,0.10495703,0.03967188,-0.16080938,-0.00873984,0.11063154,-0.08807843,0.00810639,-0.03332681,0.00252495,-0.14897405,0.17577334
0.17307308,0.36813077,0.46912929,-0.29956834,0.13045666,0.02422219,0.10489446,-0.02898408,-0.10721877,-0.07491707,0.05098546,-0.18698107
0.45173712,-0.29951524,0.28261856,-0.05134515,-0.01915042,0.19401773,0.383909,0.47401071,0.53929087,-0.54681797,0.68863001,-0.22865277
0.21274635,-0.10071233,0.03015417,0.03305833,0.38840694,-0.29626927,-0.21941105,-0.14117261,-0.16014692,-0.01696975,-0.01227152,0.1797683
0.24070413,-0.13526804,0.04963545,0.10026602,0.12811313,-0.00022929,-0.01857322,0.11690142,0.12024392,-0.03988198,-0.09950445,0.0433666
-0.20274879,0.09604394,-0.28818616,-0.02560242,0.29410657,-0.02931592,-0.18626263,-0.34476438,-0.15804425,0.20923616,-0.52745151,0.30707844
-0.0031574,-0.10796272,0.0305503,0.11714083,-0.18135444,0.19422426,0.07280567,0.30024763,0.15812106,-0.1833177,0.23753289,-0.19902475
-0.10626633,0.2670449,0.24906939,0.05701939,-0.15266224,0.23688367,0.18842351,-0.34371582,-0.01085232,0.17283285,0.2157633,-0.23895506
-0.03712569,0.16425764,-0.06332577,-0.03404491,0.06888125,-0.09176875,0.20246583,0.17700304,0.25783528,-0.04407798,0.07267018,-0.0385625
0.09301967,0.33754515,0.32293892,-0.27272846,0.06697244,0.03667729,0.00463801,0.06601887,-0.14020566,-0.11179361,0.22737648,-0.20243642
-0.04560744,0.07761198,0.31093409,-0.07857955,-0.31903079,0.32387851,0.51190887,0.07811155,0.39717619,-0.03874881,0.26008579,-0.26084037
0.38277604,-0.21631302,0.30277411,0.14709926,0.11844645,-0.07169408,-0.3664265,-0.24090722,-0.36080404,0.17878331,0.13586878,-0.05747161
-0.06841744,0.14765648,0.18194606,-0.15875185,0.1632419,0.21297052,-0.01894656,0.1552248,-0.04612791,-0.04367758,0.07388551,-0.09908361
0.08071453,0.46918339,0.12752941,-0.30773702,-0.1929,0.21589308,0.51601393,-0.20410337,0.18805032,0.24334643,0.07272567,-0.13314952
-0.06919339,-0.10689394,-0.10733361,0.04375758,-0.35046529,0.24188108,-0.03249946,-0.13196105,0.21655935,0.07131746,-0.16024192,0.1001327
0.06703789,-0.24284551,-0.00368018,0.16284316,0.00804922,-0.08389375,0.05379437,0.12475244,0.084548,-0.15875416,-0.140053,0.09825693
-0.05338578,-0.01453556,-0.14119333,-0.03512889,0.066912,-0.11695522,0.39928766,0.07219949,0.24004973,0.03627693,0.2110442,-0.08797249
0.20245868,-0.26374876,0.12906508,0.17928223,0.15805186,-0.11603719,-0.28120479,0.09960534,-0.15924678,-0.15776315,-0.21167366,0.19609291
-0.35945,-0.24800833,-0.53663704,0.2337034,-0.05213194,0.03560185,-0.25190206,-0.19279798,-0.12682675,0.24814164,-0.21630345,0.09338529
-0.1358519,-0.24949377,-0.17401869,0.13522042,0.13084637,0.00256436,0.21442753,0.09079544,0.27988415,-0.14011959,0.14192264,0.01948776
0.010891,-0.13778131,0.09237024,0.12749066,-0.14778235,0.2305,0.01367297,0.15412243,-0.01595828,-0.54209559,0.32565404,-0.1063739
0.38236272,0.1292858,0.40543254,-0.17425917,0.06392722,-0.11028166,-0.72822618,-0.72764122,-0.45383067,0.32447396,-0.65924507,0.60749832
-0.15310657,-0.26317872,-0.12100727,0.1030449,-0.19639931,0.0823026,0.17071896,0.04787541,0.24336602,-0.13222354,-0.06670338,0.04839839
0.09168333,-0.03360278,-0.112475,0.02638889,0.26303511,-0.22660417,-0.22462286,-0.25268968,0.09290857,0.24774651,0.19547381,-0.02920278
-0.12981736,0.32074236,0.05144463,-0.18449876,-0.12087149,0.05860413,0.08830984,-0.02893067,0.09866612,0.06776738,-0.12062093,0.04915828
0.33676556,0.12424719,0.4527602,-0.10101352,0.29580663,-0.10202372,-0.09489879,-0.27922134,-0.28106148,0.24281246,0.08431649,-0.15987961
-0.03581216,-0.20295214,0.07101203,0.05580855,-0.12894379,0.03994464,-0.00902,-0.09022802,-0.01034051,0.19453138,0.00216611,0.0288861
0.16206465,-0.18426416,0.09704922,0.19714111,-0.02745156,0.06681289,-0.0493952,0.14478184,0.25512658,-0.26152319,0.13126339,-0.02696644
-0.0482096,0.1851344,0.1028224,-0.125044,-0.0670976,0.007536,-0.05552407,0.03790543,0.0973031,-0.16080183,-0.5689924,0.37470233
0.03721191,0.21474893,-0.0880207,-0.21244072,-0.11215,0.10580312,0.04701667,-0.19584667,0.09955276,-0.0525755,-0.15456754,0.2552748
0.02842334,0.22042271,0.15069231,-0.11118629,0.04741122,0.05380429,-0.02869252,-0.29687219,0.09898693,-0.01460168,-0.11794631,0.1398508
0.11097778,0.24323542,0.16681771,-0.25365729,-0.26928281,0.0542191,0.29036588,-0.09339761,0.28186842,-0.03259971,0.42954858,-0.50817652
0.03056667,-0.09467222,-0.07744414,0.14038426,-0.10195864,0.10183889,0.37856057,-0.05874096,0.32733442,0.1206309,0.41344989,-0.22194263
0.22854667,-0.16142378,0.00830656,0.09225289,-0.03337178,-0.00607333,0.18056102,0.17906389,0.12737366,-0.09720852,0.01025677,-0.13967829
0.03579583,-0.34078333,-0.1908375,0.41304306,-0.20915,0.16611389,-0.02681196,0.04712609,0.14512283,-0.01433671,-0.00363913,0.11458937
-0.11506384,0.46001712,0.32818304,-0.22828352,0.3372272,-0.2488528,0.64752817,-0.23227063,0.59970551,0.21831997,-0.28574263,-0.0060147
-0.8149582,-0.29722168,-0.89573828,0.30526484,-0.45084131,0.3771209,-0.61431588,0.02663109,-0.70139309,-0.05126872,-0.31264895,0.19724811
-0.14615278,-0.39249167,0.01853611,0.26368125,0.21663333,-0.20826667,0.03803535,-0.2827697,0.09912172,0.12426326,-0.13888182,-0.05044205
0.0222401,-0.15017135,-0.03393125,0.03904531,0.10262292,-0.11690885,0.081107,0.04065324,0.03901515,0.02243041,-0.00449622,-0.01477828
-0.000964,-0.07917467,0.07813822,0.13315467,-0.03562222,0.01791778,0.23933162,-0.29119762,0.16160448,0.2712127,-0.08439048,0.05067698
0.09819008,-0.00015234,0.15850064,-0.13019118,-0.04944637,0.09284123,0.00592502,0.21996463,-0.09959468,-0.11536236,0.25181018,-0.29535298
-0.05493952,-0.02140448,-0.013172,0.0249496,0.0942416,-0.03638464,0.22260837,-0.09747202,0.29913037,0.04831923,-0.03493485,0.06150107
-0.29597716,-0.07124948,0.16764844,-0.1782263,-0.52368304,0.36814913,0.16970264,0.28528986,0.47587801,-0.35301453,-0.4055175,0.3268362
0.0029546,0.08764623,0.08234774,-0.12826447,0.02430617,-0.21193745,0.07727638,0.04364239,0.12182097,-0.00971108,-0.04842813,-0.07106279
-0.464225,-0.26461667,-0.56728125,0.2708375,0.07998056,-0.02507222,0.13696591,-0.21216061,0.23924545,0.07589015,0.25098485,-0.20593864
-0.115675,-0.01860875,0.0181495,-0.0741345,-0.1028115,0.194253,0.19522355,-0.01743066,0.27667829,0.03125721,0.03445329,-0.05199279
-0.1925716,0.14133314,-0.07189467,-0.16361805,0.02362396,-0.22909379,-0.08450641,0.20019775,0.00931666,-0.3503542,0.10551221,-0.08814989
-0.25553949,-0.1419607,-0.29238724,0.12534197,-0.12611855,0.02794702,0.06185223,0.28565381,0.18509096,-0.32437839,-0.06738445,0.031645
-0.16513611,-0.21304167,-0.00928125,0.05379792,0.31924375,-0.03243056,0.2497,0.0575404,0.51360985,-0.28175587,0.11901389,-0.13854148
0.00476667,0.52600833,0.03623056,-0.41678611,0.23575556,0.08258889,0.37073333,0.10100606,0.06478182,-0.07958889,0.11839091,-0.0905101
-0.15868947,-0.10156316,-0.060241,0.11393767,0.2025892,-0.01490831,0.0017617,-0.15088626,0.24616608,0.10530828,0.10020848,-0.04837184
0.25905952,-0.10980304,0.18200752,-0.03229952,0.19763904,-0.50836848,-0.06034169,-0.53197071,-0.10771402,0.51358881,-0.20607154,0.30366281
-0.07086391,-0.16388107,0.14618462,-0.00474615,0.07827101,-0.06372071,0.21673846,0.05442825,0.1732641,-0.4004891,-0.08593649,0.16684487
0.377266,-0.17368375,-0.25759,0.28574375,0.352087,-0.354592,0.36250401,0.43319095,0.33372928,-0.16149474,0.32265489,-0.01585342
-0.10484293,0.11981855,0.03572973,-0.17777574,0.0430981,-0.17078288,0.07966169,0.31806468,0.40273817,-0.0789571,-0.02047387,0.18463194
-0.48024187,-0.36860138,-0.55192803,0.33988478,-0.1909346,0.05197855,-0.06066481,-0.25057928,-0.31220856,0.22716246,0.38283947,-0.33125629
0.01926462,-0.42303059,-0.43074984,0.26488169,0.07146712,-0.35328252,0.38503947,-0.03515843,0.14475485,-0.0207532,0.53547179,-0.65226212
0.3990716,-0.24332367,0.4583716,0.08112426,0.51865444,-0.34131657,0.10788437,0.26540523,0.10165937,-0.16203738,0.21235651,-0.11885661
-0.14985602,-0.02525,-0.13686574,-0.02064444,-0.00877384,-0.03796921,0.26527413,-0.09611258,0.09570175,0.15049008,0.14421313,0.16934389
0.0294157,0.13301956,0.19841534,-0.09144481,0.04819348,0.10875895,-0.15367232,0.18063436,-0.07313264,-0.12449395,-0.06071356,0.105023
0.12074913,0.38006007,0.05312778,-0.2966559,0.06671667,-0.0545901,-0.01851865,-0.12301397,0.08304095,-0.02946538,-0.20383227,0.20114368
-0.16707515,0.39297278,0.0898,-0.4697142,-0.01556923,-0.16783609,0.16934813,-0.13633057,-0.04641021,0.18127742,0.1938534,-0.13110848
-0.12919036,0.18984442,0.02487883,-0.07566578,0.05340718,0.10364934,-0.22308064,-0.15429016,0.11559881,-0.02870827,-0.02122079,0.14292117
-0.19326852,-0.21930509,-0.12226937,0.11697616,-0.10638565,0.08308611,-0.33399518,-0.22805839,-0.28146669,0.20885284,-0.2671587,0.28247753
0.12747495,0.04057337,0.07802439,0.11548389,0.25967265,-0.22569658,0.37269042,-0.0666919,0.02548543,0.12649044,0.05262767,-0.10107474
-0.15426881,0.27189301,-0.01395369,-0.2890794,0.19753384,-0.25345539,-0.59691436,-0.03563711,-0.33585052,-0.08373784,-0.4582964,0.24490821
0.09656667,0.53431667,0.3368,-0.2726625,-0.00338333,0.02174167,-0.00259621,-0.0441803,0.05079091,0.10487134,0.25561818,-0.14985972
-0.22013467,0.04932467,-0.134192,-0.100326,0.35595356,-0.30115511,-0.121308,-0.07037857,-0.203288,0.17351554,0.13286671,-0.11646607
0.10505207,0.26524231,-0.04011553,-0.23039808,-0.09905444,0.00566864,-0.15791921,-0.27887191,-0.02851351,0.21782729,0.17441548,-0.12581533
0.5135795,0.24393518,0.60399584,-0.1699687,0.70628504,-0.44356177,0.03727275,0.02914089,0.09555871,0.01056885,-0.17948777,0.19753435
0.0296046,0.14349985,0.08601994,-0.21128904,-0.04888108,-0.01760541,0.2444889,-0.17328116,0.22394858,0.11546449,0.05101344,-0.02108566
0.08806327,0.02570408,0.12241122,0.27732653,0.03850765,-0.2616352,0.02160345,-0.24436688,-0.04640534,0.44972739,-0.21797402,0.41375157
-0.1755854,0.07769421,-0.13400569,-0.03390542,-0.431064,0.31863058,-0.085921,-0.15523355,-0.1034566,0.05510313,-0.14171925,0.07765237
-0.00577778,0.18487361,0.06257222,-0.08216389,-0.03290972,0.02306111,0.03475657,-0.03532058,0.04567475,0.04141162,-0.05018422,0.03681162
-0.16329671,0.1383199,-0.02482266,-0.04213495,-0.09027422,0.09151955,0.38070156,0.14811846,0.38691903,-0.06428936,-0.08518189,-0.02555192
0.40842731,-0.06277917,0.04483889,0.04529167,0.16762191,-0.04555093,0.13980444,0.10429427,0.21198317,0.10385968,-0.02354351,0.08700984
-0.40451173,-0.18795617,-0.55228117,0.21545525,-0.3655358,0.38619877,0.30594572,0.03916848,-0.0985386,0.06926692,-0.3201642,0.1176398
-0.04375938,-0.04743906,-0.02808867,0.08206328,-0.04001865,0.08663242,0.08834062,0.19438546,0.1269253,-0.0810795,-0.35344136,0.2349332
0.10434792,-0.173625,0.13235556,0.12166111,0.17910833,-0.17081667,-0.45138068,-0.68365455,-0.28930568,0.57769091,-0.12457273,0.11584545
-0.21095537,0.21329201,-0.26729174,-0.14725041,0.1753405,-0.02470193,-0.0225827,-0.07953879,-0.3341648,0.15333394,0.04038138,-0.0208314
-0.02682284,0.10364048,0.34528443,-0.30598166,-0.31880519,0.29640173,0.17857519,-0.11926207,0.12231858,0.10791869,-0.15887604,0.09308045
0.09153518,0.17405429,0.32524681,-0.20287784,-0.05076953,0.00652936,0.44698173,-0.16012893,0.65878817,0.33563286,0.24615703,-0.24037767
-0.56267257,-0.29832195,-0.55982305,0.29637641,-0.49540206,0.35433237,-0.32615339,-0.21463885,-0.5096561,0.12205762,0.05059534,-0.05161574
-0.010637,-0.0018895,0.02775025,0.07153675,-0.15700275,-0.086793,0.06582545,0.29923482,0.29097229,0.11791462,-0.04768413,-0.10260354
0.12764531,0.05155391,0.21492031,0.07061094,-0.03856641,0.20282031,0.17771104,0.03474531,0.15278938,-0.09824146,0.06729115,-0.03435813
-0.01080208,0.07889931,-0.03615,0.46316111,0.17160208,0.41848542,-0.01033535,0.19197355,0.15653056,-0.26576086,-0.24671433,0.00983838
0.01063611,0.06781389,-0.354675,0.03787292,-0.305475,0.17018333,-0.34793712,-0.87143712,-0.55169318,0.5966517,-0.02065379,-0.21369375
0.42187769,0.10907417,0.5311314,-0.07507789,0.23928636,-0.10895,-0.27003305,0.1019131,-0.24190426,-0.07188929,0.0231079,0.01851872
-0.05169861,0.04374167,0.05702778,-0.00095,-0.30217778,0.14928889,-0.00419956,0.12884899,-0.01051471,-0.02298535,0.16952247,-0.0378846
0.08415669,-0.18639637,0.03411905,0.04530476,0.14090454,-0.16438526,-0.06292286,-0.17098666,-0.2555581,0.2235231,0.17387715,-0.15693714
0.17949251,0.14778312,0.20926254,-0.08456112,0.25744293,-0.10639251,0.1535271,-0.22975925,0.26810321,0.05974852,0.25863656,-0.02725321
0.12337531,-0.09226947,0.10948977,-0.06573302,-0.04420336,-0.02184821,-0.00234703,0.0973358,0.14047519,-0.01807212,-0.07080729,0.04163877
-0.2115191,0.12763507,-0.06357483,0.05219601,-0.16680417,0.24706667,0.08193797,0.18158043,0.22708398,-0.25182935,-0.19190652,0.12619457
-0.06133022,0.29222444,-0.15677111,-0.29267556,0.19314889,-0.04723022,-0.24982203,0.01416273,-0.18947156,-0.0158287,-0.19247441,0.14344083
-0.13080868,0.23052996,-0.22697459,-0.15554277,0.06907748,0.10948884,-0.06821432,-0.15793622,-0.22397947,0.06397006,-0.22386003,0.11760145
0.34068469,0.14918696,0.2089465,-0.17344348,-0.28503819,0.21772571,-0.00833332,-0.16119063,-0.0315687,-0.00784653,0.09490582,-0.15361965
-0.04851165,0.0268635,-0.0564527,-0.04468789,0.02069074,-0.11533241,0.04104506,-0.03498299,0.12951895,-0.03723394,0.0089809,-0.04903624
-0.06617396,0.0230518,0.11513657,0.15214681,0.12306759,0.06646787,0.07077542,0.06262305,-0.00532692,0.17946781,0.01062715,0.26609558
-0.10448172,-0.0318687,0.16827396,-0.0522144,-0.30525429,0.13372216,-0.35704508,-0.46390849,-0.34446408,0.31755651,-0.39947662,0.28888955
0.28874896,0.05932344,0.39578336,-0.21229036,0.01292382,0.06816333,-0.06930601,-0.12885923,-0.10616669,0.13243407,-0.14523037,0.29253585
-0.02344626,0.19665679,0.14895291,-0.05582909,0.13150332,-0.24584044,0.30047258,0.02850191,0.48816731,-0.01820108,0.59324431,-0.64847886
0.20232222,-0.14744321,0.32994444,0.17420802,0.10310556,-0.11836111,0.00304103,-0.02391525,-0.00395766,0.02079891,0.0394854,0.11911394
0.13529159,0.03106302,-0.05773861,0.13165159,0.03571641,-0.04019992,-0.16628377,-0.17889672,-0.29845267,0.24705228,-0.1426194,0.17612581
-0.14639568,0.0501564,-0.06772346,0.02499684,0.06755278,-0.09564444,0.01171258,0.0724175,0.02720687,-0.06461107,0.20030147,-0.19844742
0.24239074,-0.54785369,0.14679074,0.28010227,0.22923157,-0.20615388,0.01685674,-0.02375952,-0.08746184,0.12675341,0.3446719,-0.16584026
-0.03405664,0.36105547,-0.04636406,-0.24500938,-0.22580273,0.1523918,0.10951094,-0.31982409,0.21632302,0.2579001,0.17823883,-0.11456531
0.38468086,0.32573008,0.50612188,-0.23061172,0.36893437,-0.25273047,-0.24834109,-0.48281703,-0.30341109,0.31817719,-0.25021203,0.09888052
-0.28853698,0.13835938,-0.46032031,-0.11954062,0.36332604,-0.26149896,-0.10339943,0.0928832,-0.009919,-0.08027242,0.28445349,-0.28128764
0.2373445,-0.270248,-0.065339,0.275002,0.265498,-0.105534,0.00788732,0.12887563,-0.22740637,0.05457747,0.01203695,0.07158168
0.0962755,-0.00717375,0.0408645,0.0217075,0.102487,-0.007421,0.07230029,0.11139279,0.1620495,-0.05672768,-0.30191984,0.16350389
-0.13362022,0.31476898,0.30653684,-0.27473158,0.07355069,0.13759418,0.21958378,0.14225441,0.17563343,-0.20176643,0.02289082,-0.19272973
0.31574875,0.00259058,0.03989612,-0.07321551,0.01952078,-0.0909277,0.19079691,-0.03740108,0.21549486,0.06644023,0.18001033,-0.0866048
0.02670435,0.13848015,0.0082414,-0.0879518,-0.09078866,0.25895652,0.24823126,0.22228456,0.18141071,-0.05816084,-0.10430833,0.21669114
-0.03235,0.09964,-0.16174375,0.0735125,-0.11211575,0.11334875,0.54979132,0.16973679,0.12065316,0.04373046,0.25789547,-0.25596164
0.16817129,-0.2012127,0.04007783,0.12491895,0.13337275,-0.04622676,-0.02359554,-0.0972269,0.0934088,-0.15390193,0.11003893,-0.07414205
0.16981746,0.20346154,0.06342751,-0.17926538,0.08443136,-0.18824704,0.01401942,0.17742473,0.0664545,-0.21752775,0.10443134,-0.02879698
0.07047296,-0.01288272,0.09189312,-0.12273776,0.27595648,-0.15030928,0.19117711,0.13392895,0.06246211,0.12396079,0.21690095,-0.03329154
0.05600554,-0.22107452,-0.09512964,0.20592327,-0.1976892,0.00274626,0.27641267,0.3501592,0.18949307,-0.20003633,0.31424868,-0.24395329
0.066382,-0.041383,-0.24734,0.12006,0.00082,-0.122439,0.07675638,0.04299879,0.40817612,-0.00294237,-0.17841568,0.19315632
-0.44199375,0.48892014,0.03205833,-0.33330556,-0.90529583,0.56618125,-0.00133232,0.4716714,-0.04331111,-0.24808788,-0.15985739,0.17192727
-0.0742875,0.07543929,0.05966862,0.01816837,0.11602092,-0.11702245,0.11677341,-0.04394153,0.13201336,0.07799966,0.17132937,-0.11294267
0.0619124,-0.33243306,-0.29534132,0.15252066,0.05727769,0.13965207,-0.09960934,-0.24597339,-0.24051025,0.49783496,0.18695843,-0.27720686
0.01805195,0.27686094,0.01206875,-0.05160156,-0.28463125,0.17508203,0.56829383,0.10556891,0.55291591,-0.01384214,-0.02320151,0.05911161
0.07561287,-0.47114364,-0.05914216,0.2778253,-0.07530444,0.00732426,0.0688216,0.10614174,0.15147683,-0.09085675,0.12722066,0.03534218
-0.20322299,-0.4042903,0.02360886,0.36943795,-0.08116731,0.20033629,-0.2709869,0.18132616,-0.17442462,0.05012993,0.00504809,-0.05654726
0.0455568,0.58615148,0.39430888,-0.58607751,-0.35361538,0.24271538,0.18856105,0.20405321,0.26626874,0.11404038,0.15394615,0.01130321
0.04130222,-0.05392,-0.177052,0.01428067,0.21600244,-0.04744622,0.12268805,-0.10889433,0.16006897,0.07812607,-0.06575824,0.04866906
-0.56134008,-0.08866198,-0.40783182,0.12675,0.24680455,-0.19032273,0.01271515,0.18204145,0.09462121,-0.03749048,0.58523626,-0.5247381
-0.10135417,0.01264583,-0.01108542,-0.05101615,0.19145833,0.04399583,0.1778817,-0.05138732,0.11045054,-0.01035895,0.04533587,-0.04877145
0.01365938,0.07797266,-0.00767734,-0.11852109,-0.09899492,0.08340156,0.24215573,0.00089286,0.36564656,0.01577495,0.05781328,-0.04683005
0.11853408,-0.01426903,0.25655493,-0.06089827,0.18589299,-0.06501125,0.03032827,0.13386729,-0.07947289,-0.02569992,-0.0656771,0.05635561
-0.319702,-0.206386,-0.22798,0.046649,-0.1057,0.077053,0.09986378,0.08585267,0.533746,-0.28695567,-0.09630733,-0.029559
0.52475,-0.09829167,0.26231389,0.20129653,0.296175,-0.260575,0.02997121,0.16391818,-0.2409303,0.23605076,0.34666364,0.00330833
0.03580417,0.10642917,0.18733611,-0.01619722,-0.03077986,-0.07922153,0.21824242,-0.1992072,0.32256667,0.01676768,0.08284129,-0.14319141
0.20245833,0.4006375,0.31415486,-0.19721597,0.06368958,0.03223333,0.09521705,-0.01171705,0.09011856,0.08348087,0.40707386,-0.24475777
-0.1609292,-0.17073939,-0.23755702,0.22822525,0.02748485,0.06155758,0.06576865,0.47536733,0.14827982,-0.72672371,0.061009,-0.39179037
-0.19240983,0.17436116,-0.02328393,-0.13650165,-0.05707511,0.13091892,-0.03505315,0.04423144,0.06448236,-0.17494032,0.48138315,-0.21262242
0.36631696,0.1640256,0.55262976,-0.2140464,0.24567424,-0.11098496,-0.15470519,-0.02066031,-0.32098119,0.07324753,-0.05450497,-0.03308564
-0.06529474,0.32286731,0.17468366,-0.3414554,0.15228061,-0.1791,0.27174251,-0.18742752,0.26035859,0.06106191,-0.17556407,0.10675226
0.01561568,-0.10881553,-0.11545399,0.0556753,-0.02388092,0.11149556,0.03689483,-0.30322301,0.27951453,0.3123101,-0.18475393,0.15322133
-0.06383326,-0.0032781,-0.03787231,0.00724917,0.13485455,-0.00577273,0.43715462,0.24004892,0.52084488,-0.17486537,0.34467727,-0.13636797
0.06264174,-0.2029396,0.06823317,0.22613353,0.17065386,-0.12889881,-0.09018031,0.02694666,-0.20545925,0.02919756,-0.07988388,0.15912675
0.03912917,-0.12597917,-0.15714861,0.10328819,0.29528333,-0.40247083,-0.18365644,0.30760682,0.27439583,0.20610114,0.08625682,-0.1504322
0.19753946,-0.3007483,-0.09157596,0.14784807,0.24431293,-0.14928027,-0.05925963,0.0416149,0.0238068,0.05960721,0.13120704,0.23441173
-0.03250701,-0.11089102,0.02079781,-0.14642411,-0.15221607,0.10141687,0.10098446,0.20869271,0.34188874,-0.15620869,0.00052927,0.11717246
0.32443045,0.00635844,0.36958916,-0.04602112,0.06839671,0.12222058,-0.17813094,-0.14803424,-0.31551912,0.14373268,-0.03452569,0.03143724
0.00858819,-0.03160787,0.07863889,0.08564722,-0.08034444,-0.03667708,0.09635487,-0.13413919,-0.10084815,0.07848952,0.13125312,-0.13223095
-0.0796593,-0.17874091,-0.15005661,0.14390455,0.07769256,0.03940661,-0.1073278,-0.13502763,0.01389038,0.08988843,-0.11547568,0.12679103
0.01868412,0.20192363,0.1724087,-0.36724348,-0.05641871,0.14558885,0.1124417,0.14290833,0.01778162,-0.0751832,0.04356248,-0.01564901
-0.2297375,-0.32218056,-0.37554167,0.058775,0.1039625,-0.1421125,0.31856212,-0.28059924,0.27476667,0.19371818,0.78926894,-0.51601364
-0.11639667,-0.05059356,-0.26090933,0.09197489,-0.08497367,0.10162167,0.04497666,0.00763431,0.00985091,0.04616107,0.06376512,-0.12221273
-0.20791065,-0.34986331,-0.25553491,0.35097574,0.10004556,-0.17013728,0.23183245,0.19461169,0.52751963,-0.4207358,0.35173412,-0.27796208
-0.29573776,0.05035306,-0.32437194,0.14622347,-0.03012908,0.04835816,-0.02584014,-0.11866586,-0.08644992,0.07167311,0.14070464,-0.09808602
0.1801498,0.14196114,-0.02519943,0.03587886,0.093888,-0.00320204,0.55167077,0.05833967,0.08538212,0.02500969,0.20008035,-0.25092132
-0.09119961,0.06047813,-0.10987578,-0.20360937,-0.09289453,0.13753789,0.53732664,0.3856781,0.62279747,-0.37548003,0.20039727,0.15549497
-0.23283164,0.29394727,0.18306523,-0.38208271,-0.06587148,0.00895166,0.32103295,0.42817027,0.44708608,-0.42719833,-0.20985341,0.09260177
0.06215339,-0.05106861,0.14195719,0.07414447,-0.12165422,0.06250226,-0.00334829,-0.06680754,-0.15286516,0.06504683,0.31603051,-0.30527522
-0.40341775,-0.05168994,-0.38499852,0.12074956,-0.07167456,0.28688417,0.26357883,-0.00989114,0.55083621,0.01385706,-0.22951591,0.11814244
-0.17835875,-0.07956625,-0.00067,0.1098335,0.01379,0.05468725,0.11081987,-0.14427217,0.08661592,0.12938729,-0.13891822,0.06255282
-0.26218526,0.00805009,-0.09442155,-0.03131834,-0.30866654,0.18644953,-0.09286715,0.16858448,0.26773305,-0.19524146,0.11615247,-0.02774877
-0.29591904,0.08235146,-0.07220215,-0.16693184,0.15409795,-0.10791631,0.23365255,-0.23316458,0.22769852,0.23644648,-0.23810672,0.11885737
0.03845052,0.45637249,0.0970218,-0.4095667,0.0691154,-0.01168599,0.0486058,0.00456962,-0.15612228,0.06212991,0.52914805,-0.41051073
0.2386,0.28947778,0.50071474,-0.28863827,0.07802685,-0.07047685,-0.03385071,0.10940857,-0.13993659,0.01191045,0.05294381,-0.13611868
-0.08005833,0.01891944,0.03372083,-0.03165,-0.17335833,0.05519167,0.0823392,0.00840833,0.15443239,0.04435227,-0.18092879,0.17894091
0.17484592,-0.10908048,-0.09575104,0.22219632,0.04673488,-0.10145184,0.34469703,0.15197991,0.36379803,-0.27215205,-0.25890892,0.06579111
-0.24580278,-0.11702986,-0.20999583,0.27409514,-0.2805375,0.36563611,-0.36112128,-0.20688403,-0.195444,0.21102052,0.059244,0.10411673
0.1501075,-0.2316375,-0.34677125,0.3008575,0.12921975,-0.2480965,0.27739375,-0.19718309,0.26862007,0.26483072,0.27738112,-0.28426296
-0.05528195,0.24028787,0.49660148,-0.36074172,0.34152648,-0.17845074,0.13415131,0.12909162,0.20205593,-0.10673624,-0.30119222,0.43390822
0.08592148,-0.1969666,-0.0700458,0.24342568,-0.32162354,0.16204512,0.03960229,0.12905272,0.05181398,-0.16754099,0.14053558,-0.19578323
-0.03546898,-0.10823194,-0.01232593,-0.00793241,-0.10767963,0.01235015,0.01651233,-0.21884447,-0.08142974,0.32426998,-0.27186336,0.28271459
0.58361481,-0.1424963,-0.04475185,0.04124074,0.28279259,-0.19314815,0.4945159,-0.56132855,0.28796312,0.45316512,0.30841312,-0.18487099
0.0432325,-0.10355,0.05604225,0.0487075,0.06703,-0.123885,-0.03974161,-0.06151421,-0.21171345,0.15475342,0.18503316,-0.17162553
0.44660977,0.18769922,0.19735703,0.03543281,0.63636445,-0.4585082,0.45139589,1.17971846,0.7359788,-0.75150443,0.79304346,-0.41202984
-0.21529149,0.08292401,-0.31057845,0.00100265,-0.03385198,-0.04374253,0.20578856,0.17676341,0.21024904,-0.28686772,-0.17280062,0.02008268
-0.22133867,-0.23685867,-0.40360222,0.50805422,-0.11548667,0.206108,0.55306781,-0.31206829,0.01784495,0.18246924,0.13614171,-0.20862743
-0.20200306,0.53577245,-0.20212959,-0.32222245,-0.05852143,0.15380714,-0.12804388,-0.42002033,-0.06220487,0.35162418,-0.12056044,0.13177582
0.11466836,0.60058867,0.12305195,-0.31918008,0.16587031,-0.09735781,0.15171622,-0.22620385,0.07571747,0.15076948,-0.06989969,0.02662865
-0.32581655,-0.34463767,-0.46586046,0.31033434,-0.09029979,0.0946127,-0.08214465,-0.21459659,-0.16934347,0.24383219,0.10866857,-0.20293308
-0.02256571,-0.04888669,0.09875597,-0.06025295,0.06309671,-0.00048011,-0.00905953,0.00996953,-0.1166762,0.1211168,-0.07370868,0.07362834
0.225656,-0.378844,-0.060496,0.229272,0.172844,-0.017048,0.097017,-0.080803,0.072012,0.044689,-0.015373,-0.007391
0.12005339,-0.17627493,-0.06348338,0.08542521,0.01620402,-0.08082909,0.05735529,0.01764547,0.05677969,-0.00136898,0.01485088,-0.02001934
-0.25568333,-0.24493472,0.34800417,0.21240903,0.0657125,0.02369583,0.44116225,0.05385467,0.01948952,-0.07313643,0.00412134,-0.03836976
0.06901419,0.1961481,0.07750588,-0.13333426,-0.1732,0.15611349,-0.01082355,-0.20240606,0.30286174,-0.12480863,0.0379138,0.10891012
-0.073619,0.106595,-0.005819,-0.090025,0.009195,0.08547,0.24900463,0.27119105,0.03872779,-0.06620868,-0.34329289,0.36773263
0.47839333,-0.52297022,0.48894089,0.40025422,0.13223378,-0.24469333,-0.34980225,0.49967435,-0.04234178,-0.41045121,-0.40942232,0.24163498
0.01560455,-0.02606116,0.01624504,0.28612066,-0.17943802,0.51897727,0.01278449,0.02994209,-0.09384018,-0.38278627,0.19782845,-0.26718691
0.01193904,0.15459946,0.15698997,-0.13152485,0.20324869,-0.02786497,0.21054453,-0.15935112,0.08305635,0.0039314,-0.0064762,-0.12555948
0.4572149,0.4486813,0.41601512,-0.26427516,0.06455471,-0.06662681,-0.22836528,-0.01719996,-0.0854601,0.09030605,0.06467639,0.03945034
0.16121353,-0.085123,0.13119438,0.11000031,0.08245921,-0.11929802,0.22227363,0.18671743,0.33972051,-0.10881544,0.07294904,0.10670962
-0.27091626,-0.0273917,-0.17124879,-0.03094775,-0.0663917,0.32133114,0.2277106,0.19159031,0.13179332,0.01169174,-0.02844903,0.04248328
-0.15492361,-0.34835417,-0.09896476,0.06572292,-0.25700712,0.11879913,0.07388792,0.04704976,-0.04855338,-0.09903391,-0.12824082,0.04817659
-0.0946284,-0.00679228,0.00448272,-0.01797901,0.00771605,0.06535154,0.20884078,0.26174387,0.13745808,-0.15615829,0.12140752,-0.05697273
0.03944986,-0.16168255,0.03773767,0.04897756,0.19890554,-0.13811911,0.13430008,0.13348053,0.20703721,-0.08309786,0.03026796,0.01844454
-0.12723564,0.04563737,-0.04666869,0.01188296,-0.18948962,0.19147699,-0.0805414,-0.08713491,0.05921172,0.0462359,-0.2460875,-0.0150461
-0.550457,-0.368116,-0.605712,0.095622,-0.545923,0.277891,-0.39104274,-0.43692674,-0.44527642,0.24247137,-0.42490042,0.19832295
-0.15085401,-0.07761852,-0.05905772,0.0799287,-0.01597685,0.11966204,0.06700965,-0.04314069,0.13135806,-0.01214561,-0.0043868,-0.03731196
0.11377208,-0.31746155,0.11271771,0.30769371,0.01407078,0.0183991,-0.21242376,0.00417562,-0.06256603,-0.02138222,0.15475697,-0.09577776
-0.073125,-0.00275,-0.01552813,0.04851354,-0.04246719,0.19425052,-0.13138804,0.03155924,0.04163152,-0.00579117,-0.24478967,0.06549688
-0.05975971,-0.43044793,-0.1459626,0.27225124,-0.29143409,0.14030227,0.01992293,-0.35038669,0.08153419,0.14378323,-0.16462933,0.12143669
-0.17894938,0.06179012,-0.18238086,-0.0517858,0.07264938,-0.0144858,0.20403239,-0.04650581,0.22398141,0.0439711,-0.04010581,0.038826
0.08078302,-0.10786049,-0.23344753,0.19576173,-0.04152099,0.02552068,0.01167024,0.42202507,-0.09082289,-0.20613146,-0.21289127,0.27797671
-0.07358025,0.21720713,0.04285418,-0.21365912,0.16779794,-0.0677,0.0771335,-0.0371506,0.0329939,0.05721056,-0.02821442,-0.200593
-0.15550409,0.28005405,-0.1391176,-0.09309189,0.20216034,-0.14480073,-0.14601657,0.03448455,-0.10786447,-0.10094738,-0.07929226,0.07200652
0.17095,-0.26530741,0.02124321,0.09964074,0.27635926,-0.33984167,-0.0169752,0.41650272,-0.15064056,-0.24816563,0.03232495,-0.01797805
-0.15416325,0.1562975,-0.13212625,0.0108025,0.062051,0.025722,-0.12890414,-0.009876,-0.10853493,-0.10175684,0.09226005,-0.16635079
0.07155,0.19503529,0.05882751,-0.26580173,0.2258974,-0.17694178,0.07889733,-0.12239483,0.03638734,-0.01390538,-0.03263351,0.18315853
0.13113629,-0.27942821,0.2119643,0.30982821,0.05003912,-0.13752801,0.02328989,0.0458781,0.0510127,-0.06526295,-0.08100523,0.09875108
-0.07484726,0.03169282,0.16223308,0.04691361,-0.02044291,0.19105917,-0.01893153,0.04918686,-0.16446217,-0.37668267,-0.06074397,0.01909796
0.47539723,0.17948547,0.26756159,0.06103875,0.05342284,-0.19910969,-0.35617485,-0.30960528,0.01022515,-0.02988127,-0.45622182,0.4131566
0.01217338,-0.26589043,-0.18403603,0.06937901,-0.19503634,0.14487153,0.2128642,-0.09878563,0.05946984,0.08383771,-0.1787565,0.12742374
-0.0333112,-0.17816208,0.01288816,0.07701776,0.11392032,-0.0089512,-0.15934049,0.28918086,-0.12602165,-0.14131409,-0.09123581,0.08190625
0.0135875,-0.01615234,-0.15545,0.0831625,-0.24655,0.2211,0.1238725,0.25023083,-0.09091333,-0.19265333,0.32697833,-0.09086667
0.15751653,0.04330537,0.08080785,0.05241116,-0.19997066,0.15524628,0.11399157,-0.09026264,0.11216083,0.05837472,0.04449623,-0.07791489
0.13403611,0.00238056,0.25961566,-0.1775588,-0.04949352,0.04973611,0.35768878,0.09118413,0.15460878,-0.10629981,-0.19119492,0.0329755
-0.09533601,0.06392382,0.0075651,-0.06932881,-0.12131496,0.09264848,0.09649495,0.03867465,0.12552887,0.00848723,-0.05797271,0.06638723
0.45235764,-0.11088819,0.19050816,0.11590712,0.19241962,0.03383212,-0.17277539,-0.09561325,-0.20135528,0.04379922,0.1098478,-0.08536853
0.05192435,0.02939438,0.02280687,-0.15496868,0.10520937,-0.12817482,-0.08778074,-0.07550762,-0.09493235,-0.03511652,-0.04302622,-0.05833996
-0.17290663,0.07536199,-0.21652908,0.03162717,-0.0972199,0.18699847,0.07027174,-0.08699273,0.09697968,0.13843117,-0.10012448,0.02023805
-0.13068279,0.00564113,0.05155,0.01561574,0.00530972,-0.00984645,0.39927807,0.0950544,0.37781529,-0.0956236,0.17712694,-0.23490344
0.01827855,-0.31104083,0.18172215,0.06690277,-0.4753173,0.58229585,-0.61765733,0.62040413,-0.2388599,-0.89862762,0.2975192,-0.20564343
-0.04845684,0.23965422,0.10644697,-0.22138597,-0.02419215,-0.04734388,-0.21100484,-0.00550026,-0.06302171,-0.06210073,-0.40962883,0.27064422
-0.01317067,0.125914,-0.14910644,-0.21927822,0.21783856,-0.16401567,-0.15813094,0.03531699,-0.10295163,-0.03084753,0.24935009,-0.24238627
0.11351613,-0.06030645,0.11707284,-0.02583559,-0.12220385,0.08215588,-0.0108971,0.00166237,0.02405333,-0.05870337,-0.18311,0.22571459
-0.19227229,0.01473151,-0.14325196,0.00877075,0.10106528,-0.00527455,-0.05007279,-0.02806306,-0.17409422,0.02103094,0.00822327,-0.007948
0.36384133,-0.99665067,0.26036444,0.51522,-0.45397467,0.10421867,-0.34179952,-0.44922029,-0.38237905,0.20173381,0.06524971,-0.10970762
0.02985803,-0.13164934,0.04023006,-0.02417788,-0.13351626,-0.02336843,-0.27922502,-0.0748866,0.04954988,-0.03323082,-0.4013447,0.31613776
0.17149122,0.26014774,0.11323306,-0.12705021,0.20271385,-0.12799314,0.07084113,0.0126772,-0.02827013,0.02172485,0.02421068,-0.11669737
0.04963499,-0.0054404,0.08323113,0.11968485,0.0390584,-0.08618898,0.15462878,-0.0080001,0.12380302,0.01761986,-0.00025995,-0.02956054
0.04142628,-0.02714008,-0.0528087,0.13641909,-0.14332609,0.1299104,-0.07650925,0.10006105,-0.12462071,-0.20986009,-0.22513618,0.13433082
0.18912711,0.06454709,0.10574911,0.10217765,0.06777372,-0.10838656,-0.09867202,-0.28391959,-0.1396464,0.41565944,0.13871637,-0.09626014
-0.22204088,0.26613333,0.0080262,-0.19668148,-0.14660398,0.12651097,-0.00340786,-0.0617494,0.01060838,0.1245524,0.1224194,0.03620197
-0.05723704,0.1102037,0.01758889,-0.01320926,0.03126852,-0.06426728,0.32177124,-0.11732919,0.43119673,-0.03958519,0.25005054,-0.15216623
-0.07439063,-0.1148191,0.04250313,0.09503628,-0.20296771,0.31691719,-0.009254,0.43810633,0.29065922,-0.23785608,0.27761665,-0.15133035
0.0463412,0.31097639,0.08256898,-0.27101736,-0.08288873,0.03415517,0.13425972,-0.13463022,0.1139721,0.07018548,0.11127295,-0.05713753
-0.4804657,0.08095702,-0.28696116,0.05594298,0.11087975,0.06352479,-0.15555573,-0.04831438,0.0617802,0.01400897,0.01905726,0.01449945
0.08548056,0.02729167,-0.0475537,-0.03997685,-0.10304753,-0.0569787,-0.01184559,-0.10597402,-0.17283578,0.00324406,0.36439003,-0.41384286
0.23231531,-0.67839792,0.05705747,0.43407921,-0.64838204,0.47031248,0.05175355,-0.20904167,-0.30143025,0.18986764,0.1304609,-0.499629
-0.02456709,0.11642617,-0.06138945,-0.04810859,0.19232676,-0.14439326,-0.40641653,-0.31288416,-0.41626068,0.20989953,-0.28594999,0.18920517
0.09423241,-0.04760772,-0.01877778,0.09591543,0.17410833,0.00756944,0.05687215,-0.12651487,0.17097052,0.07106797,-0.3151701,0.20385196
0.16015785,-0.0613886,0.39014237,-0.01659408,-0.10470365,0.11626092,0.20827893,-0.11681695,0.3700423,-0.03291355,0.03094468,0.05106273
0.02903306,0.19925702,-0.11523264,-0.01729298,-0.15013037,0.06430351,0.20742161,-0.01577212,0.09183329,-0.0567903,0.28020451,-0.15665632
-0.04081406,-0.24404453,-0.01490469,0.25686797,0.00151953,-0.08544297,0.10446729,-0.12530592,0.09405358,0.06448017,0.03160839,-0.00679786
0.33204275,0.13371953,0.13195547,-0.13993254,0.11924941,-0.09946302,0.08334147,-0.1570669,0.03509778,0.24593324,0.13181849,-0.04283337
-0.11508775,0.05457125,0.1145495,-0.10920125,0.120626,-0.114603,-0.00424709,0.31940458,0.2082537,-0.34230563,-0.12587437,0.07133226
0.19846686,0.05465207,0.23939822,-0.13342544,0.19081716,-0.18738402,-0.52862357,0.21907934,-0.28254601,0.08094211,-0.18786489,0.21941711
0.25188927,-0.24065606,0.21567266,0.22044429,0.07774221,0.02489066,-0.15299077,0.12807686,-0.14881981,-0.05332686,-0.03881395,-0.0355287
0.08410828,-0.12133728,0.17050207,0.12319201,0.08676302,0.11128698,0.15881517,0.09534587,0.32539856,0.08757207,0.16547756,-0.33748639
0.36886224,0.09872296,0.51007857,-0.15484554,0.12232347,0.0853037,-0.21923942,-0.27747902,-0.32401495,0.27524613,0.07667375,-0.14225876
-0.54958112,-0.13934031,-0.52076327,0.1043949,-0.21052959,0.30655204,-0.09321134,0.34532245,-0.06304758,-0.20982413,-0.1935302,0.22822772
-0.25120289,-0.2362,-0.22969607,0.14550682,-0.15576921,0.22261488,0.00290695,-0.06011974,0.03325868,0.10638145,-0.0559429,-0.04037872
-0.07212632,-0.18831177,1.371e-05,0.16566925,-0.25691801,0.22379342,0.11949546,0.17167927,0.26959332,-0.23396017,-0.15561902,0.04340249
0.04465062,-0.1951477,0.01072812,-0.0690813,-0.23875632,0.14289861,0.28778705,-0.05758291,0.03640462,-0.04104735,0.08083293,-0.07551507
0.11286465,0.02771796,0.01761172,0.04198998,0.04094783,-0.0938,0.05132045,-0.1281081,0.31247677,0.10976739,0.2213915,-0.24030138
0.07261667,-0.12353933,-0.07403178,0.00617244,-0.22962311,0.13218222,0.20859051,-0.19223756,-0.00982524,0.17688495,0.31481669,-0.17395172
0.22717633,0.02566568,0.42678935,-0.00068402,0.14873254,-0.15227929,0.23547594,0.09239546,-0.38397919,-0.06743151,0.42067751,-0.23783856
-0.0604191,0.22174702,0.0451538,-0.09787135,0.10712922,0.03633731,-0.12239861,-0.05616169,-0.24360105,-0.00220627,-0.12663555,0.01960625
0.10970811,0.02866533,-0.03059222,-0.07959,0.07577311,-0.19450844,0.03081751,0.22917618,0.13896877,-0.2278636,0.06115192,-0.13324843
-0.0418562,0.15878026,0.13270165,-0.1279686,-0.04615482,0.03192672,-0.10717094,0.07012669,-0.0584431,-0.08382958,-0.20808458,0.13571076
-0.04137686,-0.12178471,0.0960781,0.00740372,0.0526095,-0.12769215,0.33102837,0.30970163,0.21837318,-0.22042755,0.03530358,-0.07778815
0.07565413,0.05565347,0.02378203,-0.15982133,-0.05756406,-0.00598912,0.00651882,0.11810185,0.11338458,-0.05667,0.31536845,-0.14569267
0.14603251,-0.15994986,0.19640358,0.08363214,-0.01517631,0.10546556,0.10437542,-0.25776917,-0.02708907,0.37366003,-0.13973991,0.17708721
0.14507618,0.3937448,0.11343195,-0.19031682,0.28748979,-0.20963327,0.22767241,0.6121434,0.22350601,-0.21466279,0.47176474,-0.20740094
0.29279793,-0.04684318,0.2653814,-0.03206591,-0.12222893,0.29228926,0.03994889,0.38902899,0.28513136,-0.30588905,-0.17136191,0.17303584
0.08305972,0.16407708,0.16027554,-0.06047523,-0.11068804,0.22283843,0.16593819,-0.06467927,0.22829526,0.02134131,0.12045867,-0.00561258
-0.28067258,0.08412564,0.02415306,-0.27206667,-0.27067949,0.14428462,0.04503966,0.02243077,0.19845767,0.07526484,-0.23840182,0.32352463
0.07792071,-0.42900118,-0.0235858,0.29569645,-0.11526154,0.39906154,-0.28982367,0.02768654,0.13638018,-0.08305705,-0.31278654,0.26434038
0.018095,0.185295,-0.04177,0.11948,0.245091,-0.09675,-0.70314211,0.08806316,-0.03023684,-0.18253053,-0.52830947,0.46263789
-0.05778006,0.01994958,-0.01817895,-0.17507895,-0.01123102,-0.03474792,0.02403889,0.2284884,0.04929708,-0.13337368,-0.02094845,-0.08922778
-0.08131787,0.16034268,0.10382891,-0.13562549,-0.03355703,0.25901807,0.37898148,0.12764856,0.12669892,0.02602397,0.25663253,-0.27459357
0.00380249,-0.05538798,-0.02478912,-0.06684422,-0.06483265,-0.02515782,0.09414109,0.21715197,0.07467466,-0.12599939,0.11321769,-0.11222653
0.00975796,-0.23477367,-0.11890822,0.17697638,-0.14069657,0.05452123,-0.20261076,0.33644937,0.09031279,-0.31598497,-0.02201794,-0.00169648
-0.03296172,0.28656484,-0.01636162,-0.13262695,0.00085029,0.13729961,0.04860186,-0.09572754,-0.13288201,0.01320695,0.3455646,-0.28130828
-0.04036667,0.15887243,-0.07621852,-0.15367407,0.09935391,-0.04771481,-0.02021952,0.01384381,-0.03619687,-0.03981752,0.00141432,0.03283761
0.145555,0.094774,0.381858,-0.053842,-0.290574,0.244715,0.25421867,-0.21665211,-0.12889133,0.34170911,0.133799,-0.11767644
0.15658905,-0.2876438,0.04911302,0.14657479,0.27803388,-0.23047521,0.22456723,0.19238168,0.24107783,-0.06938042,0.50301047,-0.25969925
0.5049346,0.10740173,0.41699343,-0.12815675,-0.07157474,-0.11860969,-0.21396181,-0.08932342,-0.09756365,0.05422292,-0.17175872,0.15006006
-0.10241972,-0.07203587,-0.13204843,0.06897202,0.15278269,-0.10832586,0.05888389,-0.13444142,0.08326932,0.02564536,0.06606894,-0.15554473
0.06246667,-0.04330417,0.20527083,-0.02264583,0.22429583,-0.19030833,-0.02493864,-0.21772955,-0.12561742,0.08639318,0.11839318,-0.03998409
0.1026218,0.13691419,0.14890311,-0.01757197,0.24918581,-0.20539619,-0.06050022,-0.02583558,-0.09851639,0.10729864,-0.22602859,-0.02026791
0.03683837,-0.11183894,0.04550794,-0.02014745,-0.25488658,0.1942138,-0.03625539,0.06110121,-0.05825084,0.08156191,0.06458323,-0.05841042
-0.51346597,-0.11359583,-0.45778212,0.18527917,-0.23971788,0.17160764,-0.4048034,-0.26796652,-0.24706989,0.27944095,-0.27505439,0.35411269
-0.14114719,0.34815651,0.07599364,-0.12075621,-0.06511228,0.23532914,-0.03339391,-0.20265102,-0.16873237,0.14208388,-0.02773487,0.04314434
0.05515026,0.15340472,0.01371237,-0.07052717,0.04177143,-0.00527143,-0.07289743,0.1855209,0.04059345,-0.06773413,-0.01786548,-0.0172504
0.33417,0.51301067,0.29598467,-0.25573433,-0.26080911,0.18106889,0.34743745,-0.27002779,0.15299503,0.15944341,0.55523186,-0.4164267
-0.05091181,0.01654167,-0.13126597,0.05484167,-0.04424583,0.1063625,-0.01314454,-0.02005797,-0.01282696,0.00764928,-0.33680362,0.24180634
0.231744,-0.236484,-0.138242,0.158179,-0.092608,0.196504,-0.03838933,-0.55746844,-0.23837933,0.68510956,0.33160489,-0.40507933
-0.02779951,-0.17869404,-0.14256367,0.14569184,-0.06065314,0.07581371,-0.0954176,0.03236982,0.08233618,-0.0056705,-0.16930876,0.03421227
0.14249991,0.14198227,0.31952024,-0.21956194,-0.02709152,0.1527763,-0.03203225,0.02478459,-0.13455471,0.13318523,-0.04671978,0.04416687
-0.12019711,-0.23568802,-0.18791322,0.06682769,-0.0803686,-0.01001405,-0.00333451,0.20072326,-0.10900681,0.09690728,0.0537817,0.01478217
0.05158214,-0.03413163,0.26284592,-0.00533469,-0.20172423,0.16045714,0.17208382,-0.01986357,0.25273991,-0.00312899,0.03222241,-0.05846655
-0.12525625,0.45651406,-0.03285,-0.42998125,-0.07865391,0.08133125,0.25252667,0.20424078,0.48972,-0.27307333,-0.14307172,0.34710667
-0.13229583,-0.13132188,-0.00047292,0.06356771,-0.1063875,0.07272083,0.03655607,0.00425489,0.01944774,-0.0437462,-0.01480924,0.08195634
0.06830975,-0.22775077,-0.20372497,0.35017479,-0.21756492,0.18253234,0.14274218,-0.01406691,0.2108604,-0.07328052,0.3443023,-0.1900974
0.26547632,0.14452105,0.38901157,-0.28257029,-0.17255956,0.15729072,-0.18251415,0.17369886,0.1843527,-0.06284077,-0.05723514,0.03188342
-0.27530257,0.04181019,0.10683636,-0.08248788,-0.04148595,0.13027089,0.02197254,0.02983155,-0.00061941,-0.0987661,0.01071554,0.03557235
-0.01085158,0.04169355,-0.00518519,-0.03715556,-0.13447421,0.06571139,0.14502707,-0.15761294,-0.05213903,0.23045328,-0.13443972,0.1966886
-0.02226798,-0.24701906,-0.01915556,0.1202125,0.00862006,0.06796034,0.09478821,0.17943259,0.30919417,-0.17385167,-0.23614868,0.12495643
0.12835207,-0.23551479,0.00890769,0.17004615,-0.02776154,0.07897692,0.05803654,-0.0666359,0.04252372,0.0399,0.00540769,-0.02115833
0.17623,-0.00971,0.082465,-0.068435,0.116249,-0.167878,0.02824444,-0.00637333,-0.06931111,-0.054815,-0.06917333,-0.07216278
0.03803455,0.27458125,0.06001389,-0.1638,0.02570764,-0.02448663,0.06166194,-0.11028396,-0.13520328,0.17578788,0.43254756,-0.12416212
-0.51165388,-0.39246389,-0.11473837,0.10095955,-0.53590832,0.48601172,-0.18818299,0.02482234,0.07892452,-0.18612906,0.0472927,0.23791798
