-0.13542847,-0.09830833,-0.15890278,-0.24609091,-0.18892727,-0.01317045
0.18814731,0.16522707,0.27576405,0.02381991,-0.13284784,0.01316147
0.30084215,0.17305909,-0.15643512,0.11349048,-0.04782857,0.05827013
-0.41124167,-0.0671537,-0.00805247,0.17808235,-0.04218039,-0.05700425
0.18905509,0.13289306,0.0316392,0.06036944,0.05439571,-0.16469905
-0.00753794,0.05145773,-0.00398245,-0.04226383,0.00592524,-0.12664001
0.3252631,0.03633868,0.20272263,-0.06189615,-0.02656937,-0.04955313
-0.35137656,0.04039336,-0.23046406,0.11281333,-0.11256333,-0.02786417
0.23797163,0.1117371,0.09044022,0.19809195,0.03040189,-0.06147244
0.54002703,0.31866862,-0.06120151,0.82889427,0.44651522,-0.00394783
-0.39022367,-0.37982433,-0.03588291,0.17917024,0.13152159,-0.06040175
-0.04626964,-0.23565306,-0.0549551,0.23744444,-0.01550794,0.07629696
0.12913077,0.46323136,-0.11142189,-0.11903333,0.27924423,-0.27920705
0.20030059,0.29497741,0.05606849,-0.10559397,-0.16850579,0.05701096
-0.19867732,-0.00666692,-0.11526125,-0.7221834,-0.41429249,-0.12287945
0.02397598,0.11274043,0.03414687,-0.19734647,0.12909103,-0.16197258
-0.20021481,-0.12367778,-0.06238025,-0.10681667,0.09495,-0.24080139
0.02552589,-0.11162143,0.06994898,-0.29506759,-0.13553333,-0.0525873
0.22308611,-0.0309304,0.28509861,0.07395841,0.03486683,0.19734976
0.28131836,0.07456836,0.04399795,0.28157036,0.23063589,0.09267964
0.04682044,-0.07433333,0.09745778,0.05780238,-0.00252857,-0.0625919
-0.23212222,-0.13567222,0.07256181,0.00988182,0.09503939,-0.25805909
-0.04297111,-0.018058,-0.27448489,-0.39563563,-0.09618345,0.00105195
0.10480869,0.11405898,0.03582285,0.22185242,0.40753468,-0.01446825
-0.0682759,-0.11624321,-0.09483684,0.00737047,-0.13805146,0.01775
0.03824059,0.17089722,-0.035225,-0.01814571,-0.09871429,-0.08310905
-0.13244097,-0.09768611,-0.54133611,-0.32703409,-0.16296212,0.52250606
-0.11225401,0.04777596,0.17518616,-0.25865763,-0.54697742,0.13713903
0.182402,0.233248,0.00570689,0.29236966,0.22688552,0.14474414
0.19757041,0.0052398,-0.74212347,-0.04612637,0.1767956,0.22328132
-0.30819091,-0.13833388,0.01125785,0.28435364,0.15647909,-0.17223273
-0.15222969,-0.06297422,0.18302813,-0.28514333,-0.08851667,0.039525
0.0414917,-0.00657958,0.14343651,0.18502567,0.33913387,-0.08504688
0.20106332,0.15589585,0.02558754,-0.20810221,-0.00345882,-0.14826838
-0.00434758,0.28745969,-0.13425816,-0.07165556,0.28073466,-0.05199153
-0.2321,-0.13120455,0.08205413,0.31521905,0.04764848,-0.16618139
0.199171,0.08961863,0.07531702,-0.08293619,-0.07350105,0.08354602
-0.02116901,-0.09919194,0.28424587,0.09118658,0.00925325,0.91306364
-0.69169036,-0.38145331,-0.15878526,-0.05872708,0.0920996,-0.21930296
-0.06871801,0.39503047,0.24297507,-0.14262193,-0.38339591,-0.22305585
0.12224514,0.01000764,-0.13853889,-0.32059924,-0.05606591,-0.11095455
0.2007848,-0.0160872,0.06201728,-0.20642667,-0.18456083,-0.12280567
0.02872798,-0.00731193,-0.20158779,-0.00606709,0.11527607,-0.01556396
-0.13926242,-0.03139475,0.07857824,0.04222881,0.13505444,0.09210667
-0.20872917,-0.00535295,0.05308125,0.23208623,-0.16386178,0.07070525
-0.19693242,-0.28679951,0.06259121,-0.01454123,0.01837621,0.02645565
-0.14771867,0.18791022,-0.04020933,-0.2561481,-0.10134429,-0.14255571
-0.04955838,-0.07305505,-0.11195886,-0.10689594,-0.20848424,0.12061022
0.04013434,0.01485983,0.30530666,-0.02871634,-0.01886957,0.08329839
-0.33010452,-0.14393662,0.11478395,-0.02071958,0.21882155,-0.11236823
0.00766171,-0.14874891,-0.03539095,-0.04792247,0.01541935,0.15381516
0.19694669,0.0797913,-0.2514949,-0.14565296,-0.01915929,-0.32697055
-0.00431433,0.08422544,-0.34403133,0.34823862,0.08995851,0.20829931
0.05563858,-0.07688341,-0.22101389,-0.30460381,-0.12974556,-0.29870286
0.25774722,0.08580093,0.01036667,0.18787,0.14424857,0.06802667
-0.22702037,-0.33659877,0.05982315,0.02923529,-0.00725425,-0.02384216
-0.3394875,-0.2302875,-1.09315,0.22224286,0.01561786,0.7746
-0.25207708,-0.05289792,0.10814931,0.04233258,-0.02773182,-0.82502121
0.05247932,0.10264722,-0.05000818,0.07073032,0.01843175,-0.14514524
-0.19783688,0.02287747,-0.03817469,-0.2212473,-0.1385927,-0.01324905
-0.22297189,-0.06381006,0.13956361,-0.16439846,0.01682677,-0.05008123
-0.24403077,-0.38326568,-0.02911834,0.20522628,-0.1285359,0.34348141
-0.3130964,-0.05064044,0.06944488,-0.07000322,-0.13102632,-0.13355906
-0.42768889,-0.32645,-0.66662222,-0.57873667,-0.39411,0.03446
0.262625,0.0748625,0.39748073,0.09316522,-0.15023913,0.36522826
0.0007679,-0.06880679,-0.14759838,0.07479111,-0.04294825,0.02467024
-0.33389714,-0.25052996,-0.06892971,0.06760294,0.0881679,0.10277244
0.21515014,0.12986731,0.06830831,0.1912,0.15049181,0.2403576
0.05349546,0.13795331,0.03346144,-0.16598439,-0.07253043,0.20591719
0.21130381,0.09351843,0.02297734,-0.18351907,-0.11655749,-0.05419046
0.19636238,0.20051248,-0.09709924,0.15957154,0.11373913,-0.0727751
-0.15752041,-0.02024337,0.11420306,0.07131099,0.10261319,-0.03962637
-0.26198477,-0.0562543,-0.63827031,-0.1073075,0.05676667,0.0006425
-0.10961901,0.1977523,-0.33120408,-0.12189233,-0.18045317,-0.05117937
0.26717732,0.12712011,0.04962323,-0.25231307,-0.17173523,0.11725313
0.01861042,0.03437309,-0.06306146,0.2466163,0.0316846,-0.20157337
-0.03024367,0.00860057,-0.00809887,-0.00971581,-0.05986028,-0.28445929
0.14984787,0.26124444,0.15209424,0.13493903,0.09285385,0.30747792
-0.11608099,-0.15847438,0.15286942,-0.33370091,0.09642727,0.01297545
-0.15755755,-0.00799239,-0.04394899,0.00546318,-0.09085296,-0.10497389
0.17805529,-0.01566635,0.08908537,-0.33448645,-0.22393621,-0.10901823
0.43460764,0.10410556,0.17048889,-0.15161591,-0.54396061,-0.27144242
-0.00993469,0.10052426,0.23133401,-0.38503857,-0.49686881,0.14615
0.0059944,0.06418182,-0.16040909,-0.1904393,-0.14449744,0.01684545
0.07372045,-0.05219628,-0.22323864,-0.25302641,-0.39881991,-0.09202619
-0.04789527,0.07909263,0.22385425,0.11000474,0.17635237,0.11264071
0.47388576,0.21505062,0.19445318,0.03276922,-0.06281974,0.14836426
0.08534861,0.01077014,0.07832917,0.07572727,0.02783788,0.10945455
-0.23712593,-0.12257346,-0.09333704,-0.52838105,-0.48815229,0.1106085
-0.165208,-0.015388,0.066576,-0.064995,-0.200065,-0.20756
0.32557297,0.10643762,-0.00528904,0.14049684,0.14411897,-0.23310277
-0.17456736,-0.16143574,-0.35869897,-0.14455909,-0.32925173,0.1473539
0.20885294,0.21738581,0.09311626,-0.22686176,-0.16788419,-0.15518897
-0.00835803,-0.01554501,-0.05487258,0.13090725,0.05215875,0.08067838
-0.09776505,0.026209,-0.04517024,-0.12926838,-0.19686581,0.23874963
-0.06245125,-0.16600761,-0.05511367,-0.08314126,-0.15975111,0.23430973
0.1859458,-0.04458707,-0.16577528,0.20105952,0.10135976,0.2124131
-0.04126212,-0.0069999,0.42715911,-0.13722183,-0.15384269,0.41517376
0.01073886,0.0285317,-0.0975515,-0.2472271,-0.02558446,-0.17372875
-0.07603457,-0.02964938,-0.01267778,-0.06035,-0.00340972,-0.00696667
0.10928889,-0.05267778,0.09293333,-0.40839091,-0.25800909,-0.38664545
0.45836371,0.18678469,-0.29888091,0.42941838,0.16771186,0.12540356
0.13495943,0.07036286,0.09730114,-0.53489916,-0.3022916,-0.00603017
-0.2546551,-0.12440612,-0.21780408,-0.00037857,-0.0174,0.28216429
0.05442306,0.20794877,0.01486711,-0.26685316,0.08842213,-0.07939387
-0.12135862,-0.21632128,-0.13483532,-0.29259286,-0.15546047,-0.06568485
-0.00083072,0.27261232,-0.2462416,-0.27251667,0.0302285,-0.00041667
0.0802,0.14214062,-0.07259062,-0.21437143,-0.15209643,-0.02094464
0.50343819,0.10803025,0.15318673,0.24355524,0.15483016,-0.13478571
-0.20428472,-0.03809398,0.19281111,-0.40746952,-0.16063175,-0.03448714
-0.67292347,-0.19918418,-0.63185306,-0.3130044,-0.22863242,0.37253846
-0.005725,-0.16049056,-0.06703469,-0.35754524,-0.20700291,0.12785873
0.10353333,0.02425816,-0.06453264,-0.50804239,-0.0422471,-0.0548471
0.10459167,0.1200625,-0.01835417,-0.71634545,-1.09347727,0.14133182
0.455781,0.13922475,0.087454,-0.16810158,-0.21977132,0.03638474
-0.17776302,-0.02563757,0.04806302,-0.13776523,-0.264922,-0.25118431
0.304555,-0.0064975,0.074921,-0.01878211,-0.16156816,-0.38757211
-0.35237127,-0.30868166,-0.2910794,-0.24459209,-0.385883,-0.01075099
0.07985123,-0.23853858,0.19775679,-0.29528399,0.04895033,0.49937124
-0.03697932,0.1125463,-0.49688519,0.16205065,-0.04738431,0.1447183
0.07535784,0.18346503,0.03479452,-0.03302767,-0.07084249,-0.1221251
-0.31146667,-0.10983733,-0.55703733,-0.2585,-0.38122429,0.17576429
-0.06042789,-0.07871322,0.22949339,-0.1464355,-0.16180433,0.0029013
-0.1147546,0.01740576,0.06302689,-0.1910537,-0.26882265,0.15797066
-0.23610533,-0.20156627,-0.04516154,-0.07840192,-0.10477756,0.06445
0.06201146,0.186325,0.60244896,0.0373,0.0376413,-0.30918007
0.32345967,0.22466735,0.08205926,0.12764274,-0.13258519,0.08622692
0.01985328,-0.18968736,-0.02711888,0.03789883,0.06067467,-0.03923317
-0.02646,-0.00028711,-0.17293467,-0.05715714,-0.10778714,0.0139
-0.02324197,0.01712259,-0.03539465,0.06397734,-0.02836613,-0.04111638
-0.63706,-0.27722,-1.20912,-0.71344778,-0.00141111,0.26935556
0.39326198,0.13466446,0.03339339,0.00640996,0.08639524,-0.08653745
-0.06118615,0.03436898,0.13369917,-0.16692105,-0.00349942,-0.47058363
0.09575117,0.19492969,-0.04201602,0.06444167,-0.07047667,-0.05571
-0.13179709,0.12147057,-0.06836981,0.08424495,-0.1819936,-0.00016159
0.28010592,0.30509704,0.12489527,-0.0950141,0.26910962,-0.13783077
0.00062129,-0.04988379,0.21031172,0.00228468,0.0197874,0.22476774
0.01880762,-0.0783023,0.04963352,0.0001768,0.00644848,-0.03504687
0.13111296,0.18331728,-0.10638519,0.22771569,0.21419673,-0.52145294
-0.0859313,-0.18083463,-0.24113823,-0.24107573,-0.19496667,0.17748304
-0.04056758,0.35411602,0.21048008,0.0831825,0.29085667,0.20168625
0.05544721,0.03645996,0.27265582,0.17651849,-0.21470486,0.2036668
0.07216107,-0.05753175,-0.33602189,0.00277861,-0.07739189,-0.09095241
0.04038519,-0.0026821,-0.25208241,-0.2898634,-0.11611961,-0.3770402
-0.26519965,-0.03323529,-0.01287647,0.07907932,0.00932424,-0.05228182
-0.872475,-0.43520278,0.45564444,0.21155909,0.16716818,0.17661515
0.192953,0.0901415,0.18219,-0.18321368,-0.14870026,-0.16276737
0.24483632,-0.00879824,0.01229536,-0.07133467,-0.00485133,-0.09163917
0.01749376,-0.03644797,0.00019823,-0.23501925,-0.19391591,0.20679624
-0.29700009,-0.30996107,-0.05825317,-0.51882547,-0.44289223,0.07720739
0.39180781,-0.1073125,0.49122813,-0.23402143,-0.17510714,-0.48135179
0.24958947,0.1816687,-0.05730616,-0.18205541,-0.00736302,-0.15085092
-0.12316484,0.08917599,0.05103459,-0.05736047,-0.217333,-0.11756166
0.50530772,0.13678117,0.25201852,-0.01350302,-0.04496254,0.04113524
0.17743819,0.23956843,-0.04616125,-0.36713834,-0.15983261,-0.07272372
-0.18060413,-0.01800579,-0.14215868,-0.19903636,-0.76765636,0.03434091
0.13084142,0.090233,-0.11969862,-0.02223381,0.0676139,-0.2023087
-0.10916337,-0.13413449,-0.15838449,-0.75738706,-0.55794467,-0.14422148
0.09647861,0.06696895,0.01393867,-0.01408206,-0.06023387,-0.07071815
-0.05518615,-0.06275429,-0.08484737,0.15715789,0.09089327,-0.28792018
-0.293975,-0.11650694,0.11267986,0.06733864,0.04956288,0.0565947
0.18947639,0.11760625,0.08385833,0.43451212,0.16122273,-0.27767273
-0.10173533,-0.12394967,0.15427244,-0.06333621,-0.13850448,0.03644655
-0.14512325,-0.0078175,-0.2488555,0.22288211,0.06050263,-0.13572
0.77290227,0.26277221,0.41725406,0.22336047,0.16017589,0.03284071
-0.01320417,-0.20680486,-0.179675,-0.01229091,0.14996591,-0.01847197
-0.15791614,-0.28520554,-0.0568106,0.07225349,-0.09898051,0.01683385
-0.14069093,-0.21967694,0.09654367,-0.26835692,0.01587213,-0.05543024
-0.31836066,-0.2378446,-0.02676537,-0.04093801,0.05634415,0.11476754
-0.02991622,-0.05904719,-0.30288093,-0.11123941,-0.17912598,0.40508183
-0.01760413,-0.06361322,-0.15159091,-0.46357727,-0.07229182,-0.40014
0.03765456,-0.1876632,-0.00648976,0.03588017,-0.40571667,-0.07060633
-0.11841653,-0.05452603,-0.07284091,-0.02498874,0.26018268,-0.01547143
-0.02125824,-0.05980533,0.06835125,0.22540462,0.10960967,0.27406529
0.0922375,0.111625,-0.40162014,-0.19530682,-0.06926667,-0.73121364
0.13011823,0.1311375,0.06832535,0.00325924,-0.15179565,-0.13000254
0.13989102,0.28693433,0.21628919,-0.05326329,-0.0355777,-0.01283056
0.02568587,0.04023712,0.11090499,-0.52429766,-0.35188655,-0.28981784
-0.110339,-0.025383,-0.282156,0.40944421,0.24252632,-0.15763211
-0.12001801,-0.12361247,-0.07730803,-0.28574415,-0.19538187,-0.24652485
-0.07979979,-0.08390785,-0.14330393,-0.24651732,-0.12232338,0.22826991
-0.10763406,-0.01525937,0.07294859,-0.16604804,-0.02446417,0.07887126
-0.01117075,0.04907479,-0.11225089,0.04691071,0.11064914,-0.15010443
0.4084641,0.13097877,0.22663819,-0.24541462,-0.10912075,0.1640328
0.01259751,0.06731579,0.09768089,0.04505585,-0.07318333,0.18732251
-0.15139473,-0.02489121,0.1590333,-0.10475302,-0.14965595,-0.09976159
-0.19225539,0.04587732,0.12908922,0.18062708,-0.06270198,-0.01328735
0.03536208,-0.02989027,0.02167796,-0.19406903,-0.01237292,-0.05287188
0.2528654,0.47443668,-0.17060727,0.95892831,0.6320136,0.01196287
-0.0870715,0.0151455,0.0617715,0.035795,-0.02255289,-0.07796842
0.37084868,0.192109,-0.02070042,0.28075917,0.12289303,-0.08405974
-0.28692762,-0.25763642,-0.20570725,0.18002857,-0.04088841,0.27556802
0.80658773,0.36120478,0.29324961,0.42785524,0.26513762,-0.01776659
0.11730129,-0.0650584,0.12617521,0.01434413,-0.0234071,-0.24727159
-0.1660691,-0.11392177,-0.02613367,-0.0001952,-0.26493498,0.15656299
0.01168166,0.41404567,0.02488616,0.21954081,-0.09340441,0.30837574
-0.07817812,0.04712188,0.13192909,0.02096871,-0.12109181,0.35514444
0.14106465,0.04420303,-0.27053281,-0.19420403,-0.20246341,-0.50237923
0.35112187,0.08174648,0.07696328,0.15517667,0.06426375,-0.05877708
-0.11882993,-0.02026463,0.11404785,-0.07837286,-0.04007857,-0.048055
0.25025868,0.08449835,-0.54483244,0.04580974,0.20610801,0.21425
-0.149535,0.02823,-0.7718425,-0.1376,-0.24804211,0.49370632
-0.05554923,-0.0493515,0.26495822,-0.37236502,-0.19310398,-0.01459745
0.30373495,-0.25131246,-0.09448131,0.18980588,-0.18610404,0.12775919
-0.16483333,0.11068819,-0.20760972,0.11657273,0.38899848,-0.05035909
-0.45723934,-0.28018587,-0.10599584,-0.51122865,-0.35431287,0.01396754
0.38599596,0.1797069,0.14226647,0.45298633,0.14719101,-0.04274852
0.03143825,0.171775,-0.1395245,0.03329921,-0.25146053,-0.16265579
-0.18054211,-0.05592078,-0.09321136,0.04953333,-0.38154035,0.15020497
-0.08648194,-0.12457778,-0.20025556,-0.21766667,0.11855758,-0.24463939
0.09474583,-0.11007986,-0.07351667,-0.23693939,0.06668333,-0.430425
0.03637273,-0.20868264,-0.01833058,-0.29968,0.03443545,-0.09762818
0.02244514,-0.02010694,0.06311389,-0.24508913,-0.12812029,0.02507862
-0.13399033,-0.03189578,0.041974,-0.22731034,-0.25005839,0.13742322
0.20173576,0.12456285,0.07182934,-0.02697572,-0.04003714,0.08256558
-0.25383704,-0.23161111,-0.05227963,-0.0679549,-0.00953235,-0.28577843
-0.19819931,-0.18906667,-0.02293958,0.24448106,0.17139091,-0.14210227
-0.25676944,-0.06256042,-0.00762361,-0.24812576,-0.05392045,-0.26211212
0.09737268,0.11230898,0.14602009,-0.25496869,-0.28321269,-0.0347235
0.03355078,0.04537128,-0.06183632,0.12487495,-0.12449785,0.05439398
-0.09876731,-0.02389423,0.35171272,-0.02490046,0.00094,-0.31522062
-0.25349141,-0.2502374,0.06723961,0.01717511,-0.04901067,-0.08197553
-0.2949464,-0.3152992,0.09845536,-0.3366235,-0.26117333,-0.11711667
0.27239313,0.02350437,0.50484506,-0.2267571,-0.21645613,0.05166989
-0.11094896,-0.04147674,0.10281406,-0.03495978,-0.1051692,-0.17949239
-0.67644178,-0.55164858,-0.03918185,0.30696186,0.14321877,0.07927174
-0.18051667,0.36329236,0.14670417,0.15657273,0.05184773,-0.3782
-0.04391361,-0.08775558,-0.10788129,0.22060138,0.191133,0.18882055
-0.06725689,-0.05262489,0.12646267,-0.01767048,-0.09154095,-0.72763143
-0.07514236,-0.00573351,0.03979844,0.36258062,0.20694982,0.03039457
-0.09040494,-0.00744074,0.19061605,-0.21131667,-0.05151944,0.360225
0.12082278,-0.01061257,-0.08673136,0.02312277,-0.05187246,0.17946662
0.00504167,-0.10748804,0.25333696,0.06490024,-0.03538103,0.21209556
0.06798284,-0.00342899,-0.5123142,-0.76449808,-0.24849295,-0.10643654
-0.22177061,-0.09262402,-0.38037187,0.45248306,0.20669728,0.52035484
0.00188025,0.02778272,-0.5067169,-0.09107587,-0.01840095,0.39897119
0.32952099,0.15037407,0.04412593,0.12804849,0.04448952,0.10615
0.12987114,0.27319167,-0.17521852,-0.37768611,-0.10358714,-0.02115841
-0.07775632,-0.0634232,-0.0294976,0.0683615,-0.037108,-0.32023717
-0.12876806,-0.15130694,-0.11835,-0.1350303,-0.05944848,-0.42946136
-0.12353438,-0.04727344,0.02512676,0.10411653,-0.00983387,-0.12681915
-0.523475,-0.21229852,-0.05267899,0.036456,0.06307108,-0.03898046
-0.21819668,-0.35384626,0.11417756,-0.72266462,-0.37455994,-0.47447076
-0.20561806,-0.043825,0.00340747,0.09336775,0.27053478,0.01506377
-0.28562534,-0.11470009,0.00649192,-0.12079233,-0.02208693,-0.00838437
0.32151696,0.15355813,-0.40707336,0.37560184,0.06126103,-0.00843787
-0.06807515,-0.03021598,0.09782604,-0.11824167,-0.13924615,-0.17512821
-0.13149082,-0.11693367,-0.44689796,-0.08350275,-0.00389505,-0.04722747
0.04526042,0.06759985,-0.05637708,-0.28209714,-0.2022473,-0.21423643
-0.40236288,-0.18186565,-0.10930713,0.14368293,0.00832582,-0.12256984
-0.13658347,-0.13149091,0.02864649,-0.67772165,-0.28836905,0.1403461
-0.31254024,-0.34596583,0.1258855,0.44022462,0.27745631,0.00819969
-0.34036782,0.04572978,-0.07986296,0.14673968,-0.09618841,-0.13768135
-0.09958235,-0.10090657,-0.20748201,-0.39899301,-0.32741949,-0.05190515
0.23949669,0.05617631,-0.02071414,-0.0132821,-0.13191193,0.27692064
0.00505791,-0.05124258,0.01829844,-0.08519657,-0.05885504,-0.00178952
0.07414867,0.11235889,-0.05488778,-0.2737892,-0.46856552,0.08854218
-0.19228202,-0.19771529,0.00542521,0.21906255,0.13375866,0.06195909
0.38444375,0.44167932,0.02008241,0.39445,0.07032032,-0.16807429
0.22441384,0.05863772,0.22772145,-0.34393934,-0.28816618,0.03382059
0.01651834,-0.06724256,-0.14293529,0.01351103,-0.05070404,-0.17164375
-0.50101065,-0.30277456,-0.10750473,0.79875,0.44815449,0.2869359
0.33171315,0.04596834,0.1021474,-0.14227433,-0.20027228,0.18218057
0.00328611,-0.00557778,0.06322091,-0.02577143,0.11496571,0.06394302
0.02837479,0.03092149,0.0459345,-0.12420065,-0.08041385,0.11578658
-0.59069694,-0.24413801,0.02087219,0.31707897,0.10933161,0.08948942
0.00983866,-0.03608725,0.28455556,0.07408138,-0.15058124,0.16112632
-0.17554922,-0.17421699,0.11446191,-0.16872964,0.03342712,-0.0249871
0.04474896,-0.055308,-0.116016,0.02265533,-0.00034,0.30366167
0.06054414,-0.02015488,0.02065313,-0.15621321,-0.06369284,0.35573871
-0.15482306,-0.08522029,-0.10811745,-0.06646003,-0.06157646,0.1597724
-0.08658958,0.01449931,-0.02903698,-0.16066522,-0.25316486,-0.23719475
0.00822037,-0.068625,0.21648519,-0.4877549,-0.16954216,0.08158497
-0.02257511,-0.24423,0.04668956,-0.23934529,-0.09449276,-0.03356345
0.09889167,-0.01315278,0.29653056,-0.10943696,-0.23969203,-0.17698841
-0.24677024,-0.03135536,-0.3310736,-0.36609833,-0.72449117,0.05089333
1.08094863,0.63187656,0.03971104,0.76570887,0.55337419,0.18145968
0.17947778,-0.03674861,-0.0606875,-0.10676061,-0.04315985,-0.10840455
-0.13166458,0.05313177,0.01911233,-0.01706522,-0.05575489,0.00584094
0.00781733,-0.06363378,-0.0591,-0.27777143,-0.22084762,0.10778333
-0.11261322,-0.1721225,0.14117355,-0.0516858,0.07939735,-0.09582197
0.0197968,0.0175824,-0.11839136,-0.43485083,-0.15595833,-0.03353917
0.12208062,0.04869585,0.69335433,-0.43567757,-0.27123713,0.4231375
-0.00915103,0.00684554,0.22075103,-0.13686068,-0.06285271,0.09734957
0.465225,0.410475,0.10055556,-0.05899091,-0.16343636,-0.09946364
0.27390875,-0.056184,-0.0971585,-0.24353947,-0.21432632,0.16697947
0.1617068,0.10912189,-0.05337544,-0.08237077,0.13416369,-0.15608492
0.36717043,0.19404803,0.04263792,-0.21289233,-0.06861723,0.19645824
-0.002075,0.17293333,-0.15464375,-0.55370909,-0.31629318,-0.06788258
-0.08473333,-0.03376944,-0.20928611,-0.20386364,-0.17266364,0.07995152
0.15865263,0.11008587,0.0802169,0.02563333,-0.17015322,0.08882047
-0.13322896,-0.28672224,0.15636496,0.0657265,0.06314783,0.02560833
-0.14710947,0.01719231,0.22482722,-0.23014615,-0.13179167,0.08793013
-0.148311,-0.1095,-0.071595,-0.55467526,-0.39253816,-0.29765158
0.00885803,0.12981867,0.26631177,-0.4305186,-0.1672718,-0.43545505
0.55373114,0.44100415,0.44036886,0.13251213,0.21082169,-0.03601213
0.28693767,0.24869563,0.28850229,-0.21959989,-0.15135075,-0.04632462
-0.55364734,-0.32809704,0.05608107,-0.36447821,-0.05551859,-0.27880833
0.16272269,0.15128241,0.18238611,-0.23262619,-0.24610286,-0.12867381
-0.22792645,-0.08483994,-0.04091524,0.08821761,0.10381676,-0.33380653
-0.23947361,-0.00544913,-0.03950729,0.03999149,-0.04319257,-0.09953424
-0.01963846,0.13936982,0.15282781,-0.21914615,-0.01333397,-0.04026795
-0.07021399,0.22859943,-0.20808544,0.0084247,0.24573083,0.16551542
0.1695767,0.15768981,0.2208625,0.50540127,0.17110508,-0.05986714
-0.24985089,-0.03046298,-0.1126265,-0.15476862,-0.29485783,0.0523
0.10592836,0.12503138,-0.1102431,0.55414802,0.45416897,0.37034802
-0.369125,-0.123175,-0.0308,-0.07034545,-0.02044242,-0.26063636
0.127616,0.18725267,0.25959956,0.12024345,0.14785862,-0.10398
-0.05260947,-0.03226746,-0.11469615,0.161488,-0.01898492,-0.01425631
-0.73798809,-0.44600693,-0.29030416,-0.2499886,-0.03025175,0.1360576
-0.06216048,-0.00821271,0.04028919,-0.27749137,-0.19544512,0.10400278
-0.07339388,-0.13731735,-0.3884949,0.00328681,-0.05902198,-0.34071923
0.20928457,0.105427,0.2311933,0.20402273,0.03527642,0.10803627
-0.10251944,-0.00986111,0.01901597,-0.038,-0.03721818,-0.05620076
0.04863651,0.00255571,0.18644913,-0.40852139,-0.26580196,0.08038414
-0.25540525,-0.23159722,0.01418889,-0.2986254,-0.21760857,-0.10032889
0.49749877,0.4397108,0.07135432,-0.23252484,-0.09099837,0.14686667
0.11211641,-0.02512969,-0.1305998,-0.06562419,-0.13385806,-0.08596522
-0.400725,0.05361528,0.12229167,0.72887955,-0.0049697,0.12395455
0.36554766,0.15056988,-0.24618733,0.22406278,0.16731345,-0.05179886
-0.00556678,-0.21540069,0.06973945,-0.25643346,-0.09138125,0.02799154
-0.09306925,-0.26179584,0.03476537,-0.65210439,-0.46412398,0.05825789
0.82559053,0.35838134,0.10968299,0.57948803,0.3157916,0.17349957
0.1260465,-0.079852,0.31296575,-0.29713789,-0.20778421,-0.06881132
-0.30954453,-0.02142813,-0.14595547,-0.19916333,-0.11570667,0.11213833
-0.03958542,-0.15055833,-1.37791597,-0.08613258,-0.02607273,0.46553485
0.15501389,0.17923333,-0.11035208,0.79211818,0.22445,0.18901136
-0.58611116,-0.31526901,0.02106136,0.27591818,0.19985866,-0.01410238
0.04065556,-0.01413472,-0.06026667,-0.00822045,0.00698939,-0.07018485
-0.07372834,-0.00293333,0.04602971,0.17888714,0.129425,-0.16856786
-0.27860499,-0.15265101,-0.16811415,-0.32832648,-0.17746133,-0.14433744
-0.17275215,-0.07393192,-0.00239123,-0.08661426,-0.05544572,0.05066014
0.17362674,0.08368767,-0.17851667,-0.11908841,-0.0930067,0.08901304
0.13324889,0.08926978,0.05336444,0.27919762,0.15255333,-0.23357524
0.19260723,0.12374587,-0.28103616,0.27490563,0.08595216,-0.01555519
-0.32148129,-0.21938034,0.15487391,-0.01136126,0.03531739,0.03780375
0.06810424,0.05307307,0.11814352,-0.18075111,-0.028475,0.2740819
-0.27182936,0.19707175,-0.03217008,-0.33853596,0.04967719,0.1897576
0.04313047,-0.04557036,0.18429695,0.59936988,0.19653216,0.01906345
-0.36798299,-0.33110662,0.01212325,0.15094368,-0.04141897,-0.22734051
-0.11135042,0.00029224,-0.14608587,-0.15652076,-0.49612836,-0.60896696
-0.30322778,-0.24017778,-0.27377407,-0.08807843,0.05445294,-0.10161176
-0.04096433,-0.04083127,-0.20130849,0.33612882,0.1367105,0.09917681
0.0887216,0.15218364,0.00705417,-0.01523341,0.0049927,0.16996571
-0.1276518,-0.19297089,0.21149981,0.00976522,0.03511383,-0.64596917
0.0450457,0.04371406,-0.05164141,-0.26076083,-0.11287667,-0.03488833
-0.80232969,-0.24442891,0.03286484,0.43027083,0.162035,0.18786
0.24082899,0.4016401,-0.13040208,-0.04403587,0.1298788,-0.06288152
-0.23719275,0.067757,-0.029259,0.04810526,0.01614105,-0.23861579
-0.13652225,-0.048156,-0.034885,-0.16839105,-0.09279947,-0.00590211
-0.17309446,-0.08423158,-0.22754598,-0.08261778,-0.19900811,0.02206671
-0.07860499,-0.21372992,0.13781468,-0.40205058,-0.13968304,-0.05308918
-0.00117561,0.0338913,-0.14156767,-0.22238913,-0.37477253,-0.18074012
-0.033492,0.20378875,-0.2554675,-0.34402947,-0.41146842,-0.04242421
-0.06033721,-0.09198691,-0.06511309,-0.05297399,0.04230857,0.24216411
-0.21196036,-0.01604704,0.02563077,-0.17254646,-0.00199477,0.05985523
-0.14447936,-0.06225632,0.07568896,-0.246299,-0.07599433,-0.49611133
0.06357756,-0.0579446,-0.00814404,-0.3248114,-0.1187231,-0.17464094
0.23064,-0.08181,-0.165789,-0.31594474,-0.22515395,-0.05448211
0.47867917,0.00229167,0.36011458,0.01649015,0.04286364,-0.22184545
-0.01756964,-0.01408954,-0.00285153,-0.18713148,-0.08754921,-0.07904815
0.27053884,0.00855702,-0.28657521,0.26283727,-0.06351727,-0.01899455
-0.08974375,-0.20389648,-0.02027812,-0.76274167,-0.32845125,-0.0385325
0.15640607,-0.06017914,0.01730266,-0.24386262,-0.04886923,-0.04258277
0.00572493,0.13747978,0.12668698,0.1638807,0.27727193,-0.0132462
-0.25569527,-0.14652426,-0.06156154,-0.33045,-0.24963013,-0.621575
-0.04903444,0.10734933,0.04381733,-0.0926092,-0.24054138,-0.04949977
0.57217893,0.34276364,0.10649091,-0.04300173,-0.03707619,-0.43306429
-0.00905,0.0649875,-0.06838646,-0.0864,-0.15316014,-0.19984457
0.06887891,-0.02480937,-0.09600742,-0.36691167,-0.23030667,0.05262458
-0.22223365,-0.14513304,-0.29920277,0.02780909,-0.03705829,-0.08169483
0.411,0.147183,-0.427311,-0.31244667,-0.45661111,0.44288111
-0.36706667,-0.32205903,0.11363333,-0.13248182,0.13695227,-0.47005455
-0.0870125,0.05863611,-0.04957986,-0.03781364,-0.37263333,0.03461364
-0.44852917,-0.16166111,0.03633542,-0.13755,-0.05483561,-0.43166136
0.35649614,0.05899118,-0.22647677,-0.20551676,0.096884,0.90552292
0.04085087,0.10252746,-0.04593085,-0.15350966,0.05856477,-0.20236544
-0.37075024,-0.47141104,-0.0954176,0.2863185,0.23837933,0.036268
-0.18553601,0.05282105,0.15642936,-0.32390497,-0.23967807,0.30661608
0.11962411,0.03104172,0.05595607,-0.03250015,-0.26872277,0.283736
-0.13123595,0.09826446,0.04910909,-0.77578268,-0.33179437,-0.02554762
-0.07385315,-0.13002985,0.07007836,0.10746232,0.23509372,-0.00755271
-0.16755,0.42429653,0.17489583,-0.04397727,-0.30892424,-0.31175909
-0.00018844,-0.10261837,0.09104014,-0.06624,-0.06838571,-0.525055
0.05050745,0.06990365,0.05316107,-0.29835,-0.14628461,-0.11303176
-0.40595391,-0.28524925,-0.02079835,0.32010556,0.15866296,0.10030598
0.00396574,-0.134375,-0.09728194,-0.04501222,0.04706381,0.03712
0.12729711,0.12385992,0.10811364,0.05259502,0.01125022,-0.09477532
0.01360416,-0.1026,-0.13294329,-0.2087166,0.13155,-0.0770249
0.55684583,0.16460833,0.03346667,-0.38689091,-0.2288,-0.1664
0.275828,0.11340667,-0.14781411,0.0455931,-0.08126483,0.08147943
0.2818284,0.06812367,-0.00472544,-0.33170641,-0.51352821,-0.29151667
0.35123316,0.22604745,-0.23872117,0.0604672,0.05897143,-0.12964352
-0.21157771,0.06772408,-0.209796,-0.29774345,-0.31255672,0.15355252
0.13508047,0.18336602,0.17002813,-0.70917375,-0.52357333,-0.0014375
0.07388594,0.06149834,-0.00485791,-0.33229355,-0.36982208,-0.04309395
-0.05933995,-0.12212235,-0.02531011,0.05294951,0.05254729,0.03085172
0.38921006,0.32689275,-0.4954534,-0.273312,-0.47261708,0.155948
-0.008505,0.0954865,0.07689775,-0.09250395,-0.12846211,-0.04028184
0.47261172,0.1077656,0.07458922,0.02070652,-0.10277727,-0.33163063
0.23478037,0.19040137,-0.43311846,-0.14209486,-0.32150383,0.22462742
-0.17465934,-0.00455562,0.04882785,0.03188057,0.04411185,-0.11601123
-0.42803889,-0.26446937,0.03634907,0.06301143,0.09222317,0.05528476
0.1181125,0.00384167,0.01774167,-0.16595379,-0.09525455,-0.11161818
0.11401456,-0.14156528,-0.06111104,-0.209939,-0.39874967,0.3437615
0.0360125,0.29583889,0.20801319,0.42987045,0.08983106,0.00456136
-0.15390375,0.1890075,0.2276415,-0.32003421,-0.22939737,-0.04154868
-0.38588225,-0.16917574,-0.29432633,-0.14108923,-0.33595908,0.10351215
0.00425605,-0.02819004,0.05661201,-0.15032016,-0.00411532,0.15768175
0.10197222,0.02997346,0.23807824,0.04825048,0.0048146,-0.31371302
-0.13943704,-0.42233704,0.08250741,-0.17818056,-0.79109167,0.10161389
-0.0444155,-0.01116625,-0.019145,0.07806474,0.11787132,-0.09689474
-0.54957227,-0.19704453,-0.38209609,-0.94539208,-0.3608025,-0.76130958
0.25032779,0.24732514,-0.11366352,-0.12326423,-0.21722984,0.03521759
0.24292667,0.17179644,0.425328,-0.30187429,-0.14204952,0.63556143
0.16155816,0.15421735,-0.3269,0.35260604,-0.03236264,-0.36733077
-0.2818918,-0.04336289,-0.28263906,-0.17688333,-0.07324208,0.19941333
0.25711332,0.44245078,0.18323278,0.18046441,0.15874333,0.07485914
0.06565844,-0.03993196,-0.32206776,0.07690413,0.01237764,-0.06624957
-0.089048,-0.079948,-0.145708,-0.2757,-0.053175,-0.03083
-0.03275499,-0.01047271,0.08021482,-0.22732767,-0.03561152,0.1243936
-0.09800833,-0.13507917,0.09220903,-0.44481364,-0.26497576,-0.07001212
-0.14111765,-0.03372699,0.11032595,-0.12630074,-0.08765147,0.09804559
0.057148,0.071317,-0.15524875,-0.23991579,-0.20428211,-0.04384737
-0.53417022,-0.39699333,0.30500044,0.1834681,0.14066095,0.00613238
0.06606777,-0.14332727,-1.10490826,-0.07306667,0.15792381,0.48915931
-0.14893711,-0.02704568,-0.14710733,-0.11983143,-0.13765921,0.27765452
-0.48287421,-0.42641388,-0.2428095,-0.06800946,0.21717785,-0.0578024
-0.14340541,-0.19824079,-0.04037014,-0.28951731,-0.38548204,-0.09879505
0.15515606,0.23705087,-0.16985433,-0.21840846,-0.3491636,0.03913015
0.33005972,-0.02635017,0.23706458,0.06529275,-0.14715072,0.03506178
0.11447191,-0.02340123,-0.0414929,-0.32668524,-0.18080317,-0.04723095
-0.09546205,-0.01205208,0.14061357,-0.30783275,-0.06346287,-0.01934942
0.14264014,0.01791142,-0.1391487,0.20193369,0.00538922,0.06426578
0.932441,0.339944,0.390923,0.75107474,0.18312316,-0.00370421
0.16052238,0.05314228,0.00161389,-0.09119817,-0.07125905,0.07034857
-0.08764498,-0.19275029,0.10911249,0.07960538,0.15373529,0.14212059
0.10895417,-0.06409688,-0.16221927,0.2062,-0.03041413,0.02868533
0.27155475,0.00766508,0.23712727,-0.03314026,-0.04020498,0.19202381
0.24239877,0.13841543,-0.2185216,-0.33458954,-0.16731895,0.08587386
0.15256358,0.13226636,0.0068142,0.07221373,0.00450098,-0.22445784
-0.04675281,-0.01079877,0.13960206,0.05064587,-0.12474188,0.13832778
0.15577356,0.08931512,-0.03151351,0.25325871,0.07591637,0.02913123
-0.02741173,-0.09238611,-0.04408333,0.02158758,0.00445882,0.05118039
0.18072525,0.07348625,-0.232125,0.26296263,0.12703816,0.22869789
-0.2114,0.03122171,-0.09050744,0.03983333,-0.1736197,0.02004109
-0.13421236,-0.18430276,0.36325128,-0.04158941,-0.0451336,0.06516377
-0.1239741,-0.03346011,-0.72163497,0.19160178,0.06935929,0.49756087
-0.58114221,-0.32146713,0.09235502,0.2672625,0.22263971,0.25967537
0.16601952,0.08575116,0.41196019,-0.02402444,-0.26159913,0.28542619
0.01713072,0.0193864,-0.04084448,0.21808333,0.093311,-0.2153765
-0.07138047,0.3897125,-0.0265625,-0.0025775,0.19342667,-0.50172
-0.19462231,-0.06879504,-0.2166095,-0.19482576,-0.07747792,0.0899329
-0.16886759,-0.16533218,0.189175,-0.25381143,-0.18566262,0.17752667
0.07772299,0.03236925,-0.17965596,-0.18441345,-0.09517251,-0.00561433
-0.39332153,-0.34790017,0.02414983,0.25015362,0.15705362,-0.26984402
-0.06242976,0.00916212,-0.08573881,0.11252462,0.18190559,0.12028828
0.26737806,0.12417194,-0.21502793,-0.02182619,-0.08530066,0.06532738
0.19080903,-0.05336574,0.06172145,-0.40448603,-0.29376762,0.0231781
-0.20490311,0.0491519,-0.19700069,0.3286136,0.60928676,0.41168566
-0.00259477,-0.01924269,0.05986064,0.21810222,0.10856342,0.10696724
0.12483133,0.05248267,-0.25043156,0.06430207,0.18645724,-0.00219483
-0.15800968,-0.07480312,0.11112154,-0.01057333,-0.00754828,-0.09521108
0.17637051,0.19972889,-0.21448098,0.09558793,0.07772833,-0.02844754
-0.00117867,-0.43802667,0.88875067,0.42755714,0.3382,0.38176571
-0.00734631,-0.09220473,0.09305104,0.20435593,0.08756561,0.36519249
-0.24267092,-0.14378587,-0.23286461,0.08631396,-0.03374943,-0.15388689
-0.07575831,-0.08277989,-0.07182121,-0.12780237,-0.1174375,-0.18213295
-0.07299565,0.09128053,-0.08534764,0.19549387,-0.1703836,0.06266245
-0.09908906,-0.24558549,-0.2178302,0.15191379,0.06904138,-0.2601665
0.08291824,0.09301866,-0.08625185,-0.05853362,-0.02061481,-0.28146738
-0.08048889,0.11795926,-0.14469383,-0.67511569,-0.22689608,-0.11660327
-0.13878542,0.0623276,-0.0164533,-0.17208696,-0.11163967,-0.42485489
-0.05725926,-0.01881829,-0.01869051,-0.11451476,-0.11374452,-0.01618349
0.51271798,0.26752479,-0.16666612,0.08277143,0.02318918,0.05104935
0.07783889,-0.05973056,0.0742892,0.10763529,0.1006049,-0.12683529
0.19530643,-0.37404877,0.37912231,0.14761739,0.19278024,0.20659209
0.0241666,0.04634824,-0.09908477,0.6377255,0.25897379,0.17164516
-0.158075,-0.03998148,-0.16383056,-0.06385098,-0.11519477,-0.09195882
-0.23609598,-0.27385208,0.04587195,-0.36316674,-0.25563694,0.23032035
-0.13878264,0.01806488,0.04687521,-0.1451684,-0.13148442,-0.06250909
0.00290469,0.03676719,0.11685039,-0.05696169,-0.19017823,0.05263851
-0.23786021,-0.17097382,-0.01651509,-0.11574354,-0.06096431,-0.25215846
0.0916505,-0.06222725,-0.044965,-0.16463237,-0.09238684,-0.10679263
-0.38383787,-0.08250059,-0.24114379,0.35092436,0.32466154,-0.19066987
-0.18704913,-0.25593045,-0.04515433,0.12527316,0.10033824,0.0543375
-0.1311429,-0.14112899,-0.13277219,-0.19835108,-0.39948708,-0.02131354
-0.47236122,-0.40833125,-0.05726059,0.33893386,0.21682778,0.02118611
0.51319235,0.36660153,0.17338367,0.03258624,0.07234974,-0.11305106
0.19113802,0.08602893,0.07904773,-0.02815108,0.00632078,0.00458506
0.15814391,-0.02732105,-0.0642349,-0.2053825,-0.12548549,0.0796655
0.09986012,-0.05037509,0.24786099,-0.13187327,-0.18370608,0.22671051
-0.20616465,0.08159263,0.00536957,-0.14206206,-0.2223419,0.03420455
0.123068,0.00831222,-0.12769156,-0.16052138,-0.15997287,-0.03289149
-0.42642071,-0.42060118,0.24607811,0.08981859,0.12903077,0.14373718
-0.13908498,0.09390131,-0.17077249,0.30188151,0.05516462,0.09047269
-0.11407211,0.12406889,-0.02337067,-0.20060736,0.08101724,0.0133892
-0.07731295,0.00323058,0.02252911,0.14730152,0.0722696,0.04625313
0.00660062,0.13747479,0.0665814,-0.32722727,-0.00192294,-0.35567792
-0.06772082,-0.03803923,0.19682644,-0.13315503,-0.00023776,-0.24778551
-0.23703223,-0.21540496,0.2341618,-0.04754858,-0.07480682,0.17842614
-0.29228488,-0.03907543,-0.20596144,-0.50627411,-0.10775079,-0.70865099
-0.19495207,-0.38418223,-0.05805227,-0.28620563,-0.05373247,-0.12939134
-0.11836042,-0.00506343,-0.04566782,-0.11800429,-0.08816167,0.06971437
0.2514572,0.03155122,0.08800769,-0.06526822,-0.22282632,0.03956579
0.05730473,-0.1398071,-0.50398462,0.10580192,0.13701538,0.14710833
-0.233665,0.027655,-0.647335,0.57842105,0.28748421,0.39646211
-0.12460942,0.11467368,-0.01551994,-0.07246199,-0.00743333,0.18904386
0.01623984,-0.10361807,-0.17040264,-0.33987298,-0.08933619,-0.06991774
-0.10077075,0.0740034,0.02530884,-0.15446857,-0.04253571,0.099585
0.17190572,0.05963569,0.02018418,0.06151591,0.08927548,-0.06272968
0.00680488,0.02218008,-0.49857773,0.0248248,0.05082923,0.10842641
0.06295624,0.05137407,0.05239877,-0.00052493,0.02380769,-0.16515556
-0.363176,-0.21715,-0.003724,-0.09910111,-0.18204444,0.10291667
-0.04610186,-0.11323698,0.12758099,-0.46009351,-0.13667814,-0.28008485
-0.21662803,-0.64139377,-0.00785225,0.24768897,0.19625147,0.06894706
0.12842491,0.10252841,0.07634529,-0.081447,-0.04876284,0.49403468
-0.11407083,-0.08388611,0.20492083,0.16181818,0.02097879,-0.07870909
-0.10477751,-0.00184775,-0.18519239,0.24581066,-0.06563015,0.12277243
0.05413006,-0.09258412,0.08453459,0.00343735,-0.04510217,-0.03840573
0.41646059,0.66835903,0.03152917,0.30951667,0.36535489,-0.00196703
-0.12622145,0.01332678,-0.27001065,0.16544569,0.12180508,0.09683123
-0.13292819,-0.0423727,-0.05308571,-0.0088082,0.02752831,-0.09671481
-0.52024867,-0.19801667,-0.19393789,-0.37733655,-0.16085966,-0.08423046
0.03923889,0.09814983,0.16084167,0.0705442,-0.02391286,0.20116522
0.010802,-0.106919,-0.328264,0.15133778,-0.03518,0.07352444
0.10664351,0.07082082,-0.15484743,0.10920134,-0.03158782,0.02973588
-0.31245606,-0.13248253,0.03083218,0.09561961,0.08007986,-0.21775419
0.00170289,0.05428223,-0.06557314,0.2053,0.02149264,-0.02655065
-0.12904133,-0.14776429,-0.07060332,-0.25429524,-0.19751905,-0.03193492
0.07980742,0.1093625,-0.01890937,-0.4970275,-0.31081333,-0.146565
0.06466042,0.07340833,0.14599792,-0.06017391,-0.09264746,0.16948478
0.10708312,-0.05694459,0.1325786,-0.28549027,-0.27522771,-0.16560222
-0.13706053,-0.42381821,-0.10922175,-0.02374054,0.11508535,-0.09626543
0.08598209,0.05078182,0.09093196,-0.07272822,-0.04366563,0.08414848
0.05471468,0.00094815,-0.20766941,-0.01977906,-0.11278846,-0.33357536
-0.05519228,0.04391806,0.05631003,-0.28789667,-0.13641571,0.09908397
-0.04184201,-0.0721,-0.18298462,-0.10428526,-0.00455,-0.05735
-0.27504,-0.18941,0.000395,-0.0243,-0.03527222,0.01543444
-0.15921181,-0.0013434,-0.19426458,-0.06105634,-0.00025072,-0.29484819
0.4927775,0.20478431,0.3835276,0.05755968,-0.05293083,-0.11677055
