0.3009573,-0.18061607,0.20693003,0.15793719,0.19642332,-0.08182948,-0.05617529,-0.00267768,0.15028636,-0.09606494,0.01425082,0.06068904
0.43020882,-0.24313967,0.31635041,0.16810523,0.16191074,-0.053573,-0.17878176,-0.01317324,0.0870583,-0.08869473,0.04813774,0.12085129
0.36755537,-0.16453159,0.21767328,0.1461135,0.18800294,-0.0434584,-0.07264096,0.01197346,0.10807012,-0.10653489,0.01874174,0.07886397
0.36929449,0.02815381,0.17962342,-0.01028017,0.1673978,-0.08984573,0.15829009,-0.06188223,0.36013858,-0.0186306,0.09386739,-0.02182947
0.29069798,-0.18545537,0.10504821,0.17998953,0.17181726,-0.07053838,-0.05717605,-0.02855893,0.13928607,-0.02388852,0.03086901,0.06290135
0.3589686,-0.23279835,0.3058686,0.1595292,0.16378347,-0.06412837,-0.17878176,0.02237505,0.14405319,-0.11817485,0.03795479,0.12085129
0.35050248,-0.0589146,0.1561843,0.06222039,0.18392507,-0.10230882,0.04177691,0.03395992,0.27742805,-0.07704755,0.06305225,0.01783796
0.29470826,-0.11976997,0.06954876,0.11632259,0.20166749,-0.11026942,-0.00415369,-0.02323272,0.18486364,-0.02296968,0.06868034,0.01957493
0.45616419,-0.1948506,0.26594931,0.15897796,0.23384628,-0.09705565,-0.19736431,-0.03721772,0.11057575,-0.05974837,0.01143939,0.15520504
0.35895895,0.01784105,0.13735445,0.00606419,0.17274702,-0.09663306,0.15890374,-0.06186423,0.36090062,-0.01848596,0.07526475,-0.02080443
0.04239141,-0.07809062,-0.10055996,0.053625,-0.15867461,0.08611992,0.20829643,-0.10081167,0.10634684,0.14900793,-0.08676247,0.10358938
0.00769189,0.03591104,0.21059375,-0.10654375,-0.03284297,-0.01608262,0.06720948,0.10395405,0.09640565,-0.03409839,-0.08518315,0.09233024
0.00077754,-0.0204957,0.21011875,0.01508437,-0.11470703,0.08718242,0.14799738,0.10370789,0.0718252,-0.03390847,-0.03016973,-0.00610121
0.01384062,0.00114141,0.2674625,-0.00119687,-0.03180762,0.00275313,0.14209879,0.09043705,0.0408877,-0.02358337,-0.08338109,0.0249377
0.04628291,-0.06955059,-0.04517266,0.04575195,-0.12859063,0.08041094,0.18385534,-0.08463059,0.142376,0.10289607,-0.06430842,0.09362268
0.12353477,-0.07295,0.10680605,0.01851563,-0.08722695,0.04262109,0.14244467,-0.03753374,0.10198277,0.05945149,-0.04376802,0.07487971
-0.00246064,0.06296758,0.19361875,-0.1013375,-0.0358707,0.01627168,0.13978881,0.00917572,0.10997591,0.02893327,-0.10284676,0.06211714
0.00968691,-0.10992461,0.07963437,0.0326375,-0.1001584,0.04425527,0.1775626,-0.04735557,0.09276865,0.07352409,-0.00860022,-0.03862792
-0.0382418,0.07084746,0.19422402,-0.12448193,-0.0010957,-0.03563477,0.00434716,0.06162133,0.07072639,-0.01393766,-0.12923693,0.12316305
-0.0125125,-0.00897441,0.19596631,-0.08314473,-0.01259395,-0.0265,0.06562361,0.10249485,0.09489528,-0.0333929,-0.08530605,0.09235881
0.01702187,-0.09648926,0.13737939,0.03549795,-0.15250566,0.09322188,0.22499629,-0.00085347,0.1249976,0.05468121,-0.00283814,-0.04264571
-0.02380977,0.05085234,0.19442754,-0.11470488,0.00640332,-0.03562471,0.08195442,0.09930659,0.1015393,-0.0336826,-0.1228053,0.11502768
-0.02736419,0.04516436,-0.05100467,-0.02077042,-0.13456505,0.20794965,0.28600361,0.00293684,0.04869469,-0.09571138,-0.11382395,0.13991964
0.03933893,-0.00661626,0.02424343,0.05030986,-0.14385934,0.21548936,0.25662931,0.12966498,0.17087084,-0.19260645,-0.27397922,0.22860843
-0.04586142,0.04462059,0.02582457,-0.05153824,-0.04825329,0.29859343,0.36017551,-0.22956284,-0.01728038,0.11099872,-0.05901017,0.02119391
0.14547422,0.08439818,0.19066029,-0.09798625,-0.07696765,0.24272595,0.2220075,-0.06044119,-0.06266407,-0.03315056,-0.04924101,0.05427921
0.01430346,0.00280701,0.00206246,0.03879965,-0.15405657,0.22069654,0.29521932,0.06657894,0.19323198,-0.18756745,-0.26696437,0.21985644
0.03633391,0.06286696,0.05477102,-0.05679481,-0.1200449,0.28820926,0.31185504,0.00977751,0.11809791,-0.10897877,-0.10685342,0.08442746
0.03738824,0.09620441,0.09233443,-0.09125952,-0.11120692,0.27854706,0.30171515,-0.07556591,-0.00509225,0.01614821,-0.05399933,0.04873386
0.00083633,0.05916315,-0.00983668,-0.0330628,-0.14788806,0.22810433,0.2811268,0.07766081,0.20241984,-0.16220383,-0.26892422,0.22149572
-0.03820087,-0.00709178,-0.01699818,0.04340995,-0.20415891,0.21609256,0.30721213,0.06288093,0.24098459,-0.20114062,-0.31271853,0.30795056
-0.30103067,-0.32597467,-0.29367467,0.21252044,0.14716533,-0.15959867,-0.10613676,0.36929467,0.0243799,-0.27864346,0.03377133,-0.04936108
0.29183388,-0.06197959,-0.04309306,0.18948694,0.20235927,-0.22937984,-0.28480912,0.16279715,-0.10486206,-0.10679358,-0.05449856,0.08071399
0.29645029,-0.06032914,-0.10077127,0.21184302,0.20119796,-0.22812082,-0.27763339,0.16459067,-0.16604079,-0.08314565,-0.05576983,0.08149006
0.0185736,-0.06799964,0.09016801,-0.06211748,-0.36565232,0.30324376,-0.2660096,-0.21237329,0.41140407,0.0109308,-0.01071134,0.19483597
0.07490535,-0.14709524,0.05791831,0.0268082,0.04191356,-0.07961153,-0.0876898,0.11227593,0.06916599,-0.21292222,-0.14020559,0.26944675
-0.1386258,-0.28253341,-0.1684126,0.02683995,-0.15495541,0.21042117,0.30113055,0.01706914,0.21771147,0.06468508,0.29741864,-0.17297465
-0.26052143,0.44456735,-0.21827857,-0.4861,0.14599694,0.23994286,0.2980967,-0.09046735,0.59147473,0.53582637,-0.9176179,1.09320879
0.12291944,0.04181111,-0.15968611,0.04082701,0.22108333,-0.24282801,0.51203849,-0.03518849,0.73805619,0.05322036,-0.09709905,0.11370655
-0.05100463,0.34428025,-0.09523395,-0.32712377,0.25539352,0.02904653,0.09071895,-0.16595415,-0.11435367,0.33602679,-0.52774312,0.46707267
-0.02715346,0.22221894,0.29032509,-0.15884057,0.00618097,-0.08631142,0.24519872,-0.04277262,0.20710603,0.04440837,0.13793299,-0.17661828
-0.0050333,0.21666817,0.26882439,-0.15330156,0.04101081,-0.18334005,0.21379913,-0.00313791,0.20545386,0.03959282,0.08758963,-0.05528008
0.04267256,0.00773662,0.28558193,0.02624443,0.03990225,-0.13725869,0.19871645,-0.11861717,0.07120466,0.18789327,-0.18906898,0.12114034
-0.04322907,0.08432465,0.21666505,-0.05942924,-0.00111946,-0.1541763,0.2183558,-0.02188571,0.14723432,0.06644083,0.00320387,-0.04666443
-0.00572245,-0.01059551,0.27365086,0.03583657,-0.03762229,-0.08727584,0.10489933,0.04069869,0.12882504,0.10509978,-0.21337366,0.08178079
-0.032409,0.11321107,0.25116367,-0.08780225,0.02512085,-0.17469343,0.26270111,0.00111764,0.22443926,0.03252247,0.08026505,-0.05843145
0.06203965,0.0138457,0.28490518,0.02669883,0.08614736,-0.23569473,0.16506262,-0.1225588,0.06308329,0.18930043,-0.11379136,0.07192946
0.05425182,0.14479766,0.31837578,-0.10546453,-0.03745822,0.10171462,0.27475902,-0.06254341,0.14138674,-0.01619192,0.22071764,-0.18184227
0.01856055,0.13910908,0.35502353,-0.02762837,-0.048025,0.12703633,0.37595097,-0.11677456,0.17312459,0.08582598,0.23980574,-0.11367758
-0.01748438,0.11922656,0.23251211,-0.0834542,0.08806641,-0.23394258,0.23142868,-0.0254001,0.13915953,0.07653917,0.00631401,-0.05164561
0.04905882,-0.03796765,0.30237941,0.06180588,-0.00507803,-0.11827734,0.17442727,0.06715428,0.10620606,0.08994813,-0.21285856,0.10339661
-0.09718616,0.25814014,0.24774014,-0.25629533,-0.00784446,-0.06448106,0.29260503,-0.00682488,0.23197776,-0.02911691,0.14823162,-0.18159694
0.01474965,0.13517751,0.30957881,-0.08124507,-0.02574749,0.00732803,0.33426626,-0.04811384,0.19584924,-0.03879373,0.1953777,-0.19246547
0.02536316,-0.21048393,0.01560665,-0.00278338,-0.06804349,-0.05074737,0.11433026,-0.09180335,0.13087909,-0.11767702,-0.12508669,-0.07890831
-0.01290952,0.02142222,0.09554082,0.00841111,0.05076667,0.04779524,0.040638,0.11518381,-0.014212,0.01873762,0.26022714,-0.17630571
-0.29696011,-0.0120723,-0.10105208,-0.04385845,0.19388338,0.10460499,0.48439524,0.23636693,0.71591308,-0.17599098,-0.59393512,0.43959469
-0.31788421,0.02073573,-0.08634044,-0.04304986,0.09615956,0.15645263,0.50727975,0.09242858,0.68945957,-0.07961691,-0.5844144,0.34630677
-0.30683075,0.12849058,-0.07390609,-0.11187812,0.20400443,0.06679668,0.486844,0.17364137,0.63183113,-0.05790611,-0.38377969,0.32768219
-0.40514321,0.14533906,-0.10281856,-0.05951967,0.03161773,0.27767285,0.48401323,-0.06184523,0.62376236,0.04813361,-0.54972125,0.39192981
-0.05952022,0.04251579,-0.05045291,-0.06275263,0.1631651,-0.09117064,0.32702995,0.07309475,0.31575685,0.2534293,-0.3121801,0.30285532
-0.25631191,-0.01684571,-0.1425759,-0.07552022,0.12687147,0.29143878,0.37067316,0.51014421,0.62630182,-0.29960055,-0.62284497,0.46956553
-0.31257895,-0.01640111,-0.09345623,-0.02293407,0.07234903,0.14683684,0.47259086,0.15296191,0.64522068,0.10319975,-0.51683107,0.50497344
-0.23543075,-0.03256205,-0.03940609,0.03812188,0.13609391,0.19769668,0.427744,0.09714137,0.60962002,-0.00608944,-0.26175746,0.12697108
-0.1703867,0.08534266,0.03469612,-0.13921828,0.21333712,0.06969224,0.42343062,0.04133303,0.55814583,0.11095548,-0.38292282,0.27024992
-0.29550582,0.02053352,-0.10166288,-0.04151994,0.21390305,0.09903712,0.50028529,0.17105893,0.68248587,-0.04801253,-0.50383113,0.37875853
-0.3165723,0.05861524,-0.11283712,-0.08191911,0.21106537,0.10471247,0.47804845,0.21125629,0.67069084,-0.09065609,-0.50682645,0.38474917
-0.25779141,-0.2250867,-0.1784144,0.15043934,0.46522659,-0.16920277,0.42039354,0.18559023,0.57142979,0.00996211,-0.22770509,0.06799691
-0.28528587,0.00566066,-0.09226399,-0.00247839,0.20291496,0.13327756,0.52318413,0.14095928,0.70811396,-0.02719183,-0.538853,0.39955642
-0.12728643,0.35016731,-0.09450665,-0.25982465,0.15601108,0.07860499,0.35796848,0.27547641,0.62114041,-0.24846066,-0.67793178,0.72064957
-0.29767008,-0.00686039,-0.12510609,0.02256371,0.26228338,0.08850388,0.47457858,0.19170372,0.66868062,-0.04721405,-0.48162522,0.33340642
-0.35880693,0.6330374,-0.04163546,-0.39633934,0.28646288,-0.06064571,0.41344758,-0.06085115,0.35208413,0.07778867,-0.12334648,0.01182084
-0.28736676,-0.09459003,-0.12790111,0.11457978,0.17454571,0.0824831,0.51648369,0.14187699,0.69004626,-0.00525599,-0.4995119,0.35852091
0.02724104,0.04757438,0.01538571,-0.00543152,0.17170476,-0.06254558,0.0096128,0.02261854,-0.02446125,-0.07037211,0.09498473,-0.11206973
0.10651468,0.0426072,0.15394958,0.02790748,-0.22499889,0.25005651,-0.04563267,-0.22759338,0.05971908,0.22121245,0.29098761,-0.3203817
0.1935338,-0.23790609,0.0025687,0.05195817,-0.06274681,0.06782133,0.14072644,-0.32724215,0.31605773,0.17275411,-0.44591291,0.36855411
-0.29312562,-0.41600909,-0.12458017,0.53293636,0.59908182,-0.07540909,0.48919926,-0.09688364,0.8390738,0.39967636,-0.66383273,0.41329727
-0.22592426,-0.24746686,-0.02889882,0.38573964,0.37567515,0.0847432,0.61435281,-0.10796736,0.7731682,0.35089901,-0.5583071,0.35616568
-0.37959289,-0.06524133,-0.15590178,0.16991467,0.30743022,0.10153422,0.66584727,0.15115641,0.87471679,0.03122168,-0.58365406,0.43110025
0.04598532,-0.05191496,0.06319695,0.04068532,-0.11694931,0.06732327,-0.05825608,0.05275886,-0.01956602,-0.03498438,0.0089115,-0.02009988
0.61792271,-0.46029114,0.10546371,0.5426205,0.62407341,-0.2359108,0.33051091,-0.15483396,0.72870945,0.29198624,-0.45511613,0.65743361
-0.04571274,0.09333158,0.3834662,-0.14957895,-0.02867368,0.04797368,0.26289812,-0.05297105,0.03205923,0.06593977,0.14306228,-0.14104357
0.55482992,-0.12319695,0.31007922,0.43495291,0.28581911,-0.12576066,0.08621904,0.0353147,0.50235295,-0.15479098,-0.27359261,0.4712365
-0.52077506,-0.17569819,-0.45355941,0.25499342,-0.30263673,0.2185102,-0.25345475,0.05137085,-0.33752808,-0.03472371,-0.05607844,-0.02497942
-0.32666159,-0.05615917,-0.14505606,0.14632699,0.22792561,0.12370311,0.58096023,0.16281916,0.77399773,0.02630361,-0.5899676,0.41129001
0.22221136,0.32245596,0.03932632,-0.25758199,-0.5277,0.16121773,0.61842235,-0.23452735,0.44919457,0.24300799,0.13545979,-0.25137652
-0.01147895,0.17878283,0.06848061,-0.26482355,-0.12154792,-0.0544,0.56340665,-0.1294876,0.43576454,0.10067753,0.22560451,-0.35760083
0.44975734,0.05473573,0.28936288,0.00699391,-0.07067922,0.01094958,-0.15193901,-0.01380188,-0.16101737,0.0299733,0.11386508,-0.14031354
0.1169687,0.02877839,0.11616233,0.00320997,0.13546177,-0.14888199,0.58340846,-0.23040392,0.59592835,0.10968994,-0.37487527,0.3045373
-0.6736585,-0.30222517,-0.56899048,0.21685351,-0.58392381,0.51538231,-0.7782067,-0.28069061,-0.76653694,0.20373789,-0.46060776,0.36288361
0.07704628,-0.08796446,0.06533719,-0.07140744,-0.28769669,0.00052066,0.00399901,-0.12866397,0.12027355,0.09486793,-0.01856306,0.00588248
0.090245,0.05769375,0.005894,-0.0815075,-0.002286,0.11334,0.0916005,-0.08367489,-0.01329687,0.02170179,0.26363011,-0.25911453
0.08144535,0.0511195,-0.00016848,-0.06641043,-0.00746712,0.12001542,0.10826251,-0.06004348,0.00027798,-0.01771066,0.2524339,-0.25565018
0.08233657,0.10002105,0.0005964,-0.10492105,-0.10009058,0.19210277,-0.01663683,-0.17597701,-0.13523273,0.04977645,0.16097065,-0.20721214
0.27619583,-0.55845694,-0.04215833,0.66168333,-0.25246042,0.37482292,-0.63563939,0.15338699,-0.27488939,-0.29084015,0.27505366,-0.39672424
0.29484793,-0.61916033,-0.06050992,0.73709587,-0.19536777,0.35422314,-0.65097975,0.17910033,-0.22314521,-0.32500132,-0.13880785,-0.01018769
0.19974,-0.679692,-0.15247,0.809885,-0.34709,0.51711,-0.65793444,0.08451978,-0.25655,-0.28441389,-0.16748022,-0.07762167
0.29360714,-0.57522449,-0.00633418,0.70216633,-0.25632296,0.40222143,-0.57325365,0.24957947,-0.27382178,-0.32457743,0.28672947,-0.38879996
0.36495867,-0.64266582,0.02678316,0.71139235,-0.18576837,0.35113367,-0.61745726,0.31762245,-0.24024188,-0.35559765,0.22124937,-0.32112457
-0.04738519,-0.23498889,-0.09422593,0.39156667,-0.38831728,0.56525062,-0.04118056,0.15349074,0.24454444,-0.37668843,-0.22553981,-0.04496898
-0.09415571,-0.00740035,0.47803979,0.32346678,0.03787924,0.33960208,0.65586497,-0.0318917,0.4563271,-0.16535277,-0.24764942,-0.25153328
-0.00830865,0.10753633,0.60843287,0.0373872,-0.11465779,0.49892318,0.48519855,-0.08895143,0.20939892,0.04687606,-0.33614996,-0.10701843
-0.08461038,-0.01238754,0.49007716,0.35705502,0.02326471,0.38343529,0.63608467,-0.02092574,0.42626151,-0.21188346,-0.21596912,-0.30230735
-0.10446886,-0.03627405,0.3716301,0.27951972,0.14998685,0.20061384,0.74780701,-0.0470596,0.59169487,-0.01861821,-0.35527615,-0.08311122
-0.10796194,-0.04428789,0.35759031,0.27951972,0.16694879,0.20061384,0.76318687,-0.04645169,0.60813356,-0.01861821,-0.35903036,-0.08311122
-0.06311834,0.04243599,0.55247716,0.25180934,-0.05404602,0.37514187,0.56939332,-0.05332418,0.3492878,-0.10513008,-0.26578521,-0.20726574
-0.1344782,-0.04357093,0.37041176,0.26027647,0.16940865,0.25355363,0.78664007,-0.04810722,0.61431544,-0.07059743,-0.33081531,-0.14792978
-0.11925606,-0.02002318,0.38767855,0.27951972,0.14612526,0.20061384,0.76318687,-0.05085794,0.60813356,-0.01861821,-0.34618661,-0.08311122
-0.14264083,0.00317128,0.42600381,0.2240526,0.11575294,0.22373529,0.76517541,-0.0688239,0.59678019,-0.02061618,-0.34365478,-0.09661324
-0.12274913,-0.02803702,0.37363875,0.27951972,0.1630872,0.20061384,0.77856674,-0.05025002,0.62457225,-0.01861821,-0.34994083,-0.08311122
-0.14621696,-0.00459862,0.41188097,0.2240526,0.13295882,0.22373529,0.78046185,-0.06794154,0.61312545,-0.02061618,-0.34713456,-0.09661324
-0.11721745,0.05737812,0.36371884,0.14390693,0.16085512,0.16049889,0.65572021,-0.01740829,0.51264594,-0.01080505,-0.33566794,0.11561191
-0.12022407,-0.01481944,0.38138333,0.1959963,0.17838889,0.17635,0.7033037,-0.0636451,0.55136808,0.01233791,-0.3901402,0.14093856
-0.11221389,0.08168333,0.34788704,0.12135802,0.11208611,0.2111713,0.71397451,-0.10743676,0.5805719,0.04668584,-0.35124363,-0.09108344
-0.07404681,0.04048393,0.3273169,0.10527978,0.08670111,0.27309834,0.84269409,-0.29321907,0.59165813,0.22944668,-0.32977842,-0.08939982
0.40756471,-0.26097059,0.76235606,0.50571142,-0.31137647,0.3692,0.29425147,0.05835,-0.04333382,-0.22067243,0.45388125,-0.60816949
-0.26246213,0.10551006,0.25501716,0.14359586,0.18969231,0.37841538,0.82058743,0.14550321,0.9787714,-0.14704936,-0.52536795,-0.09189359
0.41003841,0.11937059,-0.12777059,0.22373529,-0.01332353,0.2240526,0.58795984,-0.35398253,0.76163153,-0.10160755,-0.07047076,-0.01636343
0.29946678,-0.30314118,0.2993,0.35234706,0.24141176,-0.17231661,0.91464572,-0.35182686,0.53550528,0.26205779,-0.11212024,-0.4139731
-0.12062353,-0.15023529,0.49183841,0.44045848,-0.38664706,0.30697059,0.79613162,-0.567625,0.52338015,0.28985735,-0.1528375,0.56255919
-0.18446471,0.04466471,0.31050934,0.30152491,-0.02090138,0.43945398,0.58700294,-0.01479743,0.44361581,-0.0217583,-0.37784007,-0.05694728
-0.16642941,0.01348235,0.26053287,0.34265433,0.08056332,0.45438339,0.58340294,-0.00422243,0.49819706,-0.08432705,-0.36784632,-0.05304728
0.26503529,-0.12472941,0.29036436,0.59158201,0.14304325,0.10717855,0.35960441,0.02553603,0.47330515,-0.36440612,-0.42896838,-0.0426745
0.01790138,0.03193772,0.33728443,0.34856367,-0.09649446,0.59072111,0.49284526,-0.24829351,-0.15591724,-0.00702232,0.38477156,-0.66447342
-0.18095398,-0.00606886,0.26597128,0.34414533,0.04982941,0.40795882,0.61787407,-0.06065184,0.50729466,-0.04982316,-0.38651654,-0.04158971
-0.13582076,-0.04220761,0.38709619,0.2480308,0.16510865,0.15116332,0.78937731,-0.0540099,0.68914276,-0.00198737,-0.45734888,0.01623653
-0.2718526,0.09978478,0.4144346,0.13182872,0.100209,0.33043322,0.95433735,0.15112881,1.07457632,-0.33912042,-0.5190109,0.07001672
-0.1081481,0.03635087,0.325809,0.17766955,0.09531972,0.24575848,0.85732031,0.01515471,0.87891663,-0.23791713,-0.39719676,0.12019795
0.1126737,-0.15407543,0.25801315,0.28175779,0.13315744,0.08474429,0.61369598,-0.15205737,0.41726914,0.12547098,-0.14629267,-0.01788564
-0.09881073,0.03130761,0.42399343,0.22461834,0.15167266,0.22490934,0.79241337,-0.04699377,0.61773579,-0.01910398,-0.33531179,-0.09488927
0.65967128,-0.39589585,0.19135536,0.32892249,0.34432111,-0.21353806,0.8144681,-0.06314715,0.81296075,-0.08018785,0.13036793,-0.10763821
0.30417128,-0.27957647,0.59563391,0.1254,0.21646021,-0.00803806,0.6870806,0.24019219,0.85666295,-0.15721799,-0.21802803,-0.03400071
0.41922699,-0.37628131,0.34338062,0.2712173,0.22065882,-0.07454706,0.95066109,0.10669375,0.97612654,-0.226275,-0.04911507,-0.18636581
0.22535295,0.14585171,0.280738,-0.18057503,0.10759355,-0.17365158,0.19600126,0.10183118,0.31994741,-0.09825043,-0.18946882,0.03504572
0.10416132,-0.10628477,0.17442058,0.01609369,-0.01224033,-0.09656557,-0.03144191,-0.01622286,0.09349712,-0.07231432,-0.26660206,0.00703768
0.1802351,-0.02696367,0.202148,-0.06393657,0.00776122,-0.11171673,-0.04455891,0.01596795,0.04387261,-0.06396605,-0.20040684,-0.00628151
0.1887698,-0.02676286,0.19379029,-0.06358343,-0.02991224,-0.04406367,-0.04252319,0.01601585,0.09541025,-0.0661437,-0.20034718,-0.00638866
0.13121176,-0.02538041,0.23532531,-0.06450939,0.06347796,-0.08720188,0.0406216,0.06006846,0.18034614,-0.08726384,-0.16353835,-0.02405695
0.03687233,0.09513396,0.11954947,0.00882988,0.0943311,-0.05395869,0.15588414,-0.01886572,0.40352456,-0.04091626,0.0256515,0.06160256
0.48712778,0.68132222,0.40627222,-0.41909444,0.0918,-0.006875,-0.00034889,-0.39354667,-0.04523556,0.18058333,0.25383333,-0.10108667
-0.080024,0.265572,0.160544,-0.621752,0.548504,-1.015236,0.449394,-0.408156,0.051424,0.578976,0.719049,-1.027124
0.32988,-0.21118,-0.552422,0.264976,0.042258,-0.409602,0.12470444,0.41519333,0.17285111,-0.201776,0.23929556,-0.16575156
-0.13574592,0.04101276,0.00708393,-0.09808827,-0.16675804,0.09833214,-0.21124991,0.01482586,-0.06873245,-0.03289888,-0.04777454,-0.00677546
0.01504388,0.21183061,0.06104082,-0.02892449,0.26900306,-0.19011378,-0.02077504,0.06625761,0.17319639,-0.12952406,-0.22690612,0.20363199
-0.05411,-0.083526,0.06695467,0.02557133,0.094866,-0.07815667,-0.08360455,0.06264331,-0.00436662,-0.09999867,-0.0328429,0.00868639
-0.1226931,0.0779069,0.01409453,-0.13143924,-0.19541451,0.06715315,-0.13685234,0.10354581,0.00865271,-0.10739765,-0.10060493,0.03442477
-0.11628512,-0.25162145,-0.22234498,0.18527093,0.12212042,-0.13291107,-0.02699464,-0.40901282,-0.1966417,0.28630638,-0.0326279,-0.05635686
-0.10284225,-0.19125625,0.0006565,0.21167375,0.034435,-0.000915,0.00795925,-0.11824421,-0.06993338,-0.12281474,0.1312,-0.10566842
-0.0776867,0.16318393,-0.18121108,0.15747008,0.23220111,0.15515956,-0.10564401,0.2092623,0.07886037,-0.30075477,-0.13658536,0.01062301
-0.05259429,-0.16389371,-0.19535184,0.24767682,-0.04071837,0.06012531,0.21114788,0.06208176,0.08262259,0.02097267,-0.02795176,0.06339687
-0.19707176,0.00807086,-0.07592327,-0.02849714,0.32641518,-0.36384833,0.51144896,0.31819596,0.65540753,-0.50698012,0.40609436,-0.51920331
-0.04672947,-0.07979184,-0.15493486,0.16089918,-0.08124171,0.17138465,0.20841308,0.02954571,0.16101829,-0.07466121,-0.16975228,0.14479325
1.03747407,-0.25677407,0.98152593,0.0868321,-0.11382963,0.10367531,-0.2192412,-0.3488787,-0.78771481,0.24559198,1.09953935,-1.00853025
0.28391667,0.0376625,0.42312431,0.07669792,0.32906875,-0.18057917,1.03007184,0.53452689,1.52329836,-0.46233542,-0.05194659,0.05884489
-0.03203241,-0.03799003,0.15269917,0.09604543,-0.22296898,0.01769806,0.3380982,0.03762716,0.10160756,0.00641159,-0.07168015,-0.11934046
-0.12000347,-0.10508542,-0.20126543,0.08795926,-0.16499992,-0.02249205,-0.06967024,-0.10031113,-0.05698063,0.10665414,0.00468014,0.09819216
-0.07054118,0.3536,0.1227218,-0.21043737,0.02927958,0.0407827,0.68019118,-0.02065662,0.86798603,-0.07653114,-0.00191985,0.04394165
-0.27274637,0.14357197,-0.04252976,-0.15199377,-0.27835017,0.16765156,0.8324591,0.73897238,1.08341719,-0.52676453,0.37039297,-0.07309946
0.12845156,0.04529375,0.11452891,0.07751875,-0.07513438,0.14104062,1.02684234,0.44761854,1.33197943,-0.33781969,0.23725771,-0.21396677
-0.14389798,-0.03776528,-0.03281034,-0.03582105,-0.28325172,0.18356825,-0.19790556,0.01611532,-0.03005556,-0.03811614,-0.11131153,-0.00840087
0.07367647,0.373809,0.08288201,-0.18520969,0.37448097,-0.31423529,0.72935852,-0.25434606,0.61270815,0.19504245,0.21745982,-0.16096306
-0.01963529,-0.14376125,-0.08301661,0.17654048,0.34255294,-0.30062353,0.84449978,0.03941397,0.77820567,-0.02894779,0.68606029,-0.43212206
0.07367647,0.373809,0.08288201,-0.18520969,0.37448097,-0.31423529,0.72935852,-0.25434606,0.61270815,0.19504245,0.21745982,-0.16096306
0.12787115,0.02593654,0.12081657,-0.03582825,0.06130355,-0.05608669,0.31897023,-0.15192831,0.30777854,-0.01234178,0.33333462,-0.37849454
0.1636682,-0.05831864,0.16458402,0.07391834,-0.13608432,0.17363432,0.34125405,-0.06487587,0.33786297,-0.01721704,0.19940382,-0.24389827
0.00757036,-0.02234958,0.31255568,0.14700803,-0.17000914,0.13450859,0.92999323,0.07191564,0.94769323,-0.11200376,-0.04858261,-0.12142539
0.17618449,-0.0200338,0.21984571,0.13105152,-0.05186593,0.04409058,1.04580229,0.32679174,1.14625288,-0.22809521,0.20745665,-0.20679287
0.28796787,-0.02199723,0.1155108,0.07415485,-0.05462327,0.03538144,0.90823287,0.323892,1.261701,-0.23008798,0.21193761,-0.17781547
0.30303633,-0.59310554,0.03120934,0.40807301,0.23136505,-0.20503045,0.10337448,0.03016068,0.36162742,0.11902589,-0.31282902,0.30689464
-0.1012478,0.07119679,-0.09821891,-0.0172396,-0.01479191,-0.02236659,-0.09266237,-0.02390566,0.06017113,-0.03862023,0.01986355,-0.05830791
-0.14711843,-0.05151926,-0.04169453,-0.0621679,-0.24245434,0.11224923,-0.16736578,-0.01569676,-0.01785063,-0.02844292,-0.07160649,0.00151422
-0.00843087,-0.18254515,-0.04714337,0.11827449,-0.13316684,0.0301037,-0.02579819,-0.09982089,-0.09980348,0.00418394,0.23224657,-0.08862215
-0.02529889,0.02778615,-0.14421662,0.19979778,0.23867175,-0.01004681,0.00781987,0.12306088,0.24990466,-0.20509314,-0.16384906,0.2482671
0.55509619,-0.09569896,0.60397059,0.0505692,0.17650588,-0.06947128,0.53259875,0.07123884,0.88705132,-0.10764725,-0.62837109,0.60583142
0.47593529,0.00588824,0.5470827,-0.06379965,0.06492699,0.04801142,0.83160368,0.17958676,1.09079044,-0.1657667,-0.48369559,0.44819103
0.02865528,-0.03140206,-0.14283909,-0.03236173,0.04409204,-0.00407997,0.05947012,-0.12716055,-0.04047262,0.03196991,0.18360099,-0.12171898
-0.16006562,0.12154766,0.16914258,-0.22313789,0.05659805,-0.05592656,0.26985568,0.12164891,0.22850443,-0.09449102,0.27612099,-0.09371477
0.23237107,-0.80759421,-0.10163306,0.92154215,0.62268017,-0.52925372,0.50376975,-0.14960306,0.44641884,0.15606785,0.24696058,-0.16950397
0.27107031,-0.37168281,-0.01381484,0.38746484,0.61997617,-0.72392695,0.15211063,-0.27798948,0.14992979,0.19491755,0.1601826,-0.10615161
0.2612648,-0.54295,-0.06740102,0.63978571,0.59603571,-0.63957143,0.31844192,-0.26011978,0.31321005,0.17360989,0.2580467,-0.20061758
0.02844429,0.30647958,0.07611834,-0.16121453,0.23880069,-0.268791,0.74275917,0.03734888,0.7397077,-0.03562171,0.43296064,-0.21057098
-0.21971903,0.0928692,-0.06312734,-0.1109827,-0.20244498,0.02926436,0.89013123,0.32742167,0.91959446,-0.22886977,0.44062093,-0.21232638
-0.17269467,-0.036786,-0.052236,-0.052623,-0.30638133,0.14705133,-0.19168834,0.00896186,-0.01540972,-0.03146148,-0.17282297,0.05704197
-0.04422414,0.0996503,-0.08835113,-0.05527027,0.0658912,-0.09825862,-0.03641928,-0.00626823,0.05868762,-0.03086028,-0.10257119,0.0086832
0.07065882,0.39236194,0.04921142,-0.13345675,0.47231626,-0.28977647,0.57952837,-0.21991812,0.77971109,-0.04159725,0.02497158,0.03265238
-0.004472,0.636484,0.075016,-0.693592,0.91808,-1.40952,-0.166213,-0.174935,0.154717,0.482655,-0.53432,0.44761
-0.27726,0.61056,-0.027888,-0.702336,-0.138076,-0.378788,-0.289425,0.756375,0.073935,-0.190592,-0.234305,0.465198
-0.315884,1.154944,0.054984,-1.303776,0.281264,-0.361964,0.144399,-0.546441,0.337854,1.056899,-0.606061,0.848174
-0.06008,0.38776,0.061088,-0.275,0.645728,-0.76146,1e-05,-0.46109,0.03736,0.709776,-0.30409,0.299756
0.12878,-0.03824,0.24656,0.5314,0.43652,-0.358204,0.35911,-1.27109,0.1864,1.357776,-0.343075,0.374901
0.09186,0.3409,0.47504,-0.186296,0.1788,-0.437036,0.28891,-0.55019,0.37,0.781056,-0.3911,0.360211
-0.00612,0.2273,0.012704,0.028744,0.700304,-0.646244,0.10261,-0.76619,-0.00152,0.953856,-0.29392,0.321226
0.35598,0.43036,1.031456,-0.35564,-0.448824,0.126916,0.79111,-0.38009,0.81712,0.644976,-0.508055,0.465301
0.0166,0.16056,-0.097504,0.15508,0.824616,-0.597732,0.14581,-0.89309,-0.09008,1.055376,-0.270755,0.330266
-0.12824,0.57094,0.160544,-0.621752,0.533544,-0.906996,-0.12959,-0.11279,0.11728,0.431136,-0.324995,0.272636
-0.04446,0.46302,0.303008,-0.417464,0.372848,-0.728108,0.02971,-0.31799,0.23176,0.595296,-0.35494,0.305971
-0.20828963,0.01232204,-0.21165657,0.09599429,-0.11614743,0.22969861,0.10448514,0.10009366,0.1282885,-0.15375892,-0.26397273,0.23668939
0.41546356,0.59243867,0.42959911,-0.387496,0.6908,-0.51106,0.11919549,-0.71956,0.16852121,0.40982286,-0.41865238,0.28009762
-0.13314102,0.20588193,0.05156801,-0.1713126,0.01748668,-0.06754162,-0.24947794,0.01822998,-0.0851644,-0.00949077,-0.1516098,0.24188903
-0.11457408,0.1789786,0.03704185,-0.16857122,0.04646873,-0.08271403,-0.24935228,0.00680976,-0.07962334,-0.01815863,-0.16052509,0.24030689
0.26310248,-0.0908562,0.49063388,-0.16285289,-0.4895686,0.3515405,-0.27187521,0.4232605,0.06078752,-0.2444014,0.4352305,-0.31192595
0.48211875,-0.28517778,0.60629444,-0.01398889,-0.30978194,0.17889375,-0.33201831,0.43702494,-0.0241524,-0.28891301,0.33891812,-0.21722891
0.33139349,-0.16801893,0.44440888,-0.11251361,-0.20171243,0.07824852,-0.0120068,0.19409581,0.17052973,-0.12209181,0.44639773,-0.33814502
0.14808519,-0.26983457,-0.31631852,0.08889259,-0.05620988,-0.26534074,0.29530741,0.11460849,0.35070046,0.24608426,0.11586404,0.03296898
-0.12144044,0.18483352,-0.18315817,-0.02240997,0.27149446,-0.05958975,0.09616413,0.04612319,0.10225389,-0.20849972,-0.13712184,0.038707
-0.20712632,0.03115789,0.03789446,0.06220942,-0.15744488,0.2480241,0.05941988,-0.10330117,0.30508743,0.00576128,0.1412076,-0.09689486
-0.05857784,0.10248449,-0.00417756,-0.09533795,-0.17371053,0.22888421,0.15498252,-0.07060819,0.19677287,0.02842164,0.10126228,-0.09456579
0.06179834,0.0885892,-0.04120803,-0.04205042,0.05606537,0.05206094,0.15994201,-0.06743186,0.22476862,0.04465046,-0.00181782,-0.05338989
-0.04086953,0.25603463,-0.11272271,-0.14874072,0.16838199,-0.09831662,0.16852421,-0.12078566,0.22742713,0.10912188,-0.02251197,0.00727919
-0.16269474,0.28101745,-0.06013684,-0.24514211,-0.11016981,0.10427368,0.14186842,-0.02025725,0.29375643,-0.00125643,-0.15656953,0.06286491
0.07928338,0.01936371,-0.05153823,0.02163989,0.07807202,0.04633241,0.13655639,-0.0226628,0.22712013,0.03133163,0.00333281,-0.0688482
-0.15528421,0.22836676,-0.05514737,-0.19356316,-0.1555205,0.15596842,0.1482769,-0.00716291,0.26164766,0.01590848,-0.07825092,0.02324415
-0.01797895,0.1858108,-0.11309474,-0.10363158,0.15078255,-0.09857895,0.23622515,-0.27422288,0.30569474,0.14256316,0.07861747,-0.10246842
-0.01222564,0.09637594,-0.09772623,0.02951532,0.28496844,-0.19939487,0.19840611,-0.20980114,0.29326927,0.07674825,0.05378732,-0.08778603
-0.03077452,0.20369058,0.0379144,-0.15586233,0.20818172,-0.14605402,0.1212982,-0.18621745,0.21890083,0.25488296,0.04566033,-0.0966492
-0.12311911,0.16898061,-0.09733767,-0.24848892,-0.06132105,0.01131579,0.23298753,-0.16081404,0.34513256,0.15405643,-0.02862456,-0.0553693
-0.02983019,0.15962105,-0.1469651,-0.10325263,0.15515928,-0.12406066,0.2358609,-0.24221183,0.30422581,0.12190423,0.10164898,-0.11138232
-0.14475845,0.19625263,-0.08748227,-0.21017368,-0.11174377,0.06800997,0.21888506,-0.09390703,0.35246283,0.03994851,0.05712338,-0.07439067
0.06847368,0.07446842,0.0359651,0.01290776,0.23803934,-0.16144238,0.13414386,-0.17459678,0.21990994,0.03191811,0.15787865,-0.21641522
0.06732355,0.01742881,-0.00425983,0.07749695,0.17982936,-0.13384709,0.11841681,-0.02244044,0.16488259,-0.01554092,0.08077944,-0.18102747
-0.17273352,-0.0718651,0.12164072,0.21118753,-0.13569529,0.16391607,0.00935018,0.01384329,0.29051305,-0.19419326,0.22191551,-0.19091285
0.00989861,0.06303795,-0.06232632,0.05066233,0.21921579,-0.1578795,0.18132712,-0.18925103,0.26569437,0.06166956,0.15224341,-0.19830734
-0.05126704,0.05144848,0.09646565,-0.06938199,-0.16006981,0.17097507,0.08534569,0.07041305,0.19406236,-0.14426133,0.13106422,-0.1218701
0.06326898,0.02934737,0.0664108,0.00541053,0.07765402,0.01031468,0.09529214,0.03293729,0.19561407,-0.12734655,0.06211477,-0.11945035
0.198741,0.06333186,0.28519391,-0.08000942,-0.02913906,0.01980748,-0.08614831,-0.01257219,-0.11101819,0.04808375,-0.08758389,-0.00281391
-0.06312008,-0.10015731,-0.17324914,0.10104514,-0.06258498,-0.01315167,0.03108904,0.05409014,0.00730618,-0.04314674,-0.06394129,0.01874771
-0.04749421,-0.12068565,0.04190571,0.11185123,0.15537971,-0.2300902,0.59186721,0.25705154,0.79028134,-0.18046201,0.01794075,-0.05453646
0.27542976,-0.07130865,0.1628436,0.17897474,0.12785017,-0.02909689,0.20682846,0.25022336,0.21997478,-0.06404386,0.04858696,0.1577282
-0.0011281,-0.06682066,0.10011818,-0.0842,-0.41763388,0.21491322,0.09473636,0.02180388,0.12655364,-0.09068818,-0.30807884,0.19909818
0.44450864,-0.09636914,0.54965185,-0.08034074,0.04658765,-0.00690617,0.02992176,0.31470633,0.03528981,-0.01770046,0.72299383,-0.47641435
-0.02013518,-0.07502596,-0.08866669,0.1465791,-0.09551339,0.19266008,0.0971919,0.06733314,0.08807711,-0.12830979,-0.17284031,0.13753819
-0.34732901,-0.2485821,-0.28621084,0.15171351,-0.08082647,0.0452906,-0.18244178,-0.25952777,-0.02364506,0.13031671,-0.13143566,0.19369875
-0.20343341,0.0252931,-0.06461141,-0.06606207,-0.14785589,0.05837765,-0.11457245,-0.03122654,0.00106573,0.00306172,-0.07496964,0.0513951
-0.13922457,-0.06852571,-0.1755449,0.12448857,-0.07460898,0.20898629,0.08681891,0.130319,0.05266144,-0.17417352,-0.2166768,0.23101152
-0.15470114,-0.068576,-0.24375453,0.14022824,-0.07689208,0.21461012,0.08107146,0.11974155,0.05479474,-0.17476736,-0.2310456,0.24368004
-0.05849184,-0.06915788,-0.14056327,0.1471849,-0.14364931,0.07599633,0.11479545,0.00133334,0.06477982,0.09615443,-0.17574439,0.21685409
-0.01824237,-0.11926008,-0.13918041,0.14933102,-0.15286416,0.08748498,0.04198637,0.08369973,0.01973831,-0.0262812,-0.12233187,0.08773283
-0.09606316,0.16376482,-0.21544211,0.1395,0.28471745,-0.02910526,-0.05491813,0.20185009,0.1562269,-0.27494094,-0.18923792,0.25448363
-0.51498846,-0.53939615,-0.58642692,0.3981324,-0.49699231,0.42135769,-0.84898046,-0.01876723,-0.79155169,0.11169686,-0.43232585,0.31984947
-0.52710089,-0.46177367,-0.57114438,0.34160917,-0.4904287,0.39648047,-0.83130085,-0.02542161,-0.81051624,0.10993387,-0.3459053,0.27408956
-0.10868393,0.43890194,-0.33204211,-0.02362327,0.19543158,0.07274377,0.49447673,-0.23291673,0.38326679,-0.16795277,-0.25700532,-0.04722441
0.5099,-0.23251243,0.51068402,-0.03227456,-0.25919053,0.20212308,0.05943107,0.12454014,-0.03023945,-0.03560917,0.36209655,-0.20249827
-0.15856171,0.02305698,-0.20497943,0.094268,-0.11835241,0.24368171,0.20713281,0.06167079,0.1602439,-0.15264818,-0.25883626,0.22591383
0.15418819,0.03299792,-0.03587292,0.15293588,0.19217014,-0.09942245,0.39222744,-0.25170054,0.21602903,0.12286539,-0.0634622,-0.1088258
0.088615,0.225442,0.107937,-0.153454,-0.181042,0.22197,0.71079478,0.423178,0.82947033,-0.27476156,0.15279244,-0.18255822
-0.16057305,-0.05323564,-0.44353711,0.05779668,-0.0350127,-0.08344414,0.04629296,0.10443401,-0.02517145,-0.04064485,0.23454853,-0.28222015
-0.20000208,-0.50199758,-0.29170796,0.29694637,0.36106713,-0.32937716,0.10490906,0.31991743,0.09319656,-0.18844012,0.06122368,-0.08324637
-0.15818421,0.48364571,-0.23007368,-0.20902244,0.51792632,-0.14782105,-0.09522608,0.00021625,-0.15231702,-0.17604494,-0.35891416,0.11576647
0.02177036,0.40637285,-0.24141053,-0.00947535,0.26172632,-0.00180277,0.48437685,-0.19391647,0.35751604,-0.13757445,-0.27102378,-0.05348469
-0.20301339,-0.11011684,-0.5184852,0.09934337,-0.05630319,-0.08526518,0.01014085,0.03093041,-0.06199565,0.00861198,0.24112393,-0.30744146
0.0475196,-0.02154379,-0.02946241,0.03029466,-0.08124487,0.0234317,-0.10136615,-0.00474191,-0.01086435,0.00657713,0.01568201,0.03124683
0.1325835,-0.14679825,0.3145735,0.2152985,0.38466025,-0.2991795,0.81893497,0.42083759,1.07688155,-0.39670692,0.09122759,-0.22955087
-0.04893314,-0.07149331,-0.17013527,0.0797542,-0.1122262,0.017384,0.03337952,0.03973237,0.01495952,-0.04268021,-0.11032259,0.05080172
-0.01255124,0.06318099,-0.02296942,-0.05223884,-0.09359752,0.03438017,0.46056248,0.44485686,0.52323884,-0.18369124,0.27533504,-0.06851851
-0.32113426,0.36594913,-0.01918478,-0.25675502,-0.07101557,0.0294782,-0.0476713,0.34568979,0.05413568,-0.19938648,0.01487435,0.05967565
0.576944,0.22083,0.570404,-0.42863,0.01279,0.11899,0.54145156,-0.12594111,0.14716267,0.27237444,0.63487111,-0.34112111
0.73454583,-0.43595486,0.31603819,0.55318403,0.04808958,-0.09715417,0.00133756,0.75344375,0.63430196,-0.70265852,-0.07513277,-0.07718883
-0.11756759,-0.066325,-0.20138233,0.08662361,-0.1630027,-0.02560586,-0.10010526,0.00779696,-0.0328582,0.04765484,0.03082307,0.09718706
-0.15757396,0.29844626,-0.2094349,-0.05160499,0.34260886,-0.06874931,0.08341091,0.00225297,0.08463489,-0.16856514,-0.19701223,0.08840971
-0.07117331,-0.07551665,-0.1717391,0.08850008,-0.09786882,0.00706645,0.0680249,0.04949075,0.05620221,-0.05191861,-0.17166186,0.0946166
-0.12992057,-0.057512,-0.20543265,0.11308408,-0.07883576,0.2002222,0.20793874,0.08579037,0.1645416,-0.14607881,-0.20906467,0.22259547
-0.12203935,0.10487056,-0.07017204,-0.13429482,-0.23604053,0.0865787,-0.11381401,0.20477647,0.10616799,-0.19317953,-0.11214307,0.03269693
-0.00274629,-0.12476571,-0.15493486,0.16089918,-0.08204571,0.17316776,0.22752553,0.02862706,0.19421645,0.01760309,-0.17652899,0.14981855
-0.18280194,0.46323712,-0.48732798,-0.06065762,0.43577258,0.10719169,-0.07197792,0.19618938,0.08060893,-0.58236647,-0.72077933,0.34764581
0.05091235,0.09059414,0.01196451,-0.17234877,0.0681929,-0.09240432,0.29690109,0.11893774,0.47658078,-0.29352748,-0.27524035,0.14971665
-0.03312099,0.08980062,-0.06598549,-0.09367469,0.16986906,-0.12375525,0.49101284,0.17732602,0.58943252,-0.50191679,0.27335221,-0.3351079
-0.12132249,-0.20438979,-0.22960433,0.21432465,-0.0663981,0.16470606,0.19792022,-0.05026191,0.16179803,-0.05922035,-0.3398341,0.30326352
-0.13024671,-0.06278789,-0.20207621,0.13733356,-0.06027137,0.16077872,0.21639743,0.08891948,0.17774288,-0.14806451,-0.197252,0.20750501
-0.10671812,-0.05568196,-0.12962376,0.12047722,-0.05145069,0.15105127,0.15969014,0.06734565,0.1213572,-0.12845444,-0.20906048,0.2131627
-0.12885257,-0.07471257,-0.21345771,0.15833894,-0.10733714,0.20775184,0.10378582,0.11152126,0.11138245,-0.16072693,-0.26266454,0.235104
0.00405402,-0.07080665,-0.14896704,0.19255817,0.22110914,-0.05657341,0.04680183,0.0765122,0.24068926,-0.24360612,-0.12318429,0.13694124
-0.17994938,0.12606296,-0.15505556,-0.10836667,0.13248272,-0.11830617,0.22094167,0.29704506,0.36155972,-0.32192222,-0.04954522,0.16608333
0.13733516,-0.28595625,0.06674609,0.1842375,0.17753281,-0.02074219,0.03008969,0.18017479,0.01462802,0.00100438,0.23431479,-0.14552562
0.08443889,0.10579444,0.14109167,-0.18676667,-0.079175,-0.06015833,-0.04897,0.39606333,0.08229,-0.344185,0.11491,-0.119575
0.23017273,0.05622727,0.31817025,-0.08447686,-0.38250083,0.30031736,0.40162273,0.40711091,0.40388455,-0.18771983,0.66251818,-0.50363711
-0.01305041,0.67847025,0.23213636,-0.50780909,-0.48433223,0.40610826,0.68887909,0.1318062,0.62887455,-0.01948091,0.28735893,-0.07291182
0.18397025,0.05114132,0.22347521,-0.0134405,-0.29295372,0.3735719,0.31712959,0.72108835,0.36861959,-0.46048983,0.45380107,-0.43946711
0.2484405,-0.12248678,0.02387273,0.06008678,0.17830909,-0.30811901,0.69016033,0.23285298,0.51375851,-0.10869661,0.61010752,-0.34115752
0.1527875,0.12884531,0.2823375,-0.0560625,-0.07745469,0.0296125,0.48019107,0.42347254,0.37675179,-0.21067321,0.41833326,-0.24869821
0.1695719,0.13935868,0.21921736,0.04846694,0.12389587,-0.03598512,0.33742322,0.09709612,0.3534205,-0.04124438,-0.01016843,-0.03378711
0.06271157,0.37319669,0.39368678,-0.38508843,-0.41642149,0.32899669,0.63815281,0.37730934,0.52037826,-0.08268405,0.44413025,-0.27395496
0.0315562,0.31675124,0.16287107,-0.20033967,-0.23949421,0.21079421,0.52961174,0.58484074,0.48751174,-0.46886289,0.28353529,-0.23905835
0.08618595,0.20590826,0.19173719,-0.1457281,-0.27661653,0.24540826,0.63800446,0.36491347,0.62952446,-0.20019017,0.27748074,-0.23341289
-0.04390678,-0.04555935,-0.16492947,0.09496873,-0.08759518,0.00261902,0.20190021,0.0768808,0.05076442,-0.03224539,-0.10259743,0.06325797
0.0724138,-0.0547858,-0.07313404,0.09434841,-0.06967094,-0.01128482,0.09700394,0.06200251,0.15222462,-0.03172565,-0.11256824,0.08580897
-0.01084824,-0.23006784,-0.22912971,0.20239543,0.00608,-0.02263592,0.06968047,0.05634287,0.05573845,0.06723891,-0.20890948,0.25532059
-0.07988514,-0.08889845,-0.20487951,0.14552988,-0.09848971,0.03639371,0.06064079,0.03559173,0.01774357,0.0564265,-0.16052835,0.16234894
-0.1022311,0.00844073,-0.15029829,0.13541829,-0.20254571,0.13585837,0.10295047,-0.03910209,0.03174854,0.18730319,-0.14103982,0.19430706
-0.08054767,-0.02374531,-0.13761429,0.14723143,-0.18166514,0.11253167,0.11275437,-0.02682331,0.07415655,0.15785286,-0.19073751,0.22110387
-0.00801184,-0.1521751,-0.1833551,0.15900792,-0.04833388,-0.00791698,0.08156894,0.05048582,0.01463222,-0.0267441,-0.05370964,0.04783708
-0.13469657,-0.07163927,-0.25730604,0.11616947,-0.08295339,0.00981371,-0.00308746,0.04848454,0.03159766,-0.01257208,-0.1311026,0.10413506
-0.03635657,-0.06965927,-0.26063747,0.1152609,-0.08452482,-0.011472,0.1015743,0.05061983,-0.04545528,-0.01219267,-0.1342026,0.08315859
-0.10227061,-0.07163265,-0.22079551,0.10715551,-0.08134,0.02145029,0.05520342,0.0490579,0.05979586,-0.02355143,-0.13125294,0.09156
-0.07554041,-0.08307429,-0.19924816,0.10407486,-0.09477306,-0.00288065,0.06700912,0.04618998,0.02230223,-0.02335735,-0.1417954,0.095865
-0.044528,-0.06701927,-0.19465176,0.1510209,-0.08319624,-0.01370057,0.00830665,0.04719336,0.06402707,-0.03185443,-0.13044966,0.10544977
-0.13632514,-0.07317641,-0.1636489,0.09360661,-0.08106767,0.007628,0.00157136,0.05149336,0.03554178,0.0281838,-0.13102319,0.10540565
-0.06310873,-0.06804343,-0.18906367,0.09906286,-0.07701069,-0.00843902,0.09611708,0.03981811,0.05150381,-0.01877115,-0.14158869,0.10074792
-0.02460571,-0.06643771,-0.25112751,0.11105176,-0.07888678,-0.01618531,0.1299804,0.04141901,-0.01695792,-0.00682353,-0.1438115,0.08880866
0.00708457,0.04428457,0.02908962,-0.05413039,-0.15300275,0.10413444,0.22579997,0.18285315,0.30351863,-0.09445596,-5.935e-05,0.01877075
0.0535845,-0.2282055,-0.006986,0.215499,0.14266225,-0.18709275,0.31053779,-0.20056161,0.16315989,0.16422837,-0.00359371,0.14332416
0.02203125,-0.29928819,-0.15921597,0.27669549,0.14921875,-0.18835104,0.37831348,-0.08775249,0.35631076,0.03780786,0.0737687,0.01785731
-0.37287111,-0.11634,-0.38748178,0.13741867,-0.039976,0.04272533,0.16344984,0.25149143,0.24010175,-0.19457257,-0.20137,0.11910886
-0.00583,-0.27818,0.115672,0.52983,-0.35469,0.30326,-0.10791222,-0.07763333,-0.45107333,0.43847222,-0.31112222,0.41513222
-0.07513889,0.18341667,0.26948611,-0.13941042,0.27184167,-0.24196042,1.29066843,-0.00084318,1.1978154,0.11951193,-0.03513561,-0.04885246
-0.00739524,0.33614603,0.13567846,-0.36286372,-0.03239546,-0.06386122,0.62039532,0.08643563,0.63146127,-0.10161298,0.18582087,-0.17786774
-0.04488549,0.50277685,0.12850926,-0.41965556,-0.17987963,0.24473981,0.54023061,0.17028012,0.66988715,-0.12167124,0.25707391,-0.10522712
0.22830278,-0.05651389,-0.107025,0.01290625,0.10425833,0.08904722,0.90934545,-0.03503838,0.77662803,0.01344129,-0.09421869,0.16121477
-0.06008789,-0.00079066,0.09910657,0.01294291,-0.00072422,0.15896159,0.4683965,-0.12325238,0.64011782,0.0465183,-0.33027297,0.25060616
-0.1932875,-0.0161,0.24848906,0.09643906,-0.089625,0.17065,0.76885802,0.08487583,0.66984677,-0.01253479,0.1337175,-0.07508604
-0.3966104,-0.4347016,-0.50533568,0.3518256,-0.58380416,0.4050768,-0.19678226,-0.31532429,-0.17187359,0.18787239,-0.75334895,0.48069855
0.03707778,-0.05364722,0.00876667,-0.09333542,-0.12150833,0.26635556,0.96015152,-0.2984899,0.69667803,0.28585265,0.10974495,-0.22129129
0.112833,0.263326,0.158306,-0.1679355,0.168389,-0.0090485,0.42713055,-0.30112739,0.55985292,0.3374558,-0.14009134,0.1088687
-0.08564167,-0.14630625,0.25716667,0.20378958,-0.096125,-0.15839444,0.8476483,-0.01803617,0.80659375,-0.12266686,-0.30332708,0.75107557
0.11366375,-0.3133975,-0.050759,0.15652,0.17042,-0.0574425,0.25139921,-0.13421776,0.26671816,0.15810474,-0.23844408,0.20240474
0.22221296,-0.27139444,0.1270463,0.204875,0.46413889,-0.30570833,1.43808987,0.90908529,1.4716781,-0.58227206,0.64948529,-0.40206618
-0.44567826,0.44316522,-0.18411815,-0.28617221,0.07923327,0.01414121,-0.30144526,-0.21498142,-0.4248751,0.08390958,0.13435889,-0.08459457
-0.34201096,0.33277788,-0.28697259,-0.19051758,0.26679036,-0.08226938,-0.30635761,-0.37507054,-0.47741591,0.13277254,0.08787907,-0.08002608
0.02323333,-0.10032917,0.14295,-0.01943681,0.21335833,0.01466111,0.60509659,0.26365455,0.66174205,-0.22639495,-0.02420909,0.28401263
0.32622778,-0.52916597,-0.22429583,0.29805625,0.32906528,-0.20336944,0.77052367,0.14951143,0.7416108,0.0321233,0.50175234,0.0973786
-0.26143989,-0.42867091,-0.2893446,0.27429169,-0.26521496,0.19039169,0.51532615,-0.2096016,0.55270948,0.08952556,0.02225951,-0.03702999
0.03695028,0.39469943,0.27876333,-0.34001191,0.09270378,-0.16629017,0.35995821,-0.30690694,0.41674912,0.26838187,-0.4015524,0.32043187
0.08879182,0.22280095,0.09551819,-0.16180752,-0.09088269,0.30720942,0.188994,0.14108043,0.35165474,-0.11623825,0.07761332,-0.07863097
-0.11724295,0.0427615,-0.23502016,-0.04850029,-0.18661176,0.30776304,-0.06343152,0.11268108,0.07879596,-0.19807218,-0.27686351,0.19531446
-0.20414408,-0.08127347,-0.22534057,0.13615486,-0.08445143,0.21244286,0.09787546,0.12310672,0.12463126,-0.19095294,-0.20793067,0.22232
-0.11204697,-0.06345712,-0.13253652,0.10968809,-0.06680343,0.18164134,0.10894186,0.10694334,0.08678278,-0.17422162,-0.20670756,0.20620406
0.22667891,-0.03100273,0.21733125,0.01256758,-0.029025,0.04948359,0.94051299,0.87802753,1.35639799,-0.6979782,-0.00148914,0.10575013
0.23550562,0.29377224,0.30995274,-0.21256684,-0.02708561,0.29380555,0.33049948,0.04360735,0.44989963,-0.05519219,0.11796606,-0.06628063
0.10844602,0.26561994,0.20411154,-0.19864419,-0.05350993,0.30719467,0.3375696,0.13615904,0.37730894,-0.09805533,0.08926407,-0.05283168
0.21999255,0.25909942,0.19832023,-0.18177823,-0.0663553,0.30589847,0.21586699,0.00509754,0.43155843,-0.04321183,0.08027217,-0.0338324
0.17559927,0.27210226,0.16259883,-0.19170599,-0.07520584,0.29902936,0.27089472,0.02941101,0.51347678,-0.0252404,0.03141949,-0.00388725
0.09645595,0.23181585,0.09600205,-0.16826596,-0.09191088,0.31887721,0.22665583,0.09856623,0.36268646,-0.08650814,0.05248718,-0.02081662
0.19132447,0.34464171,0.28122666,-0.24894434,-0.07264638,0.30797078,0.45821329,-0.04568064,0.57983454,0.0276648,0.03220577,0.01294919
0.09467122,0.29992688,0.20821293,-0.22326961,-0.11995026,0.33255683,0.4187754,0.05253147,0.42633554,-0.04987492,0.09551691,-0.02371486
0.06074478,0.32103514,0.17186538,-0.23715946,-0.09452498,0.31922213,0.46156776,0.05166931,0.5035282,-0.01745487,0.00830205,0.02414161
0.08082776,0.26816004,0.09825004,-0.19372337,-0.15631395,0.34340738,0.30590528,0.0170891,0.4097567,-0.03920595,0.06089045,0.00742198
0.04516406,0.29136034,0.06016523,-0.20844522,-0.12879664,0.32924069,0.34686387,0.0184352,0.48511559,-0.00766411,-0.02411615,0.05440023
0.01642827,0.06625398,0.21386114,0.00011256,0.08862148,0.17923937,0.39848907,0.14159935,0.32478502,-0.10523622,-0.07915298,0.07725732
0.1190626,-0.09376777,0.01396901,0.15781074,0.46831818,-0.16603182,0.40558346,0.12616255,0.41926441,-0.10683312,0.05253874,-0.06348074
0.12359224,-0.09587618,0.1104653,0.28120139,-0.11148843,0.16552805,0.08107907,0.01576501,0.00801164,-0.05877059,-0.23248563,0.16961583
-0.07536155,-0.07130269,-0.19907559,0.10291616,-0.08268645,-0.00408155,0.06717949,0.04897901,0.02247496,-0.02451706,-0.13201973,0.09472109
0.0160449,0.59937551,0.0108949,-0.65447908,0.51341122,-0.43028622,0.22711224,-0.90150298,-0.08449819,0.39243348,-0.39902771,-0.18427422
0.18299241,0.187388,0.21882857,-0.35602286,0.47029143,-0.42561061,0.06589624,-0.35302978,-0.11551115,0.18541333,-0.36821348,0.03483265
-0.01650234,-0.03493613,-0.12751504,-0.02247129,0.13003945,-0.11763906,-0.01827461,-0.35641222,-0.019523,0.27812612,0.20871006,-0.11209636
-0.01211787,-0.15100645,-0.13298906,0.08463711,0.05839531,-0.0577002,-0.06852838,-0.31859188,-0.08997082,0.24221715,0.18132455,-0.0928639
-0.26142872,0.0798955,-0.00289308,0.01387232,-0.08842275,0.22576756,0.39200667,-0.01006184,0.41558884,-0.02672953,0.2598042,-0.20158292
-0.03728088,0.17518824,0.11743088,-0.10155035,0.01346176,0.06938201,0.14607865,0.07669804,0.21093757,-0.04247434,0.11022522,0.07049402
0.22824239,0.05279879,0.22275,-0.11697353,-0.02015657,-0.05530467,0.03088128,0.02286384,0.15541854,-0.07236025,-0.1789613,-0.02947326
-0.0414167,0.22033106,0.15660121,-0.1765468,-0.09410017,0.17921125,0.12501615,0.04328527,0.15576811,0.03403999,0.1592088,0.00635211
0.03736107,0.29419619,0.17906514,-0.22342249,-0.14070363,0.13516055,0.12377761,0.05784606,0.1529473,-0.03566868,0.03995141,0.12654308
0.15643616,-0.0492346,0.26800277,-0.08932881,0.08288927,-0.15336851,0.02707767,0.10204506,0.2258848,-0.1390835,-0.28016279,0.17004252
0.17772457,-0.0285436,0.23968218,-0.04114844,0.08428054,-0.09426583,0.01255603,0.05400663,0.18771308,-0.08126602,-0.19233775,0.03453282
-0.00172154,0.26550173,0.16066176,-0.18929394,0.03155,0.05492699,0.14155467,0.1182337,0.17750013,-0.06390932,0.07803031,0.10085004
-0.1013872,0.1631096,0.1186667,-0.07316531,-0.0841455,0.22338875,0.31870073,0.03000616,0.27268816,-0.04576155,0.18973789,-0.14690933
-0.08340588,0.16614412,0.07710138,-0.09432284,-0.08896696,0.16299965,0.08515165,0.07266863,0.15700646,-0.03746525,0.06670891,0.07729286
0.1103782,-0.00055035,0.16324031,-0.01612699,-0.04326998,-0.04705623,0.03423394,0.10341371,0.0522343,-0.07937796,-0.24744895,0.01334343
0.12163426,0.29371142,0.23314896,-0.2056718,0.03294671,0.04622232,0.19882635,0.09768047,0.25649943,-0.05876144,0.05454143,0.12195656
-0.05906678,0.19547509,0.11951332,-0.15407621,-0.22152699,0.25138737,0.16926111,0.06827547,0.2235588,0.01157725,0.18417333,-0.01451178
-0.05924066,0.17804031,0.15979048,-0.14502301,-0.19864507,0.25078832,0.28487651,0.08029667,0.23365708,0.00167383,0.21288419,-0.08465736
0.1936013,-0.02669377,0.20138253,-0.02791298,-0.04198443,-0.0497205,-0.0347698,0.06500713,0.03558519,-0.09227889,-0.22506052,0.01078992
0.02202457,0.27115415,0.16507526,-0.18786696,-0.14236765,0.13062059,0.0955543,0.03701961,0.11848407,-0.01478966,0.00240606,0.14654545
0.10739896,0.00941073,0.13699031,-0.01324983,-0.06254602,-0.03139844,0.03286929,0.10545532,0.05954059,-0.07752176,-0.2607593,0.01156541
0.11426817,0.31534931,0.24830052,-0.22304066,0.03130458,0.04558149,0.16315951,0.0632974,0.22390692,-0.03420761,0.06428751,0.11029159
0.23249697,0.05416795,0.24017107,-0.12138209,0.02121074,-0.09617576,0.03282163,0.02356568,0.10665033,-0.07112761,-0.18186065,-0.03279664
0.03014619,0.21672595,0.15254256,-0.17415311,-0.0544981,0.08873478,0.04306402,0.02940786,0.07561786,0.00706804,-0.09933813,0.19604344
0.18773912,-0.02887218,0.23910303,-0.0427697,0.04969982,-0.11241938,0.02660795,0.060088,0.16746222,-0.08782311,-0.19899041,0.03643968
0.23428301,-0.07136575,0.24684876,-0.04013324,0.11276556,-0.11837603,-0.03686795,0.10106313,0.12701567,-0.10870849,-0.25141339,0.19307835
0.26446364,0.05693967,0.26193636,-0.12289394,0.05167961,-0.11817879,0.00498807,0.02482491,0.16153409,-0.07620578,-0.18146969,0.02502093
-0.19194386,0.15257673,0.05387647,-0.07887491,-0.11860147,0.25109749,0.46932545,0.09353061,0.38931405,-0.09348194,0.23724175,-0.19255164
0.0904764,-0.0103674,0.14752929,-0.02025556,-0.06441644,-0.03122415,0.01465183,0.07830219,0.0359078,-0.09171436,-0.25550586,0.01272958
0.1834977,-0.02878072,0.23749624,-0.02045344,0.08683682,-0.09712571,0.01374409,0.05577884,0.13674646,-0.08085835,-0.19827192,0.03777896
-0.03143443,0.22083391,0.16413304,-0.14430813,-0.07900657,0.17097837,0.08780521,0.02810798,0.15363355,0.00678665,0.10994416,0.03460287
0.70349898,-0.69879796,0.7156,0.19269643,-0.42788776,0.14088163,-0.18077527,-0.28873093,-0.26230824,-0.11288297,0.45793171,-0.55857418
0.30695573,-0.38688437,0.31068073,0.1110691,-0.59395521,0.3335191,0.15081003,-0.13829044,0.0729642,-0.11848939,0.24822187,-0.37608902
0.04122604,0.07905833,0.06235035,-0.01801528,0.46497014,-0.24397014,-0.2688637,-0.06025874,-0.11974196,0.13171768,-0.23706309,0.26642203
-0.003375,0.17797917,0.1973,-0.31815104,-0.25908333,0.19276458,0.11624855,0.08564638,0.42185761,-0.20836588,-0.17951957,0.07812144
0.0649375,0.12172917,0.2570375,-0.28497917,-0.25143333,0.16130382,-0.15662962,0.18088904,0.02630353,-0.34253707,0.15438777,-0.26975265
0.14277014,-0.06791667,0.27252917,-0.12067083,-0.19656389,0.09891892,0.38138478,-0.24944417,0.3977029,0.06396993,-0.16383964,0.02538533
-0.04384954,0.15847831,0.00025046,-0.10022376,0.04089649,-0.11816012,0.31743727,-0.03216123,0.35164219,0.13525743,0.01902043,0.09395801
-0.10581441,-0.1853861,-0.23265013,0.3410037,0.14229962,-0.16354273,0.09616481,-0.41774843,-0.14545516,0.32353612,-0.07746575,-0.08696574
-0.1928535,-0.12513686,-0.03945747,0.07841229,0.01328941,-0.0776397,0.16716681,-0.20663101,0.19927985,0.06642931,-0.20206915,0.15395678
-0.34805,-0.61355714,-0.58472347,0.39965408,-0.02579847,0.05515255,0.13074176,-0.45631209,0.01168022,0.33538783,0.08997637,-0.33239074
0.19617314,-0.16103492,0.0696186,0.21047975,0.49158781,-0.50232025,0.55076635,0.13374251,0.5670644,9.227e-05,-0.33889926,0.25070547
0.27398117,-0.20121698,0.18854198,0.20641235,-0.14247346,0.00849043,0.50519877,0.09779007,0.45903994,-0.06080995,-0.17050013,0.12563319
0.18307041,-0.07450918,0.47123265,0.08119592,0.13723878,-0.05977653,-0.41236829,-0.37859105,-0.06847049,0.19756625,-0.28518556,0.211819
1.05426817,-0.032291,1.32173702,0.08048201,-0.28418824,0.27681176,-0.13767446,-0.40421581,-0.42834505,0.55851287,-0.17691287,0.42185074
0.84766228,-0.01182561,0.84766228,-0.03256609,-0.01182561,-0.03256609,0.10112007,-0.45755969,0.10112007,0.75618815,-0.45755969,0.75618815
0.53932041,-0.05503776,0.41782857,0.15335408,0.44437857,-0.30129388,-0.28165918,0.57564992,0.00641115,-0.60802841,-0.45936327,0.08158148
-0.53953546,-0.45847285,-0.65943047,0.39794598,-0.46403767,0.36020831,-0.31171907,-0.30942656,-0.1741948,0.18637244,-0.74102159,0.54854817
-0.06110764,-0.085975,0.05177022,0.08820309,0.13159483,-0.2407027,0.56233012,0.26489935,0.81816171,-0.16487651,-0.07035272,0.04695222
0.07729687,0.44499063,0.39604688,-0.27930469,0.16571563,0.01713281,1.2213817,0.02355223,0.76602455,0.0124654,0.42251652,-0.41101674
0.42075,0.54285,0.42075,-0.23304167,0.54285,-0.23304167,0.07905,-0.44485,0.07905,0.14804167,-0.44485,0.14804167
-0.15459375,0.05774687,-0.274125,0.07689844,0.162475,-0.03426563,0.59207812,-0.23269777,0.36439955,0.08076897,-0.03321562,-0.1309721
0.39365625,0.6514625,0.55303125,-0.33628125,0.511825,-0.1880625,0.19808036,-0.53543571,0.0159375,0.23951786,-0.37585,0.070125
0.39952941,0.62488304,0.62894118,-0.34835294,0.42388235,-0.135,0.31091912,-0.41117941,0.07654412,0.199875,-0.20583015,-0.01809375
0.54666562,1.12058437,0.681675,-0.65094375,0.85666875,-0.39907656,-0.4860875,-0.75605491,-0.44587679,0.27610625,-0.46050134,0.02659732
0.54772457,1.06336747,0.76634464,-0.63559585,0.80732318,-0.37633633,-0.29461721,-0.63897725,-0.32153339,0.26339074,-0.24886181,-0.07955227
1.18553495,0.01404706,1.35524567,-0.07716471,-0.09332318,0.04482491,-0.59005112,-0.02896185,-0.34868348,0.38842582,-0.56973023,0.89850854
1.1645917,-0.04024983,1.3699654,0.08341869,-0.22827128,0.22961453,-0.40789905,-0.2935811,-0.50572699,0.51577664,-0.27611639,0.53904098
-0.19976025,0.18676487,-0.11234,-0.13321644,0.03587,-0.19614875,-0.25017528,-0.03389022,-0.13186483,0.04148486,-0.12353484,0.1824971
0.06598125,0.30421875,0.149375,-0.14399219,-0.1145,0.18933125,0.95371161,0.61198929,0.84710446,-0.58975804,0.59288214,-0.68890268
-0.20298311,-0.154952,0.01285056,0.11895167,-0.13056011,0.16739156,0.14893467,0.20649072,0.3027733,-0.25153492,0.15983256,-0.12475239
0.75326782,-0.01325398,0.80046505,0.01132734,-0.06866159,0.05522076,0.4211763,-0.64767067,0.04507336,0.80831159,-0.20614126,0.45853586
0.93214533,-0.02348097,1.1917301,0.07256574,-0.32822284,0.31397958,0.15755026,-0.52486739,-0.20601592,0.66689689,-0.09805562,0.32878034
0.33197778,0.67713333,0.69336667,-0.66210833,0.7796,-0.32601667,0.45679556,0.31029333,-0.00303111,-0.06706333,0.18061333,-0.43800333
0.33197778,0.51386667,0.59864444,-0.57401667,0.61126667,-0.32601667,0.45679556,0.65749333,0.20330222,-0.25895333,0.63861333,-0.43800333
0.53544356,0.60121067,0.57379911,-0.37166533,0.58244267,-0.33599467,0.00447073,-0.46244648,-0.06202641,0.22627038,-0.43230362,0.14455181
0.68225067,0.56786133,0.726784,-0.371408,0.537472,-0.329992,0.05880457,-0.5024301,-0.04287924,0.19686914,-0.43559581,0.18228343
0.96753067,-0.017024,1.02815289,0.01454933,-0.088192,0.070928,0.11587505,-0.59769943,-0.01402971,0.86243771,-0.44519657,0.74162629
1.065625,-0.030375,1.34535156,0.08191992,-0.3587625,0.34206562,-0.01477667,-0.48768,-0.35577667,0.64726063,-0.08736,0.33013063
1.35928028,-0.20927336,1.32388235,0.1858391,-0.16771765,0.15291903,-0.74609974,-0.13983945,-0.74609974,0.31599284,-0.13983945,0.31599284
0.26618785,-0.07179479,0.05926042,0.07521458,0.42070573,-0.31069913,0.04942409,-0.15901855,-0.27540562,0.12605118,-0.3169479,0.14810806
0.11445502,-0.11259167,-0.01675616,0.12933437,0.1596338,-0.04622131,-0.12135162,-0.04868495,-0.3416522,0.07409501,-0.12500596,0.07546241
-0.05206173,-0.54506633,-0.33018061,0.80205918,0.17734745,0.23214949,-0.07132739,0.42113568,0.01881217,-0.3867398,0.42092194,-0.63097276
0.08907169,0.02008492,0.12866157,-0.07026674,0.3611405,-0.20744979,0.79710188,0.03755869,0.82659712,-0.04707341,-0.14207941,0.18767897
-0.22143945,0.03969102,-0.17541553,0.01318867,-0.19878457,0.17475547,-0.14980913,0.02921272,-0.09473071,-0.0368825,-0.17535623,0.18101669
1.14235,-0.0201,1.355475,0.01918125,-0.2703,0.2173875,-0.51515357,-0.33304286,-0.758725,0.49231875,-0.0471,0.26579732
1.12329412,-0.03727059,1.43007612,0.08707889,-0.39742007,0.37238616,-0.30138382,-0.34536176,-0.61480294,0.47729676,0.02257941,0.18581698
-0.2061202,0.06495758,-0.20825978,0.12603058,0.14338871,0.0045719,0.07435855,0.00745473,0.28315174,-0.23098783,-0.20441667,0.28413736
-0.04816,0.597936,-0.108824,-0.480344,0.626656,-0.9948,-0.439519,-0.083309,-0.275354,0.160011,0.186286,-0.211409
-0.05673373,0.31641183,-0.05673373,-0.08208284,0.31641183,-0.08208284,0.4104645,-0.12925286,0.4104645,-0.02776331,-0.12925286,-0.02776331
0.51008757,0.90648994,0.51008757,-0.48910296,0.90648994,-0.48910296,0.05412268,-0.23956686,0.0588714,-0.08575858,-0.15387456,-0.03772781
0.06010475,-0.21471012,-0.02701219,0.29692665,0.44716798,-0.47315599,0.56175428,-0.06823262,0.58442376,0.15065467,-0.16672396,0.03581766
-0.05983333,-0.67306667,0.05449931,0.80552569,-0.89498611,1.08461389,-0.24105758,0.36980606,-0.13236591,-0.55701919,0.36600909,-0.53213586
0.194718,-0.023888,0.244375,0.0212465,0.19587,-0.1316005,0.17933766,0.24224361,0.24187555,-0.18640983,0.02700939,-0.03779693
-0.06036352,0.00764197,-0.05192023,0.05299754,-0.11985841,0.08801815,0.3787053,0.1878206,0.42189977,-0.15205939,-0.21669976,0.19070879
-0.10424008,0.15538752,0.08210926,-0.22084877,-0.1032034,0.03039924,0.9602237,0.20053014,0.94964662,-0.08967922,0.12837184,-0.01982191
0.17744379,0.0347929,0.17744379,-0.03017751,0.0347929,-0.03017751,1.53414941,0.30081361,1.53414941,-0.26090976,0.30081361,-0.26090976
0.21120363,-0.05199827,0.25342336,-0.07945571,0.09461436,-0.15560839,-0.02354716,0.08393856,0.12166496,-0.10948906,-0.23979058,0.18938848
0.23909325,-0.02803702,0.23069585,-0.04149991,0.04811886,-0.11327872,0.00573419,0.0290208,0.15068285,-0.06044309,-0.19397528,0.03681867
0.09277708,-0.0094808,0.14715606,-0.01947526,-0.06222327,-0.03018728,0.01856637,0.09488752,0.03540817,-0.0829208,-0.24800063,0.01235825
0.13947119,-0.00769991,0.20109299,-0.02185753,-0.04193356,-0.04739135,0.04180404,0.07806581,0.02207784,-0.08966077,-0.22712741,-0.00482423
0.21769637,-0.07039109,0.22355692,-0.03734126,0.08347699,-0.09237907,-0.02563547,0.09763318,0.12222504,-0.10427221,-0.24523135,0.16422636
0.16977033,0.01656505,0.21095856,-0.11032439,0.08699152,-0.15493028,0.09221497,0.13933557,0.28367183,-0.08013675,-0.27197575,0.1586063
0.18967059,-0.02780536,0.20825035,-0.0659026,0.00869637,-0.08222941,-0.04508587,0.01622022,0.04679613,-0.06530643,-0.20444895,-0.00800482
0.04961111,-0.22257222,-0.16380926,0.02574568,-0.13315093,-0.03995617,0.30276275,-0.18096373,0.16150915,0.17674742,0.19335621,-0.1645784
-0.01192305,-0.21229688,-0.12186016,-0.00932188,-0.14937656,0.02347891,0.3054731,-0.17644714,-0.0322194,0.27196703,0.31157536,-0.2404188
-0.03772079,0.02940957,0.00828992,0.05482309,-0.00676186,-0.01496977,-0.04241069,0.06203488,0.07907079,-0.09867798,-0.0817429,0.08387017
-0.91681053,-0.48517895,-0.80105042,0.2968518,-0.73289307,0.5216097,-0.72013596,-0.18446725,-0.47447339,0.07987014,-0.64820088,0.5246026
-1.33450625,-0.65006458,-1.16575556,0.40047986,-0.92645,0.67416875,-0.99652784,-0.3756892,-0.55712178,0.19594034,-0.68908239,0.62696837
-1.05468163,-0.74290204,-0.88181122,0.52359694,-0.76539592,0.55541531,-0.86119545,-0.59220345,-0.56662072,0.40753548,-0.66560345,0.56308603
-1.26332781,-0.70465089,-1.13371657,0.47857396,-0.8854432,0.6413497,-1.01739546,-0.33759147,-0.72499034,0.17376903,-0.75527416,0.63706391
-1.34741074,-0.82943223,-1.06893306,0.55404215,-0.77988017,0.61582975,-0.94885339,-0.64208851,-0.44469521,0.43196281,-0.5788776,0.54144736
-1.04338685,-0.61353322,-0.92220969,0.38037024,-0.84298235,0.59300588,-0.88153486,-0.18574669,-0.64498119,0.07315257,-0.70213382,0.58028897
-1.10956311,-0.79982933,-0.90314489,0.526624,-0.81476578,0.60102178,-0.93046384,-0.31491454,-0.58738527,0.17878784,-0.68393454,0.6062607
0.0464899,-0.07918889,0.05194628,0.01542094,-0.03368393,-0.07864334,0.5452428,0.51427487,0.69836345,-0.44794031,0.2955602,-0.29139949
-0.86185185,-0.14752222,-0.62666543,0.0508037,-0.6455284,0.49768765,-0.05238426,0.3000213,0.10751713,-0.15165386,-0.20506065,0.18857114
-0.92089421,-0.61864876,-0.71715289,0.48107438,-0.60647769,0.4779314,-0.62865769,-0.22316149,-0.44355405,0.12526438,-0.51364694,0.44203165
-0.868,-1.05716667,-0.73883333,0.6851,-1.05761806,0.805225,-0.69609091,-0.69908333,-0.41427273,0.3839303,-0.70006818,0.64602121
-1.26273889,-0.95901389,-1.07471528,0.67197222,-0.92259097,0.65485278,-1.04939293,-0.40313889,-0.71885202,0.22930745,-0.76210934,0.6572279
-1.24004615,-0.86836627,-1.06284379,0.60731479,-0.85518047,0.60735385,-0.86808067,-0.68335976,-0.53716913,0.48527554,-0.66490143,0.57661208
-0.02292014,0.37720972,0.05896667,0.01427639,-0.11704167,0.18154236,0.09588289,-0.33631787,-0.07521711,0.16089236,0.4495185,-0.13618946
0.25989412,0.03438235,0.15137232,0.010225,-0.2165981,0.09693789,0.29865766,-0.01275036,0.23413904,-0.0313284,-0.10681373,0.1413167
-0.20786094,-0.0675125,-0.3771125,0.06775,-0.01725,0.06120625,0.15001786,0.08635089,0.12085357,0.08405714,0.79240446,-0.59384286
-0.29221562,-0.07849375,-0.01140937,0.12521875,-0.1066875,0.1976625,-0.31552411,0.04791429,-0.48423482,0.27297143,0.34388571,-0.22007143
-0.669648,0.381704,0.614036,-0.560808,-0.944036,0.994004,0.342253,0.689482,1.102403,-0.876094,0.148187,0.131071
0.24437059,-0.20556176,0.18757353,0.16789689,0.17804118,-0.03910606,0.05564724,0.09962638,0.18623529,-0.190555,0.04150963,0.042918
0.30710874,-0.19040952,0.19769412,0.15675848,0.17010882,-0.00295891,0.03685463,0.11333417,0.14286595,-0.20029644,0.04564683,0.06013645
0.31560017,-0.00078495,0.1691154,-0.00305225,0.15239412,-0.05435882,0.26921623,0.0445902,0.39548726,-0.12306658,0.12047184,-0.04251693
0.23470588,-0.21012059,0.09159663,0.18867111,0.15486125,-0.02846938,0.05482487,0.07523226,0.17683182,-0.12318895,0.05776364,0.0462352
0.30082457,-0.25516471,0.28375104,0.16543824,0.14740588,-0.02592941,-0.06108161,0.12521569,0.1782011,-0.21540891,0.06482941,0.09840071
0.29275528,-0.0860846,0.14147024,0.06902474,0.16731384,-0.06280761,0.15311229,0.13699723,0.31290961,-0.1786276,0.08992236,-0.00146094
0.23991799,-0.14537561,0.05435121,0.12382993,0.18380285,-0.06949022,0.10948899,0.08142993,0.2184389,-0.12451798,0.09435159,0.00152837
0.39569775,-0.21892067,0.24306003,0.16771886,0.21490562,-0.05763028,-0.08124043,0.06655168,0.14532436,-0.15636149,0.03884901,0.13249065
0.3060622,-0.01076176,0.12462664,0.01329118,0.15683391,-0.0587013,0.2698276,0.04460101,0.39528856,-0.12291844,0.10234637,-0.04150169
0.24038359,0.13569336,0.23434492,-0.16077148,-0.32298945,0.29002891,1.06881211,0.09386732,1.03805086,-0.09835961,0.48746565,-0.33307919
0.33532042,0.18208318,0.20509282,-0.12266068,0.39358223,-0.35392779,0.16143846,-0.48618847,-0.20359948,0.57712842,-0.09792582,0.17531735
0.32725079,-0.3020127,0.33584853,0.20172426,-0.1446229,-0.02538141,-0.14951444,-0.18759111,-0.26971421,0.17980934,0.00081913,-0.03161994
-0.055848,0.441644,0.044798,-0.2877935,-0.041767,-0.05886175,0.25050074,0.01582468,0.29581495,0.06672192,0.05757811,-0.06867834
0.21875139,0.3811875,-0.01334844,-0.29226042,0.38536615,-0.30449844,-0.39345085,-0.66673442,-0.6624436,0.29393317,0.04495688,-0.17906356
-0.27246146,-0.5153849,-0.32922083,0.28565417,-0.11847188,0.01022951,0.09480815,-0.23693553,0.15007808,0.03382458,-0.319281,0.18507856
0.27513663,0.37141715,0.52212263,-0.28233759,0.02612305,-0.0435144,0.13090193,-0.12687773,-0.14388084,0.16605515,0.08736245,-0.15582975
-0.11628581,0.06353183,0.01146107,-0.04936696,0.00242318,0.01300623,0.07793588,0.30289049,0.31681342,-0.24021917,-0.08126085,0.00435855
-0.04261713,0.00070623,0.04076194,0.05431574,0.01591721,0.03638581,0.02097782,0.24389608,0.33924966,-0.11099312,-0.07246622,0.01306178
-0.03785242,0.0392449,0.06396886,-0.00585035,0.01476894,0.03203841,0.0135574,0.23769467,0.29132434,-0.15980336,-0.06193403,0.01732312
-0.08256609,-0.02928581,0.03812353,0.05950934,-0.04110882,0.06874083,0.00336822,0.22819803,0.34544354,-0.10786345,-0.11450625,0.01100268
-0.21530156,0.01308581,-0.10834784,-0.02398633,-0.09752145,0.14961228,-0.04422547,0.20675425,0.22957052,-0.08542357,-0.20933684,0.10799212
-0.20856938,-0.00892102,-0.07554913,0.04598253,-0.07044031,0.1065301,-0.07647515,0.23756264,0.29504874,-0.13068392,-0.18066633,0.04995298
-0.06787941,0.02081765,0.04008339,0.03841488,-0.04252682,0.07334844,-0.01562888,0.18491569,0.3213262,-0.10665839,-0.11337237,0.0159794
-0.15176332,0.02357318,-0.0123692,0.03042976,-0.0689327,0.08971799,-0.00198873,0.20082904,0.34537027,-0.09273903,-0.11444012,0.01263584
-0.14636894,-0.03598997,-0.0434308,0.04529516,-0.08221522,0.17775415,-0.08196324,0.203628,0.27900584,-0.08249329,-0.2019744,0.0599404
-0.12267863,0.05039464,0.01542578,-0.04328426,-0.02908045,0.02588616,0.11303129,0.28387438,0.37800865,-0.22197637,-0.05465253,-0.00919865
-0.19474135,-0.03571488,-0.0965314,0.04783374,-0.07035952,0.10649204,-0.05109715,0.20630451,0.33769304,-0.10568001,-0.17750387,0.04778799
-0.990375,-1.323175,-1.31995703,0.95320625,-0.60008984,0.41928125,-0.65695417,-1.22232917,-1.05722833,0.93821052,-0.35849833,0.15590635
-0.07012163,-0.00647093,0.03435433,0.05668668,-0.06201869,0.07936159,-0.01387477,0.23094142,0.32029261,-0.10416264,-0.11473844,0.03763647
-0.00547266,-0.08671641,-0.08963398,0.11600703,0.05587383,-0.07275234,0.10407992,-0.15022622,0.26588784,0.07531029,-0.46540456,0.42974654
0.35932969,-0.01627773,0.25297656,0.07167031,-0.06277148,0.03195156,-0.11723987,0.08782652,-0.15732676,0.04986225,-0.13981501,0.05721245
0.36302539,-0.03874062,0.31245391,0.08988125,-0.02194023,-0.00499766,-0.15888624,0.00363702,-0.23630499,0.15859748,-0.1794408,0.11051482
0.00647507,-0.12411302,0.11616454,0.05205928,0.1401133,-0.11990388,0.79673516,0.37447472,0.87712698,-0.33362536,0.09936156,-0.03158209
0.25646288,-0.01047729,-0.1022374,-0.023559,-0.08922881,0.10702715,-0.11038279,0.23090257,0.0744213,-0.33765805,-0.17934334,0.23756447
0.05566066,-0.19001108,-0.02707618,0.16920471,-0.11499003,-0.03072687,0.29909898,0.03583067,0.30567208,0.06555552,-0.01318541,0.00709851
0.01331745,0.06050249,0.33352327,-0.02642659,-0.04929474,-0.06012105,-0.01295266,-0.02696023,0.02767453,-0.00033158,0.06463567,0.24049357
-0.34804136,0.03844352,-0.32254259,-0.01020926,-0.08989352,0.05609321,0.21381049,-0.46993266,0.02030396,0.37202829,0.1673376,-0.0444776
0.12290309,-0.14212654,0.16864136,-0.07868395,0.16073241,-0.20997407,-0.08643863,-0.01289956,-0.38358046,-0.14938943,0.0583805,0.13483279
0.00446168,0.10014172,0.02962381,0.00474286,-0.03966213,0.12583424,-0.14840619,0.3940129,0.00347643,-0.22107571,0.04703528,-0.04907024
0.05997722,-0.18346183,0.27388846,0.09582456,0.22330577,-0.18537382,0.78202291,0.37322546,0.63483583,-0.35797282,0.10173069,-0.05103066
-0.14526194,-0.0712767,-0.02837085,-0.01867341,-0.25615347,0.23148678,0.25295196,0.15275352,0.31079603,-0.07265007,-0.03624835,0.04748905
-0.11356898,0.16844294,0.10317313,-0.211041,0.09576399,-0.1480831,0.1569102,0.10617724,0.22989909,-0.03668824,-0.01750785,-0.10264614
-0.34077092,0.1109602,-0.16680306,-0.16650612,-0.44049286,0.38630357,0.86572312,0.13076346,1.01864729,-0.15432115,-0.20280467,0.32077665
-0.18886786,0.28453571,0.00309694,-0.05996633,0.01673878,0.03914286,-0.07418764,0.17238571,-0.17239478,-0.1223383,0.26590055,-0.17900589
0.28785789,-0.48585789,0.29094515,0.49937396,-0.02379363,-0.00935956,0.50945877,0.00716228,0.42776608,0.01646607,0.26887251,-0.25310703
0.30559086,-0.58907119,0.2566795,0.54512548,0.05101551,-0.06883573,0.47642476,0.21282461,0.49210897,-0.14092224,0.04089654,-0.02187136
0.31911579,-0.58390526,0.25191994,0.56814321,0.06990388,-0.09176454,0.40669795,0.30532105,0.55319883,-0.2138558,-0.06702924,0.10127841
-0.874759,-0.52006898,-0.75996648,0.32445651,-0.75298421,0.53926316,-0.68271776,-0.28992573,-0.46281191,0.13412456,-0.59437719,0.4958848
-0.88693795,-0.56082161,-0.77739806,0.35605125,-0.71761579,0.52010526,-0.71394554,-0.15746462,-0.47061747,0.05955234,-0.58572719,0.48045702
-0.7880241,-0.43637285,-0.71425568,0.25686565,-0.78974737,0.56612632,-0.68032304,-0.03012398,-0.44682011,-0.0537886,-0.46089678,0.36028743
-0.76851994,-0.38119529,-0.67609114,0.19701884,-0.77685069,0.5630036,-0.52787345,-0.16869778,-0.25788749,0.06912348,-0.61801357,0.52897261
-0.76851994,-0.38119529,-0.67609114,0.19701884,-0.77685069,0.5630036,-0.57484568,-0.14249223,-0.31040416,0.04880682,-0.51145802,0.45508372
-0.62437839,-0.14876593,-0.54878421,-0.00106316,-0.78687008,0.56929668,-0.55175088,-0.09855471,-0.31712339,0.01011257,-0.42161407,0.34710526
-0.83299584,-0.60480582,-0.73514017,0.36350914,-0.79654737,0.57303684,-0.71394554,-0.15746462,-0.47061747,0.05955234,-0.58572719,0.48045702
-0.60612936,-0.51154127,-0.55514515,0.33220776,-0.68096842,0.47804737,-0.68032304,-0.03012398,-0.44682011,-0.0537886,-0.46089678,0.36028743
-0.874759,-0.52006898,-0.75996648,0.32445651,-0.75298421,0.53926316,-0.63574554,-0.31613129,-0.41029524,0.15444123,-0.70093275,0.56977368
-0.75486454,-0.33912493,-0.68706011,0.13859335,-0.76559917,0.55899751,-0.43708849,-0.2045609,-0.267461,0.12847288,-0.59640212,0.47155797
-0.74779252,-0.3017518,-0.64983463,0.14010249,-0.77711579,0.55928421,-0.40470637,-0.2268462,-0.23417011,0.12982251,-0.58807456,0.47287076
-0.76047147,-0.54180443,-0.63715568,0.34615512,-0.53706316,0.35323158,-0.5542397,-0.00540175,-0.33412011,-0.07295526,-0.68956345,0.55862076
-1.02443806,-0.47608858,-0.89903979,0.2799346,-0.84974048,0.59785017,-0.82080936,-0.12993906,-0.55778804,0.0292013,-0.74312435,0.60057189
-0.96973951,-0.5110963,-0.84906605,0.31249074,-0.80254105,0.56410062,-0.77178097,-0.18019633,-0.51990058,0.07280777,-0.70097967,0.56542444
-1.07430742,-0.47275078,-0.93593828,0.29622266,-0.77773281,0.57054922,-0.71232758,-0.41906266,-0.42108091,0.26376661,-0.64114224,0.54476453
-0.9673,-0.50293333,-0.84536235,0.30577778,-0.77203735,0.54757778,-0.69894568,-0.29803914,-0.37752803,0.17856954,-0.56577313,0.49866823
-1.04996356,-0.675,-0.88661067,0.47467333,-0.70800133,0.51337644,-0.66222057,-0.63228575,-0.33371676,0.45290752,-0.57135289,0.49025943
-0.95976228,-0.63377751,-0.76904014,0.41656436,-0.68706159,0.51699066,-0.74304831,-0.30539384,-0.40226339,0.18045978,-0.61052178,0.5326697
2.651616,-0.769824,2.651616,0.810216,-0.769824,0.810216,-2.872584,0.833976,-2.872584,-0.877734,0.833976,-0.877734
-0.09897925,-0.00515739,-0.10368687,0.0143217,-0.01467374,-0.01435721,-0.0834295,-0.17131291,-0.11825557,0.15533577,0.01537846,0.04501518
-0.1152025,-0.35417229,-0.04485077,0.28317705,-0.26961367,0.2525736,0.44177713,-0.1448495,0.210527,0.22879056,0.57524397,-0.47145045
-0.05061111,-0.11958819,0.19576944,0.02018611,0.02586944,0.01232778,0.01989343,-0.25300884,0.0988154,0.16258384,-0.11291944,0.07181414
-0.0435352,-0.06904388,0.17834745,0.00124694,-0.01418776,0.02058265,-0.04045891,-0.0508102,0.11444823,0.04842763,-0.213369,0.09242488
-0.22892326,-0.11535278,0.139775,-0.15058056,-0.35591667,0.22455087,-0.08317162,-0.14892067,0.08731171,0.18009644,-0.31210454,0.33231419
-0.14029467,0.15575911,0.10859022,-0.20061689,0.05982,-0.0148,-0.05291575,-0.05729667,-0.31140765,0.21843476,-0.21736524,-0.08513238
0.11842314,0.55415207,0.13380992,-0.43339247,0.30543636,-0.20840404,-0.20949734,-0.07863267,-0.13212319,0.20348198,-0.14794886,0.28092213
-0.10779156,-0.18682842,-0.22493294,0.32983734,0.1262214,-0.14233496,0.07329871,-0.37300495,-0.14076557,0.31027095,-0.08586406,-0.03009678
-0.02105111,0.44852,0.20074,-0.4267,-0.38042,0.31799111,0.92103968,0.31042937,0.93539683,-0.22439683,0.17818175,-0.09848016
-0.05926694,0.34501975,0.08245898,-0.29669012,-0.29448765,0.24708395,0.4729225,0.05962028,0.46087307,-0.06473879,0.09162369,0.01972574
-0.103784,0.39722267,0.02169467,-0.379752,-0.030704,-0.07311067,0.59857343,0.32202956,0.60600629,-0.23365657,0.19639051,-0.11464943
-0.08868436,0.34374979,0.00161934,-0.30088025,-0.08329095,0.01082716,0.32351456,0.09424579,0.30728365,-0.10148941,0.12672058,-0.01730394
0.12358182,0.20723251,0.39973269,-0.21181258,0.30831203,-0.20004747,0.30019267,0.16535013,0.27801047,-0.21466852,0.05085344,-0.05564418
-0.06836557,0.06935986,0.01548097,-0.06039221,-0.00242561,0.065091,0.06437293,0.25795409,0.2919936,-0.18415101,-0.06236,-0.01534531
0.28535868,0.02749917,0.03870248,-0.03435124,-0.09380909,-0.00834545,-0.20635628,-0.26982091,-0.03749355,0.17606364,-0.18277545,0.18343182
0.28612118,0.19341746,0.00187341,-0.07569211,0.10537188,-0.12415186,0.3775123,-0.19154494,0.17068242,0.17543122,0.22145258,-0.20474258
0.36271367,0.01199671,0.29049403,-0.00209083,0.0061276,-0.00592673,-0.1298057,0.04372114,-0.2164131,0.08358247,-0.25702386,0.09409788
0.35168443,-0.01704758,0.29538356,0.00361133,0.00721661,-0.00422837,-0.15227407,-0.0161412,-0.26825927,0.14705468,-0.28880127,0.11525682
0.33883434,0.00143253,0.2685167,0.00367145,-0.02160571,0.01050969,-0.11241892,0.05393592,-0.22118639,0.08602971,-0.22009581,0.06163149
