0.06309317,0.0,0.06309317,0.08412422,0.0,0.06309317,0.0,0.04206211,0.04206211,0.14721739,0.0,0.04206211,0.04206211,0.0,0.02103106,0.06309317,0.02103106,0.02103106,0.0,0.0,0.15133905,0.13360506
0.06167373,0.0,0.04111582,0.08223164,0.0,0.06167373,0.02055791,0.06167373,0.04111582,0.14390538,0.0,0.04111582,0.04111582,0.0,0.04111582,0.02055791,0.02055791,0.02055791,0.0,0.0,0.1707416,0.13028942
0.0629767,0.0,0.04198447,0.08396893,0.0,0.0629767,0.0,0.0629767,0.04198447,0.14694564,0.0,0.04198447,0.04198447,0.0,0.02099223,0.0629767,0.02099223,0.02099223,0.0,0.0,0.15507961,0.13118444
0.05966607,0.0,0.03977738,0.07955476,0.0,0.03977738,0.0,0.03977738,0.05966607,0.13922083,0.01988869,0.03977738,0.0,0.01988869,0.03977738,0.05966607,0.01988869,0.01988869,0.0,0.0,0.16412344,0.15966109
0.06357204,0.0,0.04238136,0.08476272,0.0,0.06357204,0.0,0.04238136,0.04238136,0.14833475,0.0,0.04238136,0.04238136,0.02119068,0.02119068,0.06357204,0.02119068,0.02119068,0.0,0.0,0.14811408,0.13140283
0.06142108,0.0,0.04094739,0.06142108,0.0,0.06142108,0.02047369,0.06142108,0.04094739,0.16378955,0.0,0.04094739,0.04094739,0.0,0.04094739,0.02047369,0.02047369,0.02047369,0.0,0.0,0.16511287,0.13878155
0.06115871,0.0,0.04077247,0.08154495,0.0,0.04077247,0.0,0.06115871,0.04077247,0.14270366,0.0,0.04077247,0.02038624,0.02038624,0.04077247,0.06115871,0.02038624,0.02038624,0.0,0.0,0.15843675,0.1484312
0.06314567,0.0,0.04209711,0.08419422,0.0,0.04209711,0.0,0.06314567,0.04209711,0.14733989,0.0,0.04209711,0.04209711,0.02104856,0.02104856,0.06314567,0.02104856,0.02104856,0.0,0.0,0.14618369,0.13816542
0.06181011,0.0,0.04120674,0.08241349,0.0,0.06181011,0.0,0.06181011,0.04120674,0.1442236,0.0,0.04120674,0.04120674,0.0,0.04120674,0.04120674,0.02060337,0.02060337,0.0,0.0,0.16841886,0.13106651
0.0599158,0.0,0.03994386,0.07988773,0.0,0.03994386,0.0,0.03994386,0.03994386,0.13980352,0.01997193,0.03994386,0.0,0.01997193,0.03994386,0.07988773,0.01997193,0.01997193,0.0,0.0,0.16151884,0.15943547
0.04557948,0.0,0.04557948,0.0,0.0,0.02278974,0.0,0.02278974,0.09115897,0.13673845,0.0,0.06836922,0.0,0.02278974,0.0,0.11394871,0.04557948,0.11394871,0.0,0.02278974,0.11397875,0.13395978
0.06750361,0.0,0.0,0.04500241,0.0,0.04500241,0.0225012,0.0225012,0.06750361,0.11250602,0.0,0.06750361,0.0,0.0,0.0,0.11250602,0.0225012,0.15750843,0.0,0.0,0.13212868,0.1253316
0.04530009,0.0,0.02265004,0.02265004,0.0,0.02265004,0.0,0.02265004,0.09060018,0.13590026,0.0,0.09060018,0.0,0.0,0.0,0.11325022,0.04530009,0.13590026,0.0,0.0,0.12719685,0.12535171
0.04513142,0.0,0.02256571,0.02256571,0.0,0.04513142,0.0,0.02256571,0.09026285,0.13539427,0.0,0.06769714,0.0,0.0,0.0,0.11282856,0.04513142,0.13539427,0.0,0.0,0.13198357,0.12334793
0.04567491,0.0,0.04567491,0.0,0.0,0.02283745,0.0,0.04567491,0.09134982,0.13702473,0.0,0.06851236,0.0,0.0,0.0,0.11418727,0.04567491,0.11418727,0.0,0.02283745,0.11450526,0.13185875
0.04535106,0.0,0.04535106,0.0,0.0,0.02267553,0.0,0.04535106,0.09070212,0.13605318,0.0,0.06802659,0.0,0.0,0.0,0.11337765,0.04535106,0.11337765,0.0,0.02267553,0.12341035,0.12829716
0.04511579,0.0,0.0225579,0.04511579,0.0,0.04511579,0.0,0.0225579,0.06767369,0.13534738,0.0,0.06767369,0.0,0.0,0.0,0.11278948,0.04511579,0.13534738,0.0,0.0,0.1295873,0.12600213
0.04573941,0.0,0.0228697,0.0,0.0,0.0228697,0.0,0.04573941,0.09147882,0.13721822,0.0,0.09147882,0.0,0.0,0.0,0.11434852,0.04573941,0.11434852,0.0,0.0228697,0.12007139,0.12522838
0.04548622,0.0,0.0,0.04548622,0.0,0.04548622,0.02274311,0.02274311,0.06822933,0.13645866,0.0,0.06822933,0.0,0.0,0.0,0.11371555,0.04548622,0.13645866,0.0,0.0,0.13055966,0.11891773
0.0676229,0.0,0.0,0.04508193,0.0,0.04508193,0.02254097,0.02254097,0.0676229,0.11270483,0.0,0.0676229,0.0,0.0,0.0,0.11270483,0.02254097,0.15778676,0.0,0.0,0.13059505,0.12555308
0.0452034,0.0,0.0226017,0.0,0.0,0.0226017,0.0,0.0226017,0.0904068,0.13561021,0.0,0.0904068,0.0,0.0,0.0,0.1130085,0.0452034,0.13561021,0.0,0.0226017,0.12123992,0.13290394
0.04494472,0.0,0.0,0.04494472,0.0,0.04494472,0.02247236,0.02247236,0.06741708,0.13483416,0.0,0.06741708,0.0,0.0,0.0,0.1123618,0.02247236,0.15730652,0.0,0.0,0.13029522,0.12811688
0.04087187,0.0,0.02043593,0.14305154,0.02043593,0.0,0.0,0.04087187,0.0613078,0.10217967,0.02043593,0.0613078,0.0,0.08174374,0.02043593,0.02043593,0.02043593,0.02043593,0.02043593,0.02043593,0.13287314,0.15186915
0.04017003,0.0,0.02008501,0.16068012,0.02008501,0.0,0.0,0.04017003,0.06025504,0.10042507,0.02008501,0.06025504,0.0,0.08034006,0.02008501,0.0,0.02008501,0.02008501,0.02008501,0.02008501,0.14308301,0.15394148
0.04094671,0.0,0.02047336,0.12284013,0.04094671,0.02047336,0.0,0.04094671,0.04094671,0.10236678,0.02047336,0.08189342,0.0,0.08189342,0.0,0.02047336,0.02047336,0.02047336,0.02047336,0.02047336,0.13567846,0.14775411
0.04067471,0.0,0.04067471,0.12202414,0.02033736,0.0,0.0,0.04067471,0.06101207,0.10168678,0.02033736,0.06101207,0.0,0.08134943,0.0,0.02033736,0.02033736,0.04067471,0.02033736,0.02033736,0.14730158,0.14089093
0.04007783,0.0,0.02003891,0.16031131,0.02003891,0.0,0.0,0.04007783,0.06011674,0.10019457,0.02003891,0.04007783,0.0,0.10019457,0.02003891,0.0,0.02003891,0.02003891,0.02003891,0.02003891,0.14006673,0.15857128
0.04040192,0.0,0.04040192,0.12120575,0.02020096,0.0,0.0,0.04040192,0.06060288,0.1010048,0.02020096,0.06060288,0.0,0.08080384,0.02020096,0.02020096,0.02020096,0.02020096,0.02020096,0.02020096,0.14113083,0.1518356
0.04079479,0.0,0.04079479,0.12238436,0.04079479,0.0,0.0,0.04079479,0.04079479,0.10198696,0.02039739,0.06119218,0.0,0.08158957,0.0,0.02039739,0.02039739,0.04079479,0.02039739,0.02039739,0.13815233,0.14793891
0.0404885,0.0,0.02024425,0.14170975,0.02024425,0.0,0.0,0.0404885,0.06073275,0.10122125,0.02024425,0.06073275,0.0,0.080977,0.02024425,0.02024425,0.02024425,0.02024425,0.02024425,0.02024425,0.13289359,0.15855768
0.03992314,0.0,0.01996157,0.15969258,0.01996157,0.0,0.0,0.03992314,0.05988472,0.07984629,0.01996157,0.03992314,0.0,0.09980786,0.01996157,0.0,0.01996157,0.01996157,0.03992314,0.01996157,0.135806,0.16553897
0.0,0.15585493,0.0,0.0,0.03896373,0.07792747,0.0,0.03896373,0.0,0.03896373,0.0,0.0,0.0,0.0,0.19481866,0.0,0.0,0.03896373,0.0,0.03896373,0.17185978,0.2047205
0.0,0.11958162,0.0,0.01993027,0.0,0.05979081,0.01993027,0.01993027,0.13951189,0.03986054,0.0,0.01993027,0.07972108,0.01993027,0.03986054,0.0,0.03986054,0.05979081,0.0,0.03986054,0.15583863,0.12667168
0.0,0.11992562,0.0,0.03997521,0.0,0.05996281,0.0199876,0.0199876,0.13991322,0.03997521,0.0,0.0199876,0.07995041,0.0,0.03997521,0.0,0.03997521,0.05996281,0.0,0.03997521,0.15486941,0.12557687
0.02336417,0.02336417,0.04672834,0.02336417,0.04672834,0.0,0.02336417,0.0,0.04672834,0.02336417,0.02336417,0.0,0.07009251,0.0,0.09345668,0.02336417,0.14018502,0.09345668,0.0,0.0,0.14761676,0.15145815
0.09677781,0.04838891,0.07258336,0.04838891,0.0,0.02419445,0.0,0.02419445,0.04838891,0.02419445,0.0,0.04838891,0.04838891,0.02419445,0.04838891,0.0,0.04838891,0.09677781,0.0,0.02419445,0.14654922,0.12761719
0.04753732,0.0,0.02376866,0.02376866,0.04753732,0.02376866,0.02376866,0.0,0.04753732,0.11884331,0.0,0.02376866,0.04753732,0.0,0.04753732,0.09507464,0.07130598,0.04753732,0.0,0.02376866,0.11044666,0.17649351
0.0,0.0,0.0,0.03990328,0.11970984,0.07980656,0.0,0.0,0.0,0.0,0.0,0.03990328,0.03990328,0.0,0.03990328,0.03990328,0.07980656,0.0,0.11970984,0.0,0.16544129,0.23600949
0.0,0.0,0.0,0.1566634,0.06962818,0.0,0.0,0.0,0.17407044,0.05222113,0.01740704,0.01740704,0.0,0.01740704,0.05222113,0.01740704,0.01740704,0.01740704,0.03481409,0.0,0.1493211,0.20661827
0.0174341,0.0,0.0348682,0.0348682,0.06973639,0.0348682,0.0,0.0,0.0348682,0.05230229,0.0174341,0.0348682,0.0174341,0.08717049,0.08717049,0.0348682,0.0174341,0.0174341,0.05230229,0.0,0.18179825,0.17314013
0.0,0.0,0.04116371,0.06174556,0.02058185,0.04116371,0.0,0.08232742,0.08232742,0.04116371,0.02058185,0.06174556,0.0,0.16465483,0.0,0.0,0.02058185,0.02058185,0.02058185,0.04116371,0.13460011,0.14503499
0.0,0.0,0.04043703,0.06065555,0.02021852,0.06065555,0.0,0.08087407,0.08087407,0.04043703,0.02021852,0.06065555,0.0,0.14152961,0.0,0.0,0.02021852,0.02021852,0.02021852,0.04043703,0.13430716,0.15804476
0.0,0.0,0.04408478,0.06612717,0.02204239,0.06612717,0.0,0.08816956,0.04408478,0.04408478,0.02204239,0.08816956,0.0,0.11021195,0.0,0.0,0.04408478,0.02204239,0.02204239,0.04408478,0.13162858,0.14097256
0.0,0.0,0.04065393,0.0609809,0.02032697,0.0609809,0.0,0.10163484,0.08130787,0.04065393,0.02032697,0.0609809,0.0,0.10163484,0.0,0.0,0.04065393,0.02032697,0.02032697,0.04065393,0.13391843,0.15463771
0.0,0.0,0.04058938,0.06088407,0.02029469,0.04058938,0.02029469,0.08117876,0.04058938,0.06088407,0.02029469,0.10147345,0.0,0.08117876,0.0,0.0,0.06088407,0.02029469,0.04058938,0.04058938,0.1322075,0.13718363
0.0,0.0,0.04033091,0.06049637,0.02016546,0.06049637,0.0,0.08066182,0.08066182,0.04033091,0.02016546,0.06049637,0.0,0.14115819,0.0,0.0,0.02016546,0.02016546,0.02016546,0.04033091,0.13307598,0.16113307
0.0,0.0,0.0439472,0.0659208,0.0219736,0.0439472,0.0,0.0878944,0.0659208,0.0439472,0.0219736,0.0878944,0.0,0.109868,0.0,0.0,0.0439472,0.0219736,0.0219736,0.0439472,0.13631848,0.1385527
0.0,0.0,0.04070446,0.06105669,0.02035223,0.04070446,0.0,0.08140892,0.10176115,0.04070446,0.02035223,0.06105669,0.0,0.16281784,0.0,0.0,0.02035223,0.02035223,0.02035223,0.02035223,0.14447933,0.14319262
0.0,0.0,0.05900374,0.05900374,0.01966791,0.03933582,0.0,0.07867165,0.09833956,0.03933582,0.01966791,0.03933582,0.0,0.13767539,0.0,0.0,0.01966791,0.01966791,0.03933582,0.01966791,0.15098725,0.16063582
0.0,0.0,0.04305618,0.06458427,0.02152809,0.06458427,0.0,0.06458427,0.08611236,0.04305618,0.02152809,0.06458427,0.0,0.10764045,0.0,0.0,0.04305618,0.02152809,0.02152809,0.04305618,0.13631569,0.15325735
0.0,0.0,0.04160059,0.06240089,0.0208003,0.04160059,0.0208003,0.08320119,0.04160059,0.04160059,0.0208003,0.10400148,0.0,0.10400148,0.0,0.0,0.04160059,0.0208003,0.04160059,0.04160059,0.13345594,0.13853368
0.0,0.0,0.04144025,0.04144025,0.02072012,0.04144025,0.0,0.0828805,0.10360062,0.04144025,0.02072012,0.06216037,0.0,0.16576099,0.0,0.0,0.02072012,0.02072012,0.02072012,0.04144025,0.12495818,0.14983747
0.0,0.0,0.04093771,0.04093771,0.02046886,0.04093771,0.0,0.08187543,0.10234429,0.04093771,0.02046886,0.06140657,0.0,0.16375086,0.0,0.0,0.02046886,0.02046886,0.02046886,0.04093771,0.13687589,0.14671411
0.17111927,0.0,0.0,0.0,0.0,0.17111927,0.04277982,0.04277982,0.0,0.04277982,0.04277982,0.0,0.0,0.08555964,0.0,0.0,0.12833945,0.08555964,0.0,0.04277982,0.07034623,0.07405741
0.03646638,0.10939915,0.0,0.0,0.0,0.07293277,0.0,0.0,0.03646638,0.0,0.03646638,0.10939915,0.03646638,0.0,0.03646638,0.2187983,0.07293277,0.0,0.0,0.03646638,0.09955186,0.09818772
0.09322725,0.0,0.0,0.0621515,0.03107575,0.09322725,0.0,0.03107575,0.0621515,0.0621515,0.0,0.03107575,0.0,0.0,0.03107575,0.0,0.0621515,0.0,0.0621515,0.0,0.16055019,0.21793481
0.09421891,0.0,0.0,0.06281261,0.0314063,0.09421891,0.0,0.0314063,0.06281261,0.06281261,0.0,0.0314063,0.0314063,0.0,0.0314063,0.0,0.0314063,0.0,0.06281261,0.0,0.16635886,0.20551506
0.09498311,0.0,0.0,0.06332208,0.03166104,0.09498311,0.0,0.03166104,0.06332208,0.03166104,0.0,0.03166104,0.03166104,0.0,0.03166104,0.0,0.06332208,0.0,0.06332208,0.0,0.15634087,0.21043837
0.09408482,0.0,0.0,0.06272321,0.03136161,0.09408482,0.0,0.03136161,0.06272321,0.06272321,0.0,0.0,0.03136161,0.0,0.03136161,0.0,0.06272321,0.0,0.06272321,0.0,0.16690691,0.20586095
0.09785194,0.0,0.0,0.06523463,0.03261731,0.09785194,0.0,0.03261731,0.06523463,0.06523463,0.0,0.03261731,0.03261731,0.0,0.0,0.0,0.06523463,0.0,0.06523463,0.0,0.15128093,0.19637278
0.09310737,0.0,0.0,0.06207158,0.03103579,0.09310737,0.0,0.0,0.06207158,0.06207158,0.0,0.03103579,0.03103579,0.0,0.03103579,0.0,0.06207158,0.0,0.06207158,0.0,0.17465636,0.20462782
0.09219125,0.0,0.0,0.06146083,0.03073042,0.09219125,0.0,0.03073042,0.06146083,0.06146083,0.0,0.03073042,0.03073042,0.0,0.03073042,0.0,0.03073042,0.0,0.06146083,0.0,0.15960019,0.2257915
0.09387404,0.0,0.0,0.06258269,0.03129135,0.09387404,0.0,0.03129135,0.06258269,0.03129135,0.0,0.03129135,0.03129135,0.0,0.03129135,0.0,0.06258269,0.0,0.06258269,0.0,0.17115423,0.20301884
0.09451763,0.0,0.0,0.06301175,0.03150588,0.09451763,0.0,0.03150588,0.03150588,0.06301175,0.0,0.03150588,0.03150588,0.0,0.03150588,0.0,0.06301175,0.0,0.06301175,0.0,0.16324687,0.20663561
0.09411136,0.0,0.0,0.06274091,0.03137045,0.06274091,0.0,0.03137045,0.06274091,0.06274091,0.0,0.03137045,0.03137045,0.0,0.03137045,0.0,0.06274091,0.0,0.06274091,0.0,0.16155828,0.21103264
0.0626571,0.0,0.0,0.0626571,0.03132855,0.09398564,0.0,0.03132855,0.0626571,0.0626571,0.0,0.03132855,0.03132855,0.0,0.03132855,0.0,0.0626571,0.0,0.0626571,0.0,0.16199233,0.21143672
0.09483134,0.0,0.0,0.06322089,0.0,0.09483134,0.0,0.03161045,0.06322089,0.06322089,0.0,0.03161045,0.03161045,0.0,0.03161045,0.0,0.06322089,0.0,0.06322089,0.0,0.16277096,0.20502009
0.0620288,0.0,0.0,0.0620288,0.0310144,0.0930432,0.0,0.0310144,0.0620288,0.0620288,0.0,0.0310144,0.0310144,0.0,0.0310144,0.0,0.0620288,0.0,0.0620288,0.0,0.16603848,0.21367349
0.09330926,0.0,0.0,0.03110309,0.03110309,0.09330926,0.0,0.03110309,0.06220617,0.06220617,0.0,0.03110309,0.03110309,0.0,0.03110309,0.0,0.06220617,0.0,0.06220617,0.0,0.17361481,0.20432344
0.0621945,0.0,0.0,0.0621945,0.03109725,0.09329175,0.0,0.03109725,0.0621945,0.0621945,0.0,0.03109725,0.03109725,0.0,0.03109725,0.0,0.0621945,0.0,0.0621945,0.0,0.16665115,0.21140383
0.05958956,0.02979478,0.0,0.02979478,0.02979478,0.02979478,0.0,0.05958956,0.05958956,0.02979478,0.0,0.0,0.0,0.02979478,0.11917913,0.0,0.05958956,0.0,0.05958956,0.0,0.18684611,0.21725825
0.09540334,0.0,0.0,0.03180111,0.03180111,0.09540334,0.0,0.03180111,0.06360223,0.06360223,0.0,0.03180111,0.03180111,0.0,0.03180111,0.0,0.06360223,0.0,0.06360223,0.0,0.15293881,0.21103891
0.24058839,0.0,0.0,0.0,0.0,0.1202942,0.04009807,0.08019613,0.0,0.1202942,0.04009807,0.0,0.0,0.0,0.0,0.04009807,0.1202942,0.08019613,0.0,0.0,0.06878462,0.04905795
0.10590202,0.0,0.0,0.10590202,0.07060135,0.03530067,0.0,0.03530067,0.07060135,0.07060135,0.07060135,0.0,0.0,0.03530067,0.0,0.0,0.03530067,0.03530067,0.0,0.03530067,0.16074898,0.13323755
0.0,0.0,0.0,0.0,0.0,0.2235848,0.0,0.14905654,0.03726413,0.18632067,0.0,0.03726413,0.03726413,0.03726413,0.0,0.0,0.0,0.0,0.0,0.03726413,0.12227879,0.13243853
0.096954,0.0,0.0,0.048477,0.0,0.048477,0.0,0.048477,0.0,0.096954,0.0,0.048477,0.0,0.0,0.048477,0.0,0.048477,0.0,0.096954,0.0,0.18223757,0.2360384
0.08381431,0.0,0.0,0.04190716,0.04190716,0.04190716,0.0,0.04190716,0.04190716,0.08381431,0.0,0.04190716,0.0,0.0,0.04190716,0.0,0.04190716,0.0,0.08381431,0.0,0.18158175,0.23171806
0.11053781,0.0,0.0,0.03684594,0.03684594,0.03684594,0.0,0.03684594,0.07369187,0.07369187,0.0,0.03684594,0.0,0.0,0.03684594,0.0,0.03684594,0.0,0.07369187,0.0,0.17289856,0.23756646
0.0,0.0435226,0.0,0.0,0.0,0.21761302,0.0,0.13056781,0.0,0.39170344,0.0,0.0,0.0435226,0.0,0.0,0.0,0.0,0.0435226,0.0,0.0,0.07389879,0.05564913
0.0,0.0,0.02946027,0.02946027,0.0,0.05892055,0.0,0.05892055,0.05892055,0.05892055,0.0,0.02946027,0.02946027,0.05892055,0.02946027,0.0,0.0,0.02946027,0.08838082,0.02946027,0.19560732,0.21518722
0.0,0.0,0.07393526,0.07393526,0.03696763,0.0,0.0,0.11090289,0.07393526,0.03696763,0.03696763,0.07393526,0.0,0.14787052,0.0,0.0,0.03696763,0.0,0.0,0.03696763,0.12346384,0.13718358
0.0,0.0,0.03119168,0.03119168,0.0,0.06238335,0.0,0.03119168,0.06238335,0.03119168,0.0,0.03119168,0.0,0.1247667,0.03119168,0.0,0.03119168,0.06238335,0.09357503,0.0,0.20500297,0.17116351
0.06460252,0.0,0.03230126,0.09690378,0.0,0.0,0.0,0.03230126,0.06460252,0.06460252,0.03230126,0.0,0.09690378,0.0,0.09690378,0.0,0.0,0.06460252,0.0,0.06460252,0.13210637,0.15726594
0.10230449,0.0,0.0,0.0341015,0.0341015,0.0341015,0.0,0.0341015,0.06820299,0.06820299,0.0,0.0341015,0.0341015,0.0,0.0341015,0.0,0.06820299,0.0,0.06820299,0.0,0.16265799,0.2235151
0.03119814,0.0,0.0,0.03119814,0.03119814,0.06239628,0.0,0.03119814,0.0,0.09359442,0.0,0.06239628,0.03119814,0.06239628,0.09359442,0.03119814,0.0,0.0,0.03119814,0.03119814,0.16171375,0.21432347
0.03388203,0.03388203,0.0,0.0,0.0,0.06776407,0.0,0.03388203,0.03388203,0.03388203,0.03388203,0.1016461,0.06776407,0.0,0.06776407,0.06776407,0.03388203,0.0,0.03388203,0.03388203,0.132768,0.18959131
0.03574394,0.0,0.0,0.03574394,0.0,0.03574394,0.03574394,0.03574394,0.03574394,0.17871972,0.0,0.07148789,0.0,0.03574394,0.03574394,0.0,0.07148789,0.10723183,0.0,0.0,0.15973442,0.12538671
0.0,0.02997973,0.0,0.02997973,0.0,0.05995945,0.0,0.05995945,0.02997973,0.0,0.0,0.02997973,0.02997973,0.02997973,0.14989863,0.0,0.08993918,0.0,0.05995945,0.0,0.19258524,0.20782024
0.14060558,0.0,0.0,0.0,0.0,0.0,0.03515139,0.07030279,0.07030279,0.10545418,0.03515139,0.0,0.03515139,0.0,0.10545418,0.03515139,0.03515139,0.07030279,0.0,0.03515139,0.1190766,0.10759272
0.06757304,0.0,0.0,0.0,0.0,0.0,0.20271912,0.0,0.06757304,0.06757304,0.06757304,0.06757304,0.13514608,0.0,0.0,0.0,0.06757304,0.0,0.06757304,0.0,0.08160292,0.1075206
0.06466923,0.03233461,0.0,0.06466923,0.03233461,0.0,0.06466923,0.0,0.03233461,0.12933846,0.0,0.0,0.09700384,0.0,0.06466923,0.03233461,0.0,0.03233461,0.0,0.03233461,0.16100996,0.15996313
0.06226423,0.06226423,0.0,0.06226423,0.03113212,0.0,0.06226423,0.0,0.03113212,0.12452847,0.0,0.0,0.09339635,0.0,0.06226423,0.03113212,0.0,0.03113212,0.0,0.03113212,0.1546706,0.16042281
0.0707714,0.0707714,0.0,0.0707714,0.0353857,0.0,0.0707714,0.0,0.0353857,0.1061571,0.0,0.0,0.0707714,0.0,0.0707714,0.0353857,0.0,0.0353857,0.0,0.0353857,0.15669583,0.13559014
0.05770821,0.0,0.0,0.05770821,0.05770821,0.0,0.0,0.05770821,0.05770821,0.28854106,0.0,0.0,0.0,0.0,0.0,0.0,0.0,0.05770821,0.05770821,0.05770821,0.1579377,0.09185554
0.0,0.0,0.0,0.0632399,0.0632399,0.0,0.0,0.0632399,0.0632399,0.31619952,0.0,0.0,0.0,0.0,0.0,0.0,0.0,0.0632399,0.0632399,0.0632399,0.16742592,0.07369523
0.0,0.0,0.0,0.07121298,0.07121298,0.0,0.0,0.0,0.07121298,0.35606488,0.0,0.0,0.0,0.0,0.0,0.0,0.0,0.07121298,0.07121298,0.07121298,0.1521484,0.06450886
0.05019293,0.0,0.0,0.05019293,0.10038586,0.0,0.0,0.05019293,0.05019293,0.25096464,0.0,0.0,0.0,0.0,0.0,0.05019293,0.0,0.05019293,0.05019293,0.05019293,0.16426998,0.08283609
0.0496107,0.0,0.0,0.0496107,0.09922141,0.0,0.0,0.0496107,0.0496107,0.19844282,0.0,0.0,0.0,0.0,0.0,0.0496107,0.0,0.09922141,0.0496107,0.0496107,0.17077865,0.0850608
0.0,0.0,0.0,0.08124362,0.08124362,0.0,0.0,0.0,0.0,0.40621812,0.0,0.0,0.0,0.0,0.0,0.0,0.0,0.08124362,0.08124362,0.08124362,0.11415271,0.07341106
0.03350721,0.03350721,0.10052164,0.03350721,0.03350721,0.0,0.0,0.03350721,0.03350721,0.06701443,0.0,0.0,0.0,0.0,0.03350721,0.06701443,0.0,0.03350721,0.10052164,0.0,0.21055819,0.18631196
0.0,0.03390322,0.10170965,0.06780643,0.03390322,0.0,0.0,0.03390322,0.03390322,0.06780643,0.0,0.0,0.0,0.0,0.03390322,0.06780643,0.0,0.03390322,0.10170965,0.0,0.21945509,0.170287
0.0,0.0332107,0.09963209,0.0332107,0.0332107,0.0332107,0.0,0.0332107,0.0332107,0.0664214,0.0,0.0,0.0,0.0,0.0332107,0.0664214,0.0,0.0332107,0.09963209,0.0,0.2158684,0.18633904
0.0,0.03379472,0.10138416,0.03379472,0.03379472,0.0,0.0,0.06758944,0.03379472,0.10138416,0.0,0.0,0.0,0.0,0.03379472,0.06758944,0.0,0.0,0.10138416,0.0,0.19865034,0.19304469
0.0,0.03372706,0.10118119,0.03372706,0.03372706,0.0,0.0,0.03372706,0.03372706,0.13490825,0.0,0.0,0.0,0.0,0.03372706,0.06745412,0.0,0.0,0.10118119,0.0,0.19888114,0.19403174
0.0,0.03390485,0.10171454,0.03390485,0.03390485,0.0,0.0,0.03390485,0.03390485,0.06780969,0.0,0.0,0.0,0.0,0.03390485,0.10171454,0.0,0.03390485,0.10171454,0.0,0.2109575,0.17875529
0.0,0.03343567,0.10030701,0.03343567,0.03343567,0.0,0.0,0.03343567,0.03343567,0.06687134,0.0,0.0,0.0,0.0,0.03343567,0.06687134,0.0,0.06687134,0.10030701,0.0,0.20327711,0.19488084
0.0,0.03370048,0.10110144,0.03370048,0.03370048,0.0,0.0,0.03370048,0.03370048,0.13480192,0.0,0.0,0.0,0.0,0.03370048,0.06740096,0.0,0.0,0.10110144,0.0,0.19885285,0.19453851
0.0,0.03362095,0.10086284,0.03362095,0.03362095,0.0,0.0,0.03362095,0.03362095,0.10086284,0.0,0.0,0.0,0.0,0.03362095,0.06724189,0.0,0.03362095,0.10086284,0.0,0.20010938,0.19471357
0.0,0.0336332,0.10089959,0.0336332,0.0336332,0.0,0.0,0.0,0.0336332,0.16816599,0.0,0.0,0.0,0.0,0.0336332,0.0672664,0.0,0.0,0.10089959,0.0,0.19908261,0.19551983
0.0,0.03355398,0.10066194,0.03355398,0.03355398,0.0,0.0,0.0,0.03355398,0.13421593,0.0,0.0,0.0,0.0,0.03355398,0.06710796,0.0,0.03355398,0.10066194,0.0,0.2003361,0.19569223
0.0,0.03080462,0.09241386,0.03080462,0.03080462,0.03080462,0.0,0.06160924,0.03080462,0.06160924,0.0,0.0,0.0,0.0,0.03080462,0.09241386,0.0,0.03080462,0.09241386,0.0,0.18468969,0.19921792
0.0,0.03177946,0.09533839,0.03177946,0.03177946,0.03177946,0.0,0.06355893,0.03177946,0.06355893,0.0,0.0,0.0,0.0,0.03177946,0.06355893,0.0,0.03177946,0.09533839,0.0,0.18945886,0.20673134
0.0,0.03225174,0.09675523,0.03225174,0.03225174,0.0,0.0,0.06450349,0.03225174,0.06450349,0.0,0.0,0.0,0.0,0.03225174,0.06450349,0.03225174,0.03225174,0.09675523,0.0,0.19750681,0.18971008
0.0,0.03021023,0.09063069,0.03021023,0.03021023,0.0,0.0,0.06042046,0.03021023,0.06042046,0.0,0.0,0.0,0.0,0.03021023,0.06042046,0.03021023,0.03021023,0.12084092,0.0,0.19638346,0.19941192
0.0,0.03411717,0.10235151,0.03411717,0.03411717,0.0,0.0,0.06823434,0.03411717,0.06823434,0.0,0.0,0.0,0.0,0.03411717,0.06823434,0.0,0.03411717,0.10235151,0.0,0.22590363,0.15998731
0.0,0.04201335,0.0840267,0.04201335,0.0,0.0,0.0,0.0840267,0.0,0.0840267,0.0,0.0,0.0,0.0,0.04201335,0.04201335,0.0,0.04201335,0.12604005,0.0,0.20096295,0.21085014
0.0,0.03371474,0.10114423,0.03371474,0.03371474,0.0,0.0,0.06742949,0.03371474,0.06742949,0.0,0.0,0.0,0.0,0.03371474,0.06742949,0.0,0.03371474,0.10114423,0.0,0.19991085,0.19322378
0.0,0.03408748,0.10226245,0.03408748,0.03408748,0.0,0.0,0.06817497,0.03408748,0.06817497,0.0,0.0,0.0,0.0,0.03408748,0.06817497,0.0,0.03408748,0.10226245,0.0,0.19462169,0.19180359
0.0,0.033122,0.09936599,0.033122,0.033122,0.0,0.0,0.066244,0.033122,0.066244,0.0,0.0,0.0,0.0,0.033122,0.066244,0.0,0.033122,0.09936599,0.0,0.18235028,0.22145376
0.0,0.03492992,0.10478976,0.0,0.03492992,0.0,0.0,0.03492992,0.03492992,0.06985984,0.0,0.0,0.0,0.0,0.03492992,0.03492992,0.06985984,0.06985984,0.10478976,0.0,0.19218529,0.17907614
0.0,0.03480119,0.10440356,0.0,0.03480119,0.0,0.0,0.03480119,0.03480119,0.06960237,0.0,0.0,0.0,0.0,0.03480119,0.03480119,0.06960237,0.06960237,0.10440356,0.0,0.19518835,0.17839031
0.0,0.03494403,0.10483208,0.0,0.03494403,0.0,0.0,0.06988806,0.03494403,0.03494403,0.0,0.0,0.0,0.0,0.03494403,0.06988806,0.0,0.10483208,0.10483208,0.0,0.20703584,0.16397166
0.0,0.0,0.07222561,0.03611281,0.03611281,0.0,0.03611281,0.0,0.03611281,0.10833842,0.0,0.0,0.0,0.0,0.0,0.07222561,0.0,0.10833842,0.14445122,0.0,0.20772209,0.1422474
0.0,0.03443733,0.103312,0.0,0.03443733,0.0,0.0,0.0,0.03443733,0.06887467,0.0,0.0,0.0,0.0,0.03443733,0.06887467,0.03443733,0.103312,0.103312,0.0,0.19601192,0.18411607
0.0,0.0,0.09993875,0.03331292,0.03331292,0.0,0.0,0.06662583,0.03331292,0.06662583,0.0,0.0,0.0,0.0,0.03331292,0.09993875,0.0,0.03331292,0.09993875,0.0,0.19862027,0.20174723
0.0,0.0,0.09442095,0.03147365,0.03147365,0.0,0.0,0.0629473,0.03147365,0.0629473,0.0,0.0,0.0,0.0,0.0629473,0.0629473,0.0,0.03147365,0.09442095,0.0,0.20782107,0.22565321
0.0,0.0,0.09845189,0.06563459,0.0328173,0.0,0.0,0.06563459,0.0328173,0.06563459,0.0,0.0,0.0,0.0,0.0328173,0.06563459,0.0,0.0328173,0.09845189,0.0,0.19843535,0.21085331
0.0,0.03576839,0.14307357,0.07153679,0.03576839,0.0,0.0,0.07153679,0.0,0.07153679,0.0,0.0,0.0,0.0,0.0,0.07153679,0.0,0.03576839,0.10730518,0.0,0.17933347,0.17683545
0.0,0.03316724,0.09950172,0.0,0.03316724,0.0,0.0,0.06633448,0.06633448,0.06633448,0.0,0.0,0.0,0.0,0.03316724,0.06633448,0.0,0.03316724,0.09950172,0.0,0.20379509,0.1991946
0.0,0.03047236,0.03047236,0.03047236,0.03047236,0.0,0.0,0.06094473,0.03047236,0.06094473,0.0,0.0,0.0,0.0,0.09141709,0.06094473,0.0,0.03047236,0.09141709,0.0,0.2155159,0.23598156
0.0,0.03043271,0.03043271,0.0,0.03043271,0.0,0.0,0.06086541,0.06086541,0.06086541,0.0,0.0,0.0,0.0,0.09129812,0.06086541,0.0,0.03043271,0.09129812,0.0,0.21959957,0.23261174
0.0,0.02953148,0.0,0.0,0.02953148,0.0,0.0,0.05906297,0.05906297,0.05906297,0.0,0.0,0.0,0.0,0.11812594,0.05906297,0.0,0.02953148,0.08859445,0.0,0.22028322,0.24815007
0.02430621,0.0,0.04861242,0.09722484,0.0,0.0,0.0,0.07291863,0.09722484,0.07291863,0.0,0.04861242,0.0,0.02430621,0.04861242,0.12153105,0.0,0.0,0.02430621,0.0,0.16256885,0.15685727
0.04989049,0.0,0.07483574,0.09978098,0.0,0.0,0.0,0.09978098,0.07483574,0.07483574,0.0,0.02494525,0.02494525,0.0,0.04989049,0.07483574,0.0,0.02494525,0.02494525,0.0,0.1612078,0.14032531
0.03929236,0.0,0.09823089,0.07858471,0.0,0.0,0.0,0.07858471,0.07858471,0.07858471,0.0,0.03929236,0.01964618,0.01964618,0.03929236,0.09823089,0.0,0.01964618,0.01964618,0.0,0.15745945,0.13527815
0.03902696,0.0,0.07805392,0.07805392,0.0,0.0,0.0,0.0975674,0.07805392,0.07805392,0.0,0.03902696,0.01951348,0.01951348,0.03902696,0.0975674,0.0,0.01951348,0.01951348,0.0,0.15728071,0.14023398
0.03903634,0.0,0.07807269,0.07807269,0.0,0.0,0.0,0.09759086,0.07807269,0.05855451,0.0,0.05855451,0.01951817,0.01951817,0.03903634,0.09759086,0.0,0.01951817,0.01951817,0.0,0.15362122,0.14372461
0.02041131,0.0,0.08164524,0.02041131,0.0,0.0,0.0,0.08164524,0.08164524,0.04082262,0.02041131,0.02041131,0.0,0.10205655,0.0,0.12246786,0.04082262,0.06123393,0.0,0.04082262,0.12419039,0.14100244
0.0,0.0,0.0,0.0,0.0,0.0,0.0,0.10372632,0.0,0.0,0.0,0.10372632,0.0,0.10372632,0.10372632,0.20745264,0.10372632,0.0,0.0,0.0,0.17694673,0.09696903
0.11168632,0.11168632,0.0,0.0,0.11168632,0.0,0.0,0.0,0.11168632,0.0,0.0,0.0,0.0,0.0,0.0,0.0,0.0,0.0,0.22337264,0.0,0.12224827,0.2076338
0.06154303,0.0,0.0,0.12308607,0.0,0.0,0.0,0.06154303,0.06154303,0.06154303,0.0,0.06154303,0.06154303,0.0,0.12308607,0.0,0.0,0.0,0.0,0.06154303,0.14700703,0.1760196
0.08136904,0.16273807,0.0,0.02712301,0.0,0.05424602,0.0,0.10849205,0.05424602,0.0,0.0,0.02712301,0.05424602,0.0,0.02712301,0.08136904,0.0,0.05424602,0.02712301,0.02712301,0.11113298,0.10229969
0.04828896,0.0,0.0,0.0,0.04828896,0.0,0.04828896,0.09657791,0.04828896,0.0,0.0,0.09657791,0.09657791,0.0,0.04828896,0.0,0.14486687,0.0,0.04828896,0.0,0.15461934,0.1210463
0.02537561,0.15225366,0.0,0.05075122,0.05075122,0.05075122,0.0,0.07612683,0.05075122,0.02537561,0.02537561,0.05075122,0.0,0.0,0.0,0.12687805,0.02537561,0.05075122,0.0,0.02537561,0.11714998,0.0962061
0.02585114,0.15510683,0.0,0.02585114,0.02585114,0.07755342,0.0,0.07755342,0.05170228,0.0,0.0,0.02585114,0.05170228,0.0,0.02585114,0.10340455,0.02585114,0.07755342,0.0,0.02585114,0.10921741,0.11524844
0.0,0.04280231,0.0,0.0,0.12840694,0.08560463,0.08560463,0.0,0.0,0.08560463,0.0,0.0,0.04280231,0.04280231,0.04280231,0.08560463,0.04280231,0.08560463,0.0,0.0,0.11051034,0.119048
0.07583571,0.15167142,0.03791785,0.0,0.07583571,0.15167142,0.0,0.03791785,0.0,0.03791785,0.0,0.03791785,0.0,0.0,0.0,0.03791785,0.0,0.07583571,0.03791785,0.03791785,0.10980233,0.09392272
0.07248678,0.07248678,0.03624339,0.0,0.03624339,0.10873016,0.0,0.0,0.0,0.0,0.0,0.03624339,0.10873016,0.03624339,0.0,0.0,0.0,0.10873016,0.10873016,0.0,0.16623481,0.10889742
0.0206827,0.0,0.04136539,0.14477887,0.0,0.0,0.0206827,0.06204809,0.04136539,0.10341348,0.0,0.08273079,0.0,0.08273079,0.0206827,0.06204809,0.0206827,0.0,0.0206827,0.0206827,0.12026395,0.13515899
0.16019775,0.0,0.0,0.142398,0.01779975,0.0,0.0,0.0,0.142398,0.08899875,0.0,0.01779975,0.0,0.0,0.0,0.01779975,0.0,0.0,0.05339925,0.0,0.15183659,0.20737241
0.0,0.0,0.04159022,0.16636089,0.0,0.0,0.02079511,0.06238533,0.04159022,0.10397555,0.0,0.08318044,0.0,0.08318044,0.02079511,0.06238533,0.02079511,0.0,0.02079511,0.02079511,0.11952138,0.13185463
0.0,0.05899974,0.0,0.0,0.05899974,0.0,0.0,0.0,0.05899974,0.0,0.05899974,0.0,0.0,0.05899974,0.17699923,0.0,0.0,0.0,0.11799949,0.0,0.26345899,0.14654357
0.0,0.0,0.0416401,0.0,0.0832802,0.0,0.0,0.0832802,0.0832802,0.0416401,0.0,0.0,0.0,0.0416401,0.1249203,0.0,0.0,0.0416401,0.0,0.0,0.19768722,0.26099149
0.03939591,0.03939591,0.03939591,0.07879183,0.03939591,0.07879183,0.11818774,0.0,0.07879183,0.0,0.03939591,0.0,0.0,0.19697957,0.0,0.03939591,0.0,0.0,0.0,0.0,0.09234457,0.11973717
0.04064558,0.12193673,0.08129115,0.02032279,0.02032279,0.08129115,0.0,0.02032279,0.02032279,0.04064558,0.0,0.02032279,0.04064558,0.0,0.06096836,0.04064558,0.08129115,0.04064558,0.0,0.02032279,0.11957978,0.12847708
0.0,0.20817071,0.0,0.0,0.06939024,0.06939024,0.0,0.06939024,0.0,0.0,0.0,0.0,0.0,0.0,0.13878047,0.0,0.06939024,0.0,0.0,0.0,0.17479727,0.20069061
0.0,0.19599391,0.0,0.0,0.03266565,0.0653313,0.0,0.03266565,0.0,0.03266565,0.0,0.0,0.0,0.0,0.16332826,0.0,0.03266565,0.03266565,0.0,0.0,0.15863147,0.2533868
0.0,0.0,0.03288403,0.0,0.06576806,0.03288403,0.0,0.06576806,0.06576806,0.06576806,0.0,0.03288403,0.0,0.03288403,0.09865208,0.0,0.0,0.06576806,0.0,0.0,0.18196505,0.25900647
0.0527726,0.1583178,0.0,0.0263863,0.0527726,0.0791589,0.0,0.0791589,0.0527726,0.0,0.0,0.0527726,0.0527726,0.0,0.0263863,0.0791589,0.0,0.0527726,0.0,0.0263863,0.11317803,0.09523296
0.0,0.20279606,0.0,0.0,0.0,0.13519738,0.0,0.10139803,0.0,0.0,0.0,0.0,0.0,0.0,0.13519738,0.0,0.0,0.0,0.0,0.03379934,0.18666471,0.2049471
0.0,0.19694779,0.0,0.0,0.0,0.09847389,0.0,0.13129853,0.0,0.0,0.0,0.0,0.0,0.0,0.16412316,0.0,0.0,0.0,0.0,0.0,0.16937603,0.23978061
0.0,0.20279606,0.0,0.0,0.0,0.13519738,0.0,0.10139803,0.0,0.0,0.0,0.0,0.0,0.0,0.13519738,0.0,0.0,0.0,0.0,0.03379934,0.18666471,0.2049471
0.1045499,0.0,0.0,0.02613747,0.0,0.13068737,0.02613747,0.05227495,0.1045499,0.13068737,0.0,0.0,0.0,0.0,0.0,0.05227495,0.05227495,0.0,0.0,0.02613747,0.13066852,0.16361966
0.10318416,0.0,0.0,0.02579604,0.0,0.1289802,0.0,0.05159208,0.10318416,0.10318416,0.0,0.02579604,0.0,0.0,0.0,0.02579604,0.07738812,0.02579604,0.0,0.02579604,0.13699867,0.16650827
0.0,0.0,0.02975842,0.05951684,0.08927526,0.02975842,0.0,0.05951684,0.08927526,0.05951684,0.0,0.02975842,0.0,0.02975842,0.08927526,0.0,0.0,0.02975842,0.0,0.0,0.17611523,0.22871638
0.0,0.0,0.02859721,0.02859721,0.05719443,0.02859721,0.0,0.08579164,0.08579164,0.05719443,0.0,0.02859721,0.0,0.02859721,0.08579164,0.0,0.0,0.05719443,0.0,0.0,0.17828536,0.24977039
0.0,0.0,0.02880009,0.0,0.05760019,0.02880009,0.0,0.08640028,0.08640028,0.05760019,0.0,0.02880009,0.0,0.05760019,0.08640028,0.0,0.0,0.05760019,0.0,0.0,0.17552586,0.24847227
0.03745108,0.0,0.0,0.0,0.03745108,0.07490215,0.0,0.03745108,0.07490215,0.07490215,0.03745108,0.03745108,0.0,0.0,0.0,0.03745108,0.0,0.14980431,0.03745108,0.03745108,0.1510691,0.17481152
0.05378197,0.1613459,0.02689098,0.02689098,0.0,0.05378197,0.0,0.05378197,0.02689098,0.02689098,0.0,0.02689098,0.05378197,0.0,0.0,0.08067295,0.05378197,0.10756393,0.02689098,0.02689098,0.09493287,0.09833764
0.02663417,0.15980503,0.0,0.02663417,0.02663417,0.07990252,0.0,0.05326834,0.05326834,0.02663417,0.0,0.05326834,0.05326834,0.0,0.02663417,0.05326834,0.05326834,0.07990252,0.0,0.02663417,0.10257031,0.09840452
0.0,0.16881098,0.0,0.02813516,0.0,0.14067581,0.0,0.02813516,0.0,0.02813516,0.0,0.05627033,0.08440549,0.0,0.02813516,0.05627033,0.11254065,0.05627033,0.02813516,0.0,0.09925032,0.08482996
0.07020237,0.03510118,0.03510118,0.0,0.03510118,0.10530355,0.0,0.03510118,0.0,0.0,0.0,0.0,0.10530355,0.03510118,0.0,0.0,0.03510118,0.10530355,0.10530355,0.0,0.16529283,0.13268351
0.0,0.0,0.0,0.0,0.12684266,0.03171067,0.0,0.03171067,0.22197466,0.03171067,0.0,0.0,0.0,0.0,0.095132,0.03171067,0.0,0.0,0.0,0.0,0.21235118,0.21685684
0.0,0.0,0.0,0.0,0.12485804,0.03121451,0.0,0.03121451,0.18728707,0.03121451,0.0,0.0,0.03121451,0.0,0.09364353,0.03121451,0.0,0.0,0.0,0.0,0.20450954,0.23362926
0.02966261,0.17797564,0.0,0.02966261,0.05932521,0.08898782,0.0,0.0,0.02966261,0.02966261,0.0,0.02966261,0.02966261,0.02966261,0.0,0.08898782,0.11865043,0.05932521,0.0,0.02966261,0.08717351,0.08227351
0.08645743,0.04322872,0.0,0.17291487,0.0,0.04322872,0.0,0.04322872,0.04322872,0.08645743,0.0,0.0,0.04322872,0.0,0.0,0.0,0.12968615,0.04322872,0.0,0.0,0.12447414,0.14063768
0.0,0.0537764,0.0,0.0537764,0.0,0.0537764,0.0,0.0537764,0.0537764,0.1075528,0.0,0.0,0.0537764,0.0,0.0,0.0,0.1075528,0.0,0.1075528,0.0,0.14749518,0.207188
0.0802893,0.04014465,0.0,0.12043395,0.0,0.04014465,0.0,0.04014465,0.04014465,0.0802893,0.0,0.0,0.04014465,0.0,0.0,0.0,0.12043395,0.0,0.0802893,0.0,0.158016,0.15952495
0.04468442,0.04468442,0.0,0.08936885,0.0,0.04468442,0.0,0.04468442,0.04468442,0.08936885,0.0,0.0,0.04468442,0.0,0.0,0.0,0.13405327,0.0,0.08936885,0.0,0.14895489,0.18077874
0.0,0.20151908,0.0,0.0,0.0,0.13434605,0.0,0.06717303,0.0,0.0,0.0,0.0,0.0,0.0,0.13434605,0.0,0.0,0.06717303,0.0,0.0,0.17808692,0.21735584
0.0,0.19932467,0.0,0.0,0.0,0.09966234,0.0,0.06644156,0.0,0.0,0.0,0.0,0.0,0.0,0.16610389,0.0,0.0,0.06644156,0.0,0.0,0.16491795,0.23710803
0.05166225,0.15498674,0.0,0.02583112,0.02583112,0.07749337,0.0,0.1033245,0.05166225,0.0,0.0,0.05166225,0.05166225,0.0,0.02583112,0.07749337,0.0,0.07749337,0.0,0.02583112,0.10218356,0.0970516
0.0,0.16760412,0.0,0.02793402,0.02793402,0.11173608,0.0,0.08380206,0.0,0.02793402,0.0,0.05586804,0.05586804,0.0,0.0,0.11173608,0.02793402,0.11173608,0.0,0.02793402,0.0799621,0.08201728
0.0,0.20366585,0.0,0.0,0.0,0.13577724,0.0,0.10183293,0.0,0.0,0.0,0.0,0.0,0.0,0.13577724,0.0,0.0,0.0,0.0,0.03394431,0.19442517,0.19457726
0.10938786,0.0,0.0,0.0,0.10938786,0.0,0.10938786,0.0,0.10938786,0.0,0.0,0.0,0.0,0.0,0.0,0.0,0.0,0.0,0.21877573,0.0,0.15269583,0.19097699
0.12593989,0.12593989,0.0,0.0,0.12593989,0.0,0.12593989,0.0,0.0,0.0,0.0,0.0,0.0,0.0,0.0,0.0,0.0,0.0,0.25187978,0.0,0.06547061,0.17889006
0.10308027,0.10308027,0.0,0.0,0.0,0.0,0.10308027,0.0,0.10308027,0.0,0.0,0.0,0.0,0.0,0.0,0.0,0.0,0.0,0.20616053,0.0,0.15794865,0.22356976
0.0,0.11596809,0.0,0.0,0.23193617,0.0,0.11596809,0.0,0.11596809,0.0,0.0,0.0,0.0,0.0,0.0,0.0,0.0,0.0,0.11596809,0.0,0.13851599,0.16567549
0.0,0.10024701,0.0,0.0,0.10024701,0.10024701,0.10024701,0.0,0.10024701,0.0,0.0,0.0,0.0,0.0,0.0,0.0,0.0,0.0,0.10024701,0.0,0.19893818,0.19957976
0.0,0.11137212,0.0,0.0,0.11137212,0.0,0.22274424,0.0,0.11137212,0.0,0.0,0.0,0.0,0.0,0.0,0.0,0.0,0.0,0.11137212,0.0,0.15246932,0.17929797
0.0,0.11248049,0.0,0.0,0.11248049,0.0,0.11248049,0.11248049,0.11248049,0.0,0.0,0.0,0.0,0.0,0.0,0.0,0.0,0.0,0.11248049,0.0,0.15624844,0.16886864
0.0,0.09477426,0.0,0.0,0.09477426,0.0,0.09477426,0.0,0.09477426,0.0,0.0,0.0,0.0,0.0,0.09477426,0.0,0.0,0.0,0.09477426,0.0,0.19309384,0.2382606
0.0,0.10971703,0.0,0.0,0.10971703,0.0,0.10971703,0.0,0.10971703,0.0,0.0,0.0,0.0,0.0,0.0,0.0,0.0,0.10971703,0.10971703,0.0,0.16739967,0.17429813
0.0,0.11569553,0.0,0.0,0.11569553,0.0,0.11569553,0.0,0.11569553,0.0,0.0,0.0,0.0,0.0,0.0,0.0,0.0,0.0,0.23139107,0.0,0.12878949,0.17703731
0.0,0.11567086,0.0,0.0,0.11567086,0.0,0.11567086,0.0,0.11567086,0.0,0.0,0.0,0.0,0.0,0.0,0.0,0.0,0.0,0.11567086,0.11567086,0.13434476,0.1716301
0.0,0.0,0.02081516,0.12489095,0.0,0.0,0.02081516,0.08326063,0.02081516,0.04163032,0.04163032,0.12489095,0.0,0.06244548,0.02081516,0.06244548,0.04163032,0.0,0.06244548,0.02081516,0.11652347,0.13413082
0.0402781,0.0,0.0,0.0402781,0.0402781,0.0402781,0.0,0.0402781,0.1208343,0.0402781,0.0402781,0.0,0.0402781,0.0402781,0.0805562,0.0402781,0.0,0.0,0.0,0.0402781,0.21048941,0.145061
0.0,0.15338227,0.02556371,0.05112742,0.02556371,0.02556371,0.02556371,0.05112742,0.07669113,0.02556371,0.0,0.05112742,0.05112742,0.0,0.0,0.05112742,0.02556371,0.07669113,0.02556371,0.02556371,0.12099031,0.11209834
0.0,0.15390402,0.02565067,0.05130134,0.02565067,0.02565067,0.02565067,0.07695201,0.07695201,0.0,0.0,0.05130134,0.05130134,0.0,0.0,0.05130134,0.02565067,0.07695201,0.02565067,0.02565067,0.12031836,0.11016156
0.0,0.11468372,0.0,0.0,0.0,0.0,0.0,0.0,0.05734186,0.05734186,0.0,0.0,0.11468372,0.0,0.11468372,0.11468372,0.0,0.05734186,0.0,0.05734186,0.16330107,0.14859661
0.0,0.10360665,0.0,0.0,0.05180332,0.0,0.0,0.0,0.05180332,0.05180332,0.0,0.0,0.10360665,0.0,0.10360665,0.10360665,0.0,0.05180332,0.0,0.05180332,0.18711039,0.13944641
0.0,0.09482242,0.0,0.0,0.09482242,0.0,0.0,0.0,0.04741121,0.04741121,0.0,0.0,0.09482242,0.0,0.09482242,0.09482242,0.0,0.04741121,0.0,0.04741121,0.17023306,0.16601003
0.07565894,0.0,0.07565894,0.07565894,0.0,0.0,0.0,0.0,0.07565894,0.07565894,0.0,0.07565894,0.0,0.07565894,0.0,0.0,0.15131788,0.0,0.0,0.07565894,0.09931749,0.14409309
0.07620979,0.11431468,0.03810489,0.0,0.03810489,0.07620979,0.0,0.0,0.0,0.03810489,0.0,0.03810489,0.11431468,0.03810489,0.0,0.0,0.0,0.11431468,0.07620979,0.0,0.12530708,0.11259502
0.07766077,0.07766077,0.03883039,0.03883039,0.15532154,0.0,0.0,0.07766077,0.03883039,0.03883039,0.0,0.03883039,0.11649116,0.0,0.0,0.03883039,0.0,0.03883039,0.0,0.0,0.11396841,0.10942388
0.07870254,0.07870254,0.0,0.03935127,0.15740508,0.0,0.0,0.07870254,0.03935127,0.03935127,0.0,0.03935127,0.15740508,0.0,0.0,0.03935127,0.0,0.03935127,0.0,0.0,0.11322451,0.09975008
0.1184606,0.07897373,0.0,0.03948687,0.1184606,0.0,0.0,0.07897373,0.03948687,0.07897373,0.0,0.0,0.15794746,0.0,0.0,0.03948687,0.0,0.03948687,0.0,0.0,0.11755088,0.0927118
0.03875042,0.07750084,0.0,0.03875042,0.15500168,0.03875042,0.0,0.07750084,0.03875042,0.03875042,0.0,0.0,0.15500168,0.0,0.0,0.03875042,0.0,0.07750084,0.0,0.0,0.11071879,0.11427283
0.0397603,0.07952059,0.0,0.0397603,0.15904118,0.0,0.0,0.07952059,0.0397603,0.0397603,0.0,0.0397603,0.15904118,0.0,0.0,0.0397603,0.0,0.07952059,0.0,0.0,0.09512532,0.10966876
0.03877715,0.0775543,0.0,0.03877715,0.11633144,0.0775543,0.0,0.0775543,0.03877715,0.03877715,0.0,0.0,0.15510859,0.0,0.0,0.03877715,0.0,0.0775543,0.0,0.0,0.12748674,0.0969703
0.0399882,0.07997641,0.0,0.0399882,0.11996461,0.0,0.0,0.07997641,0.0399882,0.07997641,0.0,0.0399882,0.15995281,0.0,0.0,0.0399882,0.0,0.07997641,0.0,0.0,0.09376883,0.10646711
0.03812696,0.07625391,0.0,0.07625391,0.11438087,0.03812696,0.0,0.07625391,0.03812696,0.07625391,0.0,0.0,0.15250783,0.0,0.0,0.03812696,0.0,0.03812696,0.0,0.0,0.11979276,0.11766812
0.03773698,0.03773698,0.0,0.07547396,0.15094793,0.03773698,0.0,0.07547396,0.03773698,0.07547396,0.0,0.0,0.15094793,0.0,0.0,0.03773698,0.0,0.03773698,0.0,0.0,0.12421144,0.12104892
0.03719136,0.0,0.0,0.07438272,0.14876543,0.03719136,0.0,0.11157407,0.03719136,0.03719136,0.0,0.0,0.14876543,0.0,0.0,0.03719136,0.0,0.07438272,0.0,0.0,0.13257975,0.12359308
0.03881112,0.07762223,0.0,0.07762223,0.15524446,0.0,0.0,0.07762223,0.03881112,0.03881112,0.03881112,0.03881112,0.15524446,0.0,0.0,0.0,0.0,0.03881112,0.0,0.0,0.10279036,0.12098733
0.03821665,0.07643331,0.0,0.07643331,0.11464996,0.03821665,0.0,0.07643331,0.03821665,0.07643331,0.03821665,0.0,0.15286662,0.0,0.0,0.0,0.0,0.03821665,0.0,0.0,0.1186202,0.11704671
0.03891518,0.07783037,0.0,0.07783037,0.11674555,0.0,0.0,0.07783037,0.03891518,0.07783037,0.03891518,0.03891518,0.15566073,0.0,0.0,0.0,0.0,0.03891518,0.0,0.0,0.10270222,0.11899413
0.0362012,0.0,0.0,0.0724024,0.14480481,0.0362012,0.0,0.0724024,0.0724024,0.0724024,0.0362012,0.0,0.14480481,0.0,0.0,0.0,0.0,0.0362012,0.0,0.0,0.14741409,0.12856187
0.03819804,0.07639608,0.0,0.07639608,0.15279216,0.03819804,0.0,0.03819804,0.03819804,0.03819804,0.03819804,0.0,0.15279216,0.0,0.0,0.03819804,0.0,0.03819804,0.0,0.0,0.13163902,0.10440019
0.0747534,0.0,0.0373767,0.0747534,0.14950679,0.0,0.0,0.0747534,0.0373767,0.0373767,0.0373767,0.0373767,0.11213009,0.0,0.0,0.0373767,0.0,0.0373767,0.0,0.0,0.13228571,0.12018034
0.03756672,0.0,0.0,0.07513343,0.15026686,0.03756672,0.0,0.07513343,0.03756672,0.07513343,0.03756672,0.0,0.15026686,0.0,0.0,0.03756672,0.0,0.03756672,0.0,0.0,0.13156259,0.1171031
0.0765206,0.0,0.0,0.0765206,0.11478091,0.0,0.0,0.11478091,0.0382603,0.0382603,0.0382603,0.0382603,0.15304121,0.0,0.0,0.0382603,0.0,0.0382603,0.0,0.0,0.12470335,0.11009062
0.11380531,0.0,0.0,0.07587021,0.11380531,0.0,0.0,0.07587021,0.0379351,0.07587021,0.0379351,0.0,0.15174041,0.0,0.0,0.0379351,0.0,0.0379351,0.0,0.0,0.1371547,0.10414324
0.03744778,0.0,0.0,0.07489556,0.11234334,0.0,0.0,0.07489556,0.07489556,0.03744778,0.03744778,0.03744778,0.14979111,0.0,0.0,0.03744778,0.0,0.07489556,0.0,0.0,0.15309283,0.0979516
0.02042174,0.0,0.02042174,0.12253041,0.02042174,0.0,0.02042174,0.06126521,0.04084347,0.12253041,0.0,0.08168694,0.0,0.08168694,0.0,0.06126521,0.02042174,0.0,0.06126521,0.0,0.12559703,0.1392205
0.0,0.0,0.03323106,0.04984659,0.03323106,0.03323106,0.0,0.04984659,0.09969318,0.09969318,0.0,0.01661553,0.01661553,0.01661553,0.08307765,0.03323106,0.01661553,0.03323106,0.0,0.0,0.16298893,0.22223646
0.11441384,0.0,0.03813795,0.0,0.0,0.0762759,0.03813795,0.11441384,0.0,0.0762759,0.0762759,0.0,0.03813795,0.03813795,0.03813795,0.0,0.0,0.0,0.03813795,0.0,0.15071318,0.16280375
0.0643956,0.0,0.0,0.0,0.0643956,0.0,0.0643956,0.0,0.0,0.12879119,0.0,0.0,0.19318679,0.0,0.0643956,0.0643956,0.12879119,0.0,0.0,0.0,0.1022293,0.12502354
0.0,0.1247572,0.0,0.0,0.1247572,0.0,0.0,0.0,0.0,0.0623786,0.0,0.0,0.0623786,0.0,0.1247572,0.0623786,0.0,0.0,0.0,0.0623786,0.18750314,0.18871086
0.0,0.0,0.04177614,0.16710457,0.0,0.0,0.02088807,0.06266421,0.02088807,0.10444035,0.02088807,0.08355228,0.0,0.08355228,0.02088807,0.06266421,0.02088807,0.0,0.02088807,0.02088807,0.12360111,0.12442834
0.05345932,0.0,0.12028347,0.04009449,0.04009449,0.02672966,0.01336483,0.0,0.08018898,0.0,0.0,0.12028347,0.01336483,0.02672966,0.06682415,0.0,0.0,0.08018898,0.0,0.05345932,0.11811108,0.14682326
0.0,0.13162395,0.0,0.02632479,0.02632479,0.07897437,0.0,0.07897437,0.05264958,0.05264958,0.0,0.05264958,0.05264958,0.0,0.02632479,0.07897437,0.02632479,0.07897437,0.0,0.02632479,0.0989341,0.11132218
0.0,0.0,0.021058,0.14740603,0.0,0.0,0.021058,0.06317401,0.021058,0.06317401,0.04211601,0.10529002,0.0,0.08423202,0.021058,0.06317401,0.04211601,0.0,0.04211601,0.021058,0.11602091,0.12589094
0.0,0.0,0.02129759,0.14908313,0.0,0.0,0.02129759,0.06389277,0.02129759,0.04259518,0.04259518,0.12778554,0.0,0.08519036,0.02129759,0.06389277,0.04259518,0.0,0.04259518,0.02129759,0.10885349,0.12443327
0.02059159,0.0,0.02059159,0.12354953,0.0,0.0,0.02059159,0.04118318,0.04118318,0.12354953,0.0,0.10295794,0.0,0.08236635,0.0,0.08236635,0.02059159,0.0,0.04118318,0.02059159,0.11750394,0.14119887
0.02050237,0.0,0.02050237,0.1230142,0.0,0.0,0.02050237,0.04100473,0.04100473,0.1230142,0.0,0.08200947,0.0,0.08200947,0.0,0.08200947,0.02050237,0.0,0.0615071,0.02050237,0.12526845,0.13664634
0.07064102,0.03532051,0.03532051,0.0,0.03532051,0.10596153,0.0,0.0,0.0,0.0,0.0,0.03532051,0.14128205,0.03532051,0.0,0.0,0.0,0.10596153,0.10596153,0.0,0.16741823,0.12617154
0.02849051,0.0,0.0,0.0,0.08547154,0.0,0.0,0.02849051,0.05698103,0.05698103,0.0,0.05698103,0.08547154,0.08547154,0.17094308,0.02849051,0.05698103,0.02849051,0.0,0.0,0.12658687,0.10416926
0.0,0.0287617,0.0,0.0,0.0862851,0.0,0.0,0.0287617,0.0575234,0.0575234,0.0,0.0575234,0.0862851,0.0862851,0.17257019,0.0287617,0.0575234,0.0287617,0.0,0.0,0.12229389,0.10114025
0.0,0.06751387,0.06751387,0.03375694,0.0,0.06751387,0.0,0.0,0.0,0.06751387,0.0,0.06751387,0.06751387,0.0,0.06751387,0.0,0.06751387,0.06751387,0.03375694,0.0,0.15719243,0.16766883
0.0,0.09457552,0.0,0.04728776,0.09457552,0.0,0.0,0.0,0.0,0.04728776,0.0,0.0,0.09457552,0.0,0.09457552,0.09457552,0.0,0.04728776,0.0,0.04728776,0.18057918,0.15739216
0.0,0.0,0.02062002,0.10310008,0.0,0.0,0.02062002,0.08248006,0.02062002,0.04124003,0.04124003,0.12372009,0.0,0.08248006,0.02062002,0.06186005,0.04124003,0.0,0.06186005,0.02062002,0.11795318,0.13972627
0.03542392,0.0,0.03542392,0.03542392,0.0,0.01771196,0.0,0.01771196,0.07084785,0.10627177,0.01771196,0.01771196,0.0,0.08855981,0.05313588,0.0,0.05313588,0.07084785,0.01771196,0.01771196,0.17063252,0.17402491
0.0,0.0,0.0,0.0,0.0,0.0,0.0,0.17358137,0.05786046,0.11572092,0.05786046,0.05786046,0.0,0.05786046,0.05786046,0.0,0.0,0.0,0.0,0.05786046,0.14973858,0.21379638
0.02169246,0.0,0.0,0.04338492,0.02169246,0.06507738,0.02169246,0.08676984,0.04338492,0.1084623,0.02169246,0.04338492,0.06507738,0.02169246,0.06507738,0.0,0.0,0.02169246,0.0,0.06507738,0.12543748,0.15871136
0.0,0.13469783,0.0,0.0,0.03367446,0.10102337,0.0,0.0,0.0,0.03367446,0.0,0.0,0.0,0.0,0.20204675,0.0,0.0,0.06734892,0.0,0.03367446,0.18057037,0.21328939
0.03767844,0.07535688,0.03767844,0.0,0.0,0.07535688,0.0,0.0,0.0,0.07535688,0.0,0.07535688,0.11303533,0.0,0.03767844,0.0,0.03767844,0.11303533,0.07535688,0.0,0.14358924,0.10284191
0.0,0.06476245,0.06476245,0.03238122,0.0,0.06476245,0.0,0.03238122,0.0,0.06476245,0.0,0.03238122,0.03238122,0.0,0.09714367,0.0,0.06476245,0.06476245,0.03238122,0.0,0.17822989,0.17414562
0.02498207,0.0,0.0,0.04996414,0.02498207,0.07494621,0.02498207,0.07494621,0.04996414,0.07494621,0.02498207,0.04996414,0.07494621,0.0,0.07494621,0.0,0.0,0.02498207,0.0,0.07494621,0.11951817,0.15600176
0.02087013,0.11130734,0.04174025,0.01391342,0.01391342,0.06261038,0.0,0.00695671,0.10435063,0.03478354,0.02782683,0.02087013,0.09043721,0.03478354,0.03478354,0.04174025,0.02782683,0.03478354,0.00695671,0.01391342,0.12943629,0.12619589
0.0,0.0,0.02796969,0.05593937,0.05593937,0.02796969,0.0,0.08390906,0.13984843,0.02796969,0.0,0.0,0.0,0.02796969,0.08390906,0.02796969,0.0,0.02796969,0.0,0.0,0.17885431,0.23378228
0.02034056,0.0,0.02034056,0.12204339,0.02034056,0.0,0.02034056,0.06102169,0.04068113,0.12204339,0.0,0.08136226,0.0,0.08136226,0.0,0.08136226,0.0,0.0,0.06102169,0.0,0.12656576,0.14117391
0.0,0.0,0.0,0.0,0.0,0.12002594,0.0,0.0,0.0,0.06001297,0.0,0.06001297,0.12002594,0.06001297,0.06001297,0.18003891,0.0,0.06001297,0.0,0.0,0.10205762,0.17778674
0.0,0.04537541,0.04537541,0.0,0.0,0.04537541,0.04537541,0.04537541,0.0,0.04537541,0.0,0.09075082,0.04537541,0.0,0.0,0.18150164,0.04537541,0.09075082,0.0,0.09075082,0.07329773,0.1099449
0.0,0.1109252,0.0,0.0554626,0.1109252,0.0,0.0,0.0,0.0,0.0,0.0,0.0,0.0554626,0.0,0.1109252,0.1109252,0.0,0.0,0.0,0.0554626,0.18949637,0.20041501
0.0,0.0,0.0,0.04760708,0.04760708,0.04760708,0.04760708,0.0,0.04760708,0.0,0.04760708,0.0,0.04760708,0.0,0.04760708,0.09521417,0.0,0.04760708,0.04760708,0.04760708,0.21087733,0.17023058
0.0400594,0.1201782,0.0801188,0.0200297,0.0200297,0.0801188,0.0,0.0200297,0.0200297,0.0400594,0.0,0.0200297,0.0400594,0.0,0.0600891,0.0400594,0.0801188,0.0400594,0.0,0.0200297,0.1213004,0.13760068
0.07699807,0.11549711,0.03849904,0.0,0.03849904,0.03849904,0.0,0.0,0.0,0.07699807,0.0,0.03849904,0.11549711,0.03849904,0.0,0.0,0.03849904,0.07699807,0.07699807,0.0,0.12172449,0.10829479
0.02038958,0.0,0.02038958,0.12233748,0.02038958,0.0,0.02038958,0.04077916,0.04077916,0.12233748,0.0,0.08155832,0.0,0.08155832,0.0,0.08155832,0.02038958,0.0,0.06116874,0.0,0.12329123,0.14268386
0.0,0.0,0.02067713,0.16541707,0.0,0.0,0.02067713,0.0620314,0.02067713,0.08270853,0.02067713,0.08270853,0.0,0.08270853,0.02067713,0.0620314,0.04135427,0.0,0.04135427,0.02067713,0.11891242,0.13671078
0.05661777,0.14154442,0.0,0.02830888,0.0,0.08492665,0.0,0.08492665,0.02830888,0.02830888,0.0,0.02830888,0.05661777,0.0,0.02830888,0.08492665,0.0,0.05661777,0.02830888,0.02830888,0.10640493,0.12925518
0.0,0.0,0.04098451,0.14344579,0.0,0.0,0.02049226,0.06147677,0.04098451,0.10246128,0.0,0.08196902,0.0,0.08196902,0.02049226,0.06147677,0.02049226,0.0,0.04098451,0.02049226,0.1198055,0.14247328
0.0,0.07186724,0.07186724,0.0,0.0,0.07186724,0.0,0.0,0.0,0.07186724,0.0,0.07186724,0.07186724,0.0,0.03593362,0.0,0.03593362,0.10780086,0.10780086,0.0,0.16355459,0.11777298
0.2311743,0.0,0.01778264,0.08891319,0.01778264,0.0,0.0,0.01778264,0.05334792,0.07113055,0.01778264,0.01778264,0.0,0.0,0.01778264,0.01778264,0.0,0.0,0.08891319,0.0,0.17318395,0.16885843
0.11980542,0.0,0.01711506,0.13692048,0.01711506,0.0,0.0,0.01711506,0.10269036,0.06846024,0.01711506,0.01711506,0.0,0.0,0.01711506,0.01711506,0.0,0.0,0.0855753,0.0,0.15994142,0.20680136
0.0,0.0,0.02128825,0.170306,0.0,0.02128825,0.0,0.06386475,0.02128825,0.085153,0.02128825,0.085153,0.0,0.085153,0.02128825,0.06386475,0.02128825,0.0,0.0425765,0.02128825,0.11397272,0.14093851
0.0,0.0,0.0213071,0.17045683,0.0,0.0,0.0213071,0.06392131,0.0213071,0.08522842,0.0213071,0.08522842,0.0,0.08522842,0.0213071,0.06392131,0.0213071,0.0,0.04261421,0.0213071,0.11443367,0.1398177
0.0,0.0,0.02069716,0.16557728,0.0,0.0,0.02069716,0.06209148,0.02069716,0.1034858,0.02069716,0.08278864,0.0,0.08278864,0.02069716,0.06209148,0.02069716,0.0,0.04139432,0.02069716,0.11931527,0.13558697
0.0,0.0,0.02096609,0.12579653,0.0,0.0,0.02096609,0.06289827,0.02096609,0.04193218,0.04193218,0.12579653,0.0,0.08386436,0.02096609,0.06289827,0.04193218,0.0,0.06289827,0.02096609,0.11401472,0.13120608
0.07167807,0.03583903,0.03583903,0.0,0.03583903,0.07167807,0.03583903,0.03583903,0.0,0.0,0.0,0.0,0.07167807,0.03583903,0.0,0.0,0.03583903,0.1075171,0.14335614,0.0,0.16072135,0.12249795
0.0,0.30385964,0.0,0.0,0.0,0.0,0.07596491,0.0,0.15192982,0.0,0.0,0.0,0.0,0.07596491,0.0,0.0,0.0,0.0,0.0,0.15192982,0.08855623,0.15179467
0.04282054,0.0,0.0,0.0,0.0,0.08564108,0.08564108,0.04282054,0.0,0.0,0.17128217,0.08564108,0.04282054,0.0,0.04282054,0.0,0.04282054,0.0,0.04282054,0.04282054,0.12509564,0.14695515
0.0,0.11206349,0.0,0.0,0.0,0.33619047,0.0,0.0,0.0,0.0,0.0,0.0,0.0,0.22412698,0.0,0.0,0.0,0.0,0.0,0.11206349,0.10400077,0.1115548
0.05382442,0.0,0.0,0.0,0.0,0.0,0.0,0.16147325,0.05382442,0.05382442,0.05382442,0.05382442,0.0,0.05382442,0.05382442,0.0,0.0,0.0,0.0,0.10764884,0.15863543,0.19547155
0.05199711,0.0,0.0,0.0,0.0,0.0,0.0,0.15599132,0.05199711,0.10399422,0.0,0.05199711,0.0,0.05199711,0.05199711,0.0,0.0,0.0,0.0,0.10399422,0.15565079,0.22038392
0.05358975,0.0,0.0,0.0,0.0,0.0,0.0,0.10717949,0.05358975,0.10717949,0.05358975,0.05358975,0.0,0.05358975,0.05358975,0.0,0.0,0.0,0.0,0.10717949,0.1647873,0.19213575
0.05403747,0.0,0.0,0.0,0.0,0.0,0.0,0.1621124,0.05403747,0.10807493,0.05403747,0.05403747,0.0,0.05403747,0.05403747,0.0,0.0,0.0,0.0,0.05403747,0.14324743,0.20830298
0.0,0.0,0.0,0.0,0.0,0.0,0.0,0.1467705,0.0,0.1467705,0.07338525,0.0,0.0,0.07338525,0.07338525,0.0,0.0,0.0,0.0,0.1467705,0.1491968,0.19033596
0.0569078,0.0,0.0,0.0,0.0,0.0,0.0,0.1707234,0.0,0.1138156,0.0569078,0.0569078,0.0,0.0569078,0.0569078,0.0,0.0,0.0,0.0,0.1138156,0.15336694,0.16373945
0.05281507,0.0,0.0,0.0,0.0,0.0,0.0,0.1584452,0.05281507,0.10563013,0.05281507,0.0,0.0,0.05281507,0.05281507,0.0,0.0,0.0,0.0,0.10563013,0.15497458,0.21124463
0.05452855,0.0,0.0,0.0,0.0,0.0,0.0,0.10905711,0.05452855,0.10905711,0.05452855,0.05452855,0.0,0.05452855,0.05452855,0.0,0.0,0.0,0.0,0.10905711,0.14548694,0.2001704
0.0,0.0,0.0,0.0,0.0,0.0,0.0,0.16195455,0.05398485,0.1079697,0.05398485,0.05398485,0.0,0.05398485,0.05398485,0.0,0.0,0.0,0.0,0.1079697,0.14695795,0.20522384
0.02004967,0.0,0.02004967,0.12029803,0.02004967,0.0,0.02004967,0.04009934,0.04009934,0.1403477,0.0,0.06014901,0.0,0.06014901,0.0,0.08019869,0.02004967,0.0,0.06014901,0.02004967,0.12883465,0.14937718
0.01993303,0.0,0.01993303,0.11959816,0.01993303,0.0,0.01993303,0.03986605,0.03986605,0.13953119,0.0,0.03986605,0.0,0.07973211,0.0,0.07973211,0.01993303,0.0,0.05979908,0.01993303,0.1342296,0.14818142
0.04118352,0.0,0.02059176,0.12355057,0.02059176,0.0,0.02059176,0.04118352,0.04118352,0.12355057,0.0,0.06177528,0.0,0.08236704,0.0,0.08236704,0.02059176,0.0,0.04118352,0.02059176,0.1151977,0.1434989
0.02082746,0.0,0.02082746,0.12496477,0.06248239,0.0,0.02082746,0.04165492,0.04165492,0.12496477,0.0,0.06248239,0.0,0.08330985,0.0,0.08330985,0.02082746,0.0,0.02082746,0.02082746,0.11248857,0.13772279
0.04047792,0.0,0.02023896,0.12143375,0.02023896,0.0,0.02023896,0.04047792,0.04047792,0.12143375,0.0,0.06071687,0.0,0.08095583,0.0,0.08095583,0.02023896,0.0,0.04047792,0.02023896,0.11994504,0.15145246
0.02029771,0.0,0.02029771,0.12178628,0.02029771,0.0,0.02029771,0.04059543,0.04059543,0.12178628,0.0,0.06089314,0.0,0.08119085,0.0,0.10148856,0.02029771,0.0,0.04059543,0.02029771,0.1183963,0.15088603
0.02055586,0.0,0.02055586,0.12333519,0.02055586,0.0,0.02055586,0.04111173,0.04111173,0.10277932,0.0,0.06166759,0.02055586,0.08222346,0.0,0.08222346,0.02055586,0.0,0.06166759,0.02055586,0.12376834,0.13622052
0.02064096,0.0,0.02064096,0.10320482,0.02064096,0.0,0.02064096,0.04128193,0.04128193,0.12384578,0.0,0.06192289,0.0,0.10320482,0.0,0.08256386,0.02064096,0.0,0.06192289,0.02064096,0.11674411,0.14018119
0.02060354,0.0,0.02060354,0.10301768,0.02060354,0.0,0.02060354,0.04120707,0.04120707,0.12362121,0.0,0.06181061,0.0,0.10301768,0.0,0.08241414,0.02060354,0.0,0.06181061,0.02060354,0.11842601,0.13984671
0.02064171,0.0,0.02064171,0.08256683,0.02064171,0.0,0.02064171,0.04128341,0.04128341,0.12385024,0.0,0.06192512,0.0,0.12385024,0.0,0.08256683,0.02064171,0.0,0.06192512,0.02064171,0.11357846,0.14332008
0.02045314,0.0,0.02045314,0.12271885,0.02045314,0.0,0.02045314,0.04090628,0.04090628,0.12271885,0.0,0.04090628,0.0,0.10226571,0.0,0.08181257,0.02045314,0.0,0.06135943,0.02045314,0.12225659,0.1414303
0.02056395,0.0,0.02056395,0.10281975,0.02056395,0.0,0.02056395,0.0411279,0.0411279,0.1233837,0.0,0.06169185,0.0,0.10281975,0.0,0.0822558,0.02056395,0.0,0.06169185,0.02056395,0.12338525,0.13631257
0.02060278,0.0,0.02060278,0.10301392,0.02060278,0.0,0.02060278,0.04120557,0.04120557,0.12361671,0.0,0.06180835,0.0,0.10301392,0.0,0.08241114,0.02060278,0.0,0.06180835,0.02060278,0.12155322,0.13674654
0.02038067,0.0,0.02038067,0.122284,0.02038067,0.0,0.0,0.04076133,0.04076133,0.122284,0.0,0.061142,0.0,0.10190333,0.0,0.08152267,0.02038067,0.0,0.061142,0.02038067,0.12301742,0.14327858
0.02052273,0.0,0.02052273,0.10261364,0.02052273,0.0,0.0,0.04104546,0.04104546,0.12313637,0.0,0.06156818,0.0,0.12313637,0.0,0.08209091,0.02052273,0.0,0.06156818,0.02052273,0.11884616,0.14233564
0.17165295,0.0,0.02145662,0.0,0.0,0.08582647,0.02145662,0.02145662,0.08582647,0.10728309,0.04291324,0.0,0.0,0.04291324,0.0,0.02145662,0.08582647,0.0,0.02145662,0.0,0.11819506,0.15227991
0.1757269,0.0,0.0,0.03514538,0.07029076,0.07029076,0.07029076,0.03514538,0.03514538,0.07029076,0.0,0.0,0.03514538,0.0,0.0,0.0,0.0,0.14058152,0.0,0.0,0.1172503,0.14469671
0.06098778,0.0,0.0,0.03049389,0.0,0.06098778,0.09148167,0.03049389,0.03049389,0.15246946,0.0,0.0,0.06098778,0.0,0.0,0.06098778,0.0,0.18296335,0.0,0.0,0.09608858,0.14156413
0.0395426,0.0395426,0.0,0.0,0.0,0.0395426,0.0395426,0.0,0.0,0.1186278,0.0,0.0395426,0.0,0.0790852,0.23725561,0.0,0.0,0.0,0.0,0.0,0.1567764,0.21054198
0.0,0.0,0.0,0.06068856,0.0,0.0,0.0,0.0,0.12137713,0.0,0.0,0.0,0.0,0.06068856,0.12137713,0.06068856,0.06068856,0.06068856,0.06068856,0.06068856,0.17436749,0.15805833
0.0,0.0,0.0,0.0,0.12951947,0.04317316,0.0,0.08634632,0.12951947,0.08634632,0.0,0.0,0.0,0.0,0.04317316,0.0,0.0,0.04317316,0.0,0.0,0.17445055,0.2642984
0.0,0.0,0.0,0.0,0.08916801,0.08916801,0.11889067,0.08916801,0.02972267,0.02972267,0.0,0.0,0.0,0.0,0.05944534,0.0,0.05944534,0.08916801,0.0,0.0,0.14396006,0.20214123
0.10395571,0.0,0.0346519,0.0,0.06930381,0.06930381,0.0,0.0,0.13860761,0.13860761,0.0,0.0,0.0,0.0,0.0,0.0,0.0346519,0.06930381,0.0,0.0,0.14642557,0.19518826
0.04852619,0.0,0.04852619,0.04852619,0.04852619,0.04852619,0.0,0.14557856,0.09705237,0.04852619,0.0,0.0,0.0,0.0,0.0,0.04852619,0.0,0.0,0.04852619,0.0,0.16088359,0.20827598
0.03797456,0.0,0.0,0.0,0.03797456,0.03797456,0.03797456,0.03797456,0.15189826,0.11392369,0.07594913,0.0,0.03797456,0.0,0.0,0.03797456,0.0,0.07594913,0.0,0.0,0.13906129,0.17739656
0.0,0.0,0.08164755,0.08164755,0.08164755,0.04082377,0.0,0.08164755,0.0,0.08164755,0.0,0.08164755,0.0,0.08164755,0.0,0.0,0.0,0.08164755,0.0,0.0,0.12966528,0.17633057
0.05731571,0.0,0.0,0.0,0.0,0.08597357,0.0,0.08597357,0.08597357,0.11463142,0.0,0.0,0.02865786,0.05731571,0.05731571,0.02865786,0.05731571,0.05731571,0.02865786,0.0,0.11626736,0.1386284
0.04859019,0.0,0.04859019,0.04859019,0.04859019,0.04859019,0.0,0.14577058,0.09718038,0.04859019,0.0,0.0,0.0,0.0,0.0,0.04859019,0.0,0.0,0.04859019,0.0,0.15050826,0.21781925
0.03104986,0.0,0.03104986,0.0,0.03104986,0.09314959,0.0,0.09314959,0.09314959,0.06209973,0.03104986,0.03104986,0.0,0.03104986,0.0,0.03104986,0.03104986,0.03104986,0.03104986,0.0,0.15882716,0.1891257
0.04696027,0.0,0.04696027,0.04696027,0.04696027,0.04696027,0.0,0.14088082,0.09392054,0.04696027,0.0,0.0,0.0,0.0,0.0,0.04696027,0.0,0.0,0.04696027,0.0,0.1577832,0.23173326
0.03749456,0.0,0.0,0.0,0.03749456,0.14997824,0.07498912,0.03749456,0.0,0.14997824,0.0,0.0,0.03749456,0.0,0.0,0.07498912,0.0,0.1874728,0.0,0.0,0.08613606,0.12647819
0.0,0.0,0.0,0.0,0.0,0.07661052,0.0,0.0,0.0,0.22983157,0.0,0.0,0.0,0.0,0.17875789,0.0,0.0,0.0,0.0,0.0,0.20555335,0.30924667
0.0,0.0,0.0,0.02893679,0.02893679,0.02893679,0.0,0.05787358,0.11574717,0.11574717,0.05787358,0.02893679,0.0,0.02893679,0.02893679,0.05787358,0.0,0.02893679,0.08681038,0.0,0.16577923,0.13973777
0.0,0.0,0.0,0.02756569,0.02756569,0.02756569,0.0,0.05513137,0.02756569,0.11026274,0.05513137,0.02756569,0.0,0.02756569,0.11026274,0.05513137,0.0,0.02756569,0.08269706,0.0,0.18960963,0.14881391
0.04817638,0.0,0.04817638,0.04817638,0.04817638,0.04817638,0.0,0.14452914,0.09635276,0.04817638,0.0,0.0,0.0,0.0,0.0,0.04817638,0.0,0.0,0.04817638,0.0,0.16120015,0.21250689
0.04489486,0.0,0.04489486,0.0,0.08978972,0.04489486,0.04489486,0.04489486,0.08978972,0.0,0.0,0.0,0.0,0.0,0.04489486,0.0,0.0,0.08978972,0.04489486,0.0,0.17494891,0.24141792
0.0,0.0,0.0,0.0,0.0,0.09782271,0.0,0.06521514,0.0,0.19564543,0.0,0.0,0.03260757,0.0,0.09782271,0.03260757,0.03260757,0.09782271,0.0,0.0,0.13376392,0.21408465
0.0539261,0.0,0.0,0.02696305,0.0,0.10785219,0.0,0.0539261,0.16177829,0.16177829,0.0,0.0,0.0,0.0,0.0,0.0,0.02696305,0.02696305,0.02696305,0.0,0.17168437,0.18120247
0.16497841,0.0,0.01649784,0.11548489,0.0,0.0,0.0,0.04949352,0.01649784,0.04949352,0.01649784,0.01649784,0.0,0.04949352,0.06599137,0.0,0.01649784,0.0,0.03299568,0.01649784,0.17991682,0.19316521
0.19184036,0.0,0.01918404,0.07673614,0.0,0.0,0.01918404,0.05755211,0.01918404,0.09592018,0.03836807,0.05755211,0.0,0.05755211,0.01918404,0.0,0.01918404,0.0,0.03836807,0.01918404,0.12927029,0.14173636
0.0,0.0,0.02093256,0.14652795,0.0,0.0,0.02093256,0.06279769,0.02093256,0.08373026,0.04186513,0.08373026,0.0,0.08373026,0.02093256,0.06279769,0.04186513,0.0,0.04186513,0.02093256,0.11327362,0.13315408
0.0,0.0,0.01962728,0.1570182,0.0,0.0,0.01962728,0.05888183,0.01962728,0.09813638,0.03925455,0.0785091,0.0,0.0785091,0.01962728,0.05888183,0.03925455,0.0,0.03925455,0.01962728,0.12167086,0.13249267
0.03159038,0.0,0.0,0.0,0.09477113,0.0,0.0,0.03159038,0.03159038,0.09477113,0.0,0.0,0.0,0.0,0.12636151,0.06318076,0.0,0.03159038,0.0,0.03159038,0.19452533,0.26843825
0.15887376,0.0,0.01588738,0.11121163,0.0,0.0,0.0,0.04766213,0.01588738,0.07943688,0.0,0.0,0.0,0.03177475,0.0635495,0.0,0.03177475,0.0,0.03177475,0.01588738,0.19283794,0.20344177
0.16152916,0.0,0.01615292,0.11307042,0.0,0.0,0.0,0.04845875,0.01615292,0.06461167,0.0,0.01615292,0.0,0.03230583,0.06461167,0.0,0.03230583,0.0,0.03230583,0.01615292,0.1841073,0.20208187
0.16174581,0.0,0.01617458,0.11322207,0.0,0.0,0.0,0.04852374,0.01617458,0.06469832,0.0,0.0,0.0,0.04852374,0.06469832,0.0,0.03234916,0.0,0.03234916,0.01617458,0.18740902,0.1979569
0.14477856,0.0,0.01608651,0.11260555,0.0,0.0,0.0,0.04825952,0.01608651,0.06434603,0.0,0.0,0.0,0.04825952,0.06434603,0.0,0.03217301,0.01608651,0.03217301,0.01608651,0.18614302,0.20256973
0.16449892,0.0,0.01644989,0.11514925,0.0,0.0,0.0,0.04934968,0.01644989,0.04934968,0.0,0.01644989,0.0,0.04934968,0.06579957,0.0,0.03289978,0.0,0.03289978,0.01644989,0.17842546,0.19647864
0.12610545,0.0,0.01576318,0.11034227,0.0,0.0,0.0,0.06305273,0.01576318,0.09457909,0.0,0.0,0.0,0.03152636,0.06305273,0.0,0.03152636,0.0,0.03152636,0.01576318,0.19346348,0.20753562
0.14454777,0.0,0.01606086,0.11242605,0.0,0.0,0.0,0.04818259,0.01606086,0.08030432,0.0,0.01606086,0.0,0.03212173,0.06424345,0.0,0.03212173,0.0,0.03212173,0.01606086,0.18535343,0.20433375
0.12819642,0.0,0.01602455,0.11217187,0.0,0.0,0.0,0.06409821,0.01602455,0.08012276,0.0,0.01602455,0.0,0.03204911,0.06409821,0.0,0.03204911,0.0,0.03204911,0.01602455,0.18481259,0.2062544
0.1471899,0.0,0.01635443,0.11448103,0.0,0.0,0.0,0.0490633,0.01635443,0.06541773,0.0,0.01635443,0.0,0.0490633,0.06541773,0.0,0.03270887,0.0,0.03270887,0.01635443,0.17972734,0.1988042
0.13053428,0.0,0.01631678,0.11421749,0.0,0.0,0.0,0.06526714,0.01631678,0.06526714,0.0,0.01631678,0.0,0.04895035,0.06526714,0.0,0.03263357,0.0,0.03263357,0.01631678,0.17918959,0.20077261
0.0,0.0,0.01752711,0.19279825,0.0,0.0,0.0,0.05258134,0.01752711,0.05258134,0.0,0.03505423,0.0,0.07010845,0.07010845,0.05258134,0.05258134,0.0,0.03505423,0.01752711,0.16048138,0.17348831
0.0,0.0,0.0,0.0,0.14899425,0.08939655,0.1191954,0.0595977,0.0,0.02979885,0.0,0.02979885,0.0,0.02979885,0.02979885,0.02979885,0.0,0.1191954,0.0,0.0,0.1495698,0.16505666
0.0527096,0.0,0.01756987,0.12298907,0.01756987,0.0,0.0,0.03513973,0.07027947,0.08784933,0.0,0.01756987,0.0,0.12298907,0.0,0.01756987,0.01756987,0.0,0.08784933,0.01756987,0.16489129,0.14988391
0.02046036,0.0,0.02046036,0.12276214,0.02046036,0.0,0.02046036,0.04092071,0.04092071,0.12276214,0.0,0.06138107,0.0,0.08184143,0.0,0.08184143,0.02046036,0.0,0.06138107,0.02046036,0.12261651,0.14081063
0.04329271,0.0,0.0,0.0,0.04329271,0.08658542,0.08658542,0.0,0.04329271,0.0,0.0,0.0,0.0,0.0,0.08658542,0.04329271,0.0,0.04329271,0.04329271,0.12987813,0.2002093,0.15040004
0.03781345,0.0,0.01890673,0.03781345,0.01890673,0.05672018,0.0756269,0.03781345,0.01890673,0.03781345,0.0,0.0,0.05672018,0.0,0.0756269,0.0756269,0.0,0.05672018,0.01890673,0.05672018,0.18483083,0.13452705
0.13577973,0.0,0.0,0.02262996,0.04525991,0.13577973,0.0,0.02262996,0.0,0.11314978,0.04525991,0.0,0.0,0.04525991,0.04525991,0.04525991,0.06788987,0.02262996,0.0,0.0,0.12914556,0.12406591
0.13823522,0.0,0.0,0.0,0.04607841,0.13823522,0.0,0.0230392,0.0,0.11519601,0.04607841,0.0,0.0,0.04607841,0.04607841,0.04607841,0.06911761,0.04607841,0.0,0.0,0.12203902,0.1176673
0.06049578,0.0,0.04033052,0.02016526,0.0,0.02016526,0.0,0.10082629,0.06049578,0.02016526,0.0,0.06049578,0.0,0.06049578,0.02016526,0.08066104,0.02016526,0.12099155,0.0,0.02016526,0.12656307,0.16765287
0.09925391,0.0,0.03970157,0.03970157,0.0,0.01985078,0.0,0.07940313,0.07940313,0.03970157,0.0,0.03970157,0.0,0.05955235,0.03970157,0.07940313,0.01985078,0.05955235,0.0,0.0,0.14999304,0.15522955
0.03986485,0.0,0.07972971,0.07972971,0.0,0.0,0.0,0.09966213,0.07972971,0.07972971,0.0,0.03986485,0.01993243,0.01993243,0.03986485,0.09966213,0.0,0.0,0.01993243,0.0,0.15910051,0.14326455
0.07959677,0.0,0.03979838,0.03979838,0.0,0.01989919,0.0,0.09949596,0.07959677,0.03979838,0.0,0.03979838,0.0,0.03979838,0.03979838,0.09949596,0.01989919,0.05969757,0.0,0.0,0.15271917,0.15080913
0.11854107,0.0,0.03951369,0.05927054,0.0,0.0,0.0,0.05927054,0.07902738,0.03951369,0.0,0.01975685,0.0,0.05927054,0.03951369,0.07902738,0.01975685,0.07902738,0.0,0.0,0.1566245,0.1518859
0.01963637,0.0,0.05890912,0.07854549,0.0,0.01963637,0.01963637,0.07854549,0.07854549,0.05890912,0.0,0.05890912,0.0,0.03927275,0.03927275,0.09818186,0.0,0.0,0.03927275,0.0,0.15842971,0.15429724
0.01998964,0.0,0.07995856,0.07995856,0.0,0.01998964,0.0,0.0999482,0.07995856,0.05996892,0.0,0.05996892,0.01998964,0.01998964,0.03997928,0.0999482,0.0,0.0,0.01998964,0.0,0.15823172,0.14213085
0.0791915,0.0,0.03959575,0.05939363,0.0,0.01979788,0.0,0.0791915,0.0791915,0.03959575,0.0,0.03959575,0.0,0.05939363,0.03959575,0.0791915,0.01979788,0.05939363,0.0,0.0,0.15396298,0.15311137
0.05998976,0.0,0.03999317,0.01999659,0.0,0.01999659,0.0,0.07998635,0.07998635,0.03999317,0.0,0.05998976,0.0,0.05998976,0.01999659,0.07998635,0.01999659,0.09998294,0.0,0.01999659,0.14290628,0.15721318
0.08015655,0.0,0.04007828,0.04007828,0.0,0.02003914,0.0,0.10019569,0.08015655,0.04007828,0.0,0.04007828,0.0,0.06011741,0.04007828,0.08015655,0.02003914,0.06011741,0.0,0.0,0.14571701,0.15291315
0.04067093,0.0,0.0610064,0.08134186,0.0,0.0,0.0,0.08134186,0.0610064,0.08134186,0.0,0.08134186,0.02033547,0.02033547,0.04067093,0.10167733,0.0,0.02033547,0.02033547,0.0,0.14857704,0.13968167
0.0780684,0.0,0.0390342,0.0585513,0.0,0.0195171,0.0,0.0585513,0.0780684,0.0585513,0.0,0.0390342,0.0,0.0585513,0.0390342,0.0780684,0.0195171,0.0585513,0.0,0.0,0.16024499,0.15665656
0.05968532,0.0,0.03979021,0.03979021,0.0,0.01989511,0.0,0.09947553,0.07958042,0.03979021,0.0,0.03979021,0.0,0.03979021,0.03979021,0.09947553,0.01989511,0.07958042,0.0,0.0,0.14174992,0.16192139
0.06007722,0.0,0.04005148,0.04005148,0.0,0.02002574,0.0,0.10012869,0.08010295,0.04005148,0.0,0.04005148,0.0,0.06007722,0.02002574,0.10012869,0.02002574,0.08010295,0.0,0.0,0.13979034,0.15930881
0.04020201,0.0,0.08040403,0.08040403,0.0,0.0,0.0,0.08040403,0.08040403,0.08040403,0.0,0.04020201,0.02010101,0.02010101,0.04020201,0.10050504,0.0,0.02010101,0.02010101,0.0,0.16044715,0.1360176
0.13882524,0.0,0.03966435,0.05949653,0.0,0.0,0.0,0.03966435,0.07932871,0.03966435,0.0,0.01983218,0.0,0.05949653,0.03966435,0.05949653,0.03966435,0.07932871,0.0,0.0,0.15528623,0.15058759
0.04063456,0.0,0.06095185,0.08126913,0.0,0.0,0.0,0.08126913,0.06095185,0.08126913,0.0,0.08126913,0.02031728,0.0,0.04063456,0.10158641,0.02031728,0.02031728,0.02031728,0.0,0.15043347,0.13846167
0.07841542,0.0,0.03920771,0.05881157,0.0,0.01960386,0.0,0.07841542,0.07841542,0.03920771,0.0,0.03920771,0.0,0.05881157,0.03920771,0.07841542,0.01960386,0.05881157,0.0,0.0,0.16076115,0.15310388
0.04103339,0.0,0.08206677,0.08206677,0.0,0.0,0.0,0.08206677,0.08206677,0.08206677,0.0,0.04103339,0.02051669,0.02051669,0.04103339,0.10258347,0.0,0.0,0.02051669,0.0,0.16089784,0.14153457
0.15965028,0.0,0.03991257,0.05986886,0.0,0.0,0.0,0.05986886,0.07982514,0.03991257,0.0,0.01995629,0.0,0.05986886,0.03991257,0.03991257,0.03991257,0.05986886,0.0,0.0,0.15559761,0.14593239
0.02054425,0.0,0.082177,0.082177,0.0,0.02054425,0.0,0.10272125,0.082177,0.06163275,0.0,0.0410885,0.02054425,0.02054425,0.0410885,0.10272125,0.0,0.0,0.02054425,0.0,0.15915686,0.14233863
0.02015239,0.0,0.06045718,0.08060957,0.0,0.02015239,0.0,0.10076197,0.08060957,0.06045718,0.0,0.06045718,0.0,0.02015239,0.04030479,0.10076197,0.0,0.0,0.04030479,0.0,0.1639147,0.15090392
0.02046497,0.0,0.08185988,0.08185988,0.0,0.0,0.0,0.10232485,0.08185988,0.08185988,0.0,0.04092994,0.02046497,0.02046497,0.04092994,0.10232485,0.0,0.0,0.02046497,0.0,0.16122379,0.14296722
0.05978711,0.0,0.03985808,0.01992904,0.0,0.01992904,0.0,0.07971615,0.07971615,0.03985808,0.0,0.05978711,0.0,0.05978711,0.01992904,0.07971615,0.01992904,0.09964519,0.0,0.01992904,0.13389941,0.16858427
0.04173772,0.0,0.06260658,0.08347545,0.0,0.0,0.0,0.08347545,0.08347545,0.06260658,0.0,0.06260658,0.02086886,0.02086886,0.04173772,0.10434431,0.0,0.02086886,0.02086886,0.0,0.15007974,0.14037897
0.02055821,0.0,0.06167462,0.08223283,0.0,0.02055821,0.0,0.10279103,0.08223283,0.06167462,0.0,0.06167462,0.02055821,0.02055821,0.04111641,0.10279103,0.0,0.0,0.02055821,0.0,0.16079172,0.14022925
0.07950492,0.0,0.03975246,0.03975246,0.0,0.01987623,0.0,0.09938115,0.07950492,0.03975246,0.0,0.03975246,0.0,0.05962869,0.03975246,0.07950492,0.01987623,0.05962869,0.0,0.0,0.1526619,0.15167004
0.04114219,0.04114219,0.0,0.0,0.04114219,0.04114219,0.0,0.0,0.12342658,0.04114219,0.04114219,0.0,0.0,0.04114219,0.12342658,0.0,0.0,0.0,0.08228439,0.0,0.22224307,0.16062403
0.05038925,0.05038925,0.0,0.0,0.05038925,0.02519463,0.0,0.02519463,0.07558388,0.02519463,0.02519463,0.0,0.02519463,0.02519463,0.12597313,0.02519463,0.02519463,0.02519463,0.05038925,0.0,0.19026929,0.17986507
0.04983836,0.04983836,0.0,0.0,0.04983836,0.02491918,0.0,0.02491918,0.07475754,0.02491918,0.02491918,0.0,0.02491918,0.02491918,0.12459591,0.02491918,0.02491918,0.02491918,0.04983836,0.0,0.20908145,0.16793903
0.0,0.05288353,0.02644176,0.0,0.02644176,0.02644176,0.0,0.02644176,0.07932529,0.0,0.02644176,0.02644176,0.05288353,0.05288353,0.10576706,0.05288353,0.02644176,0.05288353,0.02644176,0.0,0.16709965,0.17185624
0.0,0.05420018,0.02710009,0.0,0.02710009,0.02710009,0.0,0.02710009,0.08130026,0.0,0.02710009,0.02710009,0.05420018,0.05420018,0.08130026,0.05420018,0.02710009,0.05420018,0.05420018,0.0,0.17965627,0.14284152
0.0,0.05078203,0.02539101,0.0,0.0,0.02539101,0.0,0.02539101,0.07617304,0.0,0.02539101,0.02539101,0.05078203,0.02539101,0.15234609,0.05078203,0.02539101,0.05078203,0.02539101,0.0,0.17658569,0.18863895
0.13895851,0.0,0.01543983,0.01543983,0.0463195,0.0463195,0.03087967,0.01543983,0.0,0.10807884,0.0,0.0,0.0463195,0.01543983,0.0463195,0.03087967,0.03087967,0.07719917,0.0,0.03087967,0.12354212,0.18166531
0.06995902,0.13991803,0.0,0.02331967,0.02331967,0.06995902,0.0,0.06995902,0.0,0.02331967,0.0,0.0,0.02331967,0.02331967,0.09327869,0.0,0.02331967,0.0,0.02331967,0.06995902,0.16161979,0.16210972
0.12496642,0.06248321,0.0,0.0,0.06248321,0.03124161,0.0,0.06248321,0.12496642,0.09372482,0.0,0.0,0.06248321,0.0,0.0,0.0,0.03124161,0.09372482,0.0,0.0,0.10902679,0.14117468
0.0,0.0,0.0,0.0,0.13574461,0.18099281,0.0452482,0.0,0.0,0.0,0.0,0.0,0.0,0.0,0.09049641,0.0,0.0452482,0.0452482,0.0,0.13574461,0.13389719,0.18737977
0.05676825,0.0,0.0,0.02838413,0.08515238,0.14192063,0.02838413,0.05676825,0.1135365,0.02838413,0.02838413,0.0,0.0,0.0,0.0,0.05676825,0.0,0.02838413,0.0,0.0,0.16083299,0.18633213
0.13483602,0.0,0.0,0.0,0.033709,0.033709,0.033709,0.033709,0.0,0.10112701,0.0,0.033709,0.0,0.0,0.06741801,0.033709,0.06741801,0.0,0.033709,0.033709,0.16709725,0.19243167
0.0,0.0,0.0,0.13925707,0.04641902,0.0,0.09283804,0.04641902,0.04641902,0.04641902,0.0,0.0,0.04641902,0.0,0.04641902,0.0,0.04641902,0.09283804,0.0,0.04641902,0.18568753,0.11802715
0.0,0.0,0.0,0.0,0.0,0.0,0.0307784,0.0,0.12311358,0.0,0.0,0.0,0.0,0.0,0.24622716,0.0,0.0,0.0,0.15389198,0.0,0.26898337,0.17700551
0.0,0.0,0.0,0.0,0.0,0.0,0.0,0.0,0.19175426,0.0,0.0,0.0,0.0,0.0,0.25567235,0.0,0.0,0.0,0.12783617,0.0,0.22532885,0.19940837
0.04701544,0.0,0.0,0.04701544,0.09403088,0.0,0.0,0.04701544,0.04701544,0.04701544,0.0,0.0,0.0,0.04701544,0.04701544,0.09403088,0.14104632,0.0,0.0,0.04701544,0.1852682,0.10950022
0.03699101,0.0,0.0,0.0,0.0,0.03699101,0.0,0.07398202,0.11097303,0.11097303,0.0,0.0,0.03699101,0.07398202,0.07398202,0.03699101,0.07398202,0.03699101,0.03699101,0.0,0.11452261,0.14565717
0.0,0.0,0.03311338,0.04967007,0.06622676,0.03311338,0.0,0.04967007,0.09934015,0.06622676,0.0,0.01655669,0.01655669,0.01655669,0.08278346,0.03311338,0.01655669,0.03311338,0.0,0.0,0.16237341,0.22502902
0.0,0.0,0.0,0.0,0.0,0.0,0.0,0.0,0.12035292,0.24070584,0.0,0.0,0.0,0.0,0.18052938,0.0,0.0,0.0,0.0,0.0,0.2103253,0.24808657
0.0,0.0,0.0,0.0,0.0,0.0,0.0,0.0,0.18869253,0.18869253,0.0,0.0,0.0,0.0,0.28303879,0.0,0.0,0.0,0.0,0.0,0.20400346,0.13557269
0.0,0.0,0.0,0.0,0.0,0.0,0.0,0.0,0.20444983,0.20444983,0.0,0.0,0.0,0.0,0.20444983,0.0,0.0,0.0,0.0,0.0,0.18144334,0.20520717
0.0,0.0,0.0,0.0,0.0,0.0,0.0,0.0,0.21371852,0.14247902,0.0,0.0,0.0,0.0,0.28495803,0.0,0.0,0.0,0.0,0.0,0.21782593,0.1410185
0.0,0.0,0.0,0.0,0.0,0.0,0.0,0.0,0.20879952,0.13919968,0.0,0.0,0.0,0.0,0.27839936,0.0,0.0,0.0,0.0,0.0,0.219204,0.15439745
0.0,0.0,0.0,0.0,0.0,0.07093453,0.0,0.0,0.14186905,0.07093453,0.0,0.0,0.0,0.0,0.2837381,0.0,0.07093453,0.0,0.0,0.0,0.26171781,0.09987146
0.0,0.0,0.0,0.0,0.0,0.06914446,0.0,0.0,0.13828891,0.06914446,0.0,0.0,0.0,0.0,0.27657782,0.0,0.06914446,0.0,0.0,0.0,0.25889283,0.11880707
0.0,0.0,0.0,0.0,0.0,0.0,0.0,0.0,0.12033622,0.06016811,0.0,0.0,0.0,0.0,0.24067244,0.0,0.0,0.0,0.12033622,0.0,0.27561301,0.18287401
0.0,0.0,0.0,0.0,0.0,0.0,0.0,0.0,0.12092474,0.03023118,0.0,0.0,0.0,0.0,0.24184947,0.0,0.0,0.0,0.15115592,0.0,0.28119771,0.17464098
0.17746007,0.01774601,0.05323802,0.0,0.01774601,0.0,0.01774601,0.01774601,0.01774601,0.12422205,0.0,0.01774601,0.0,0.01774601,0.08873004,0.05323802,0.07098403,0.01774601,0.01774601,0.0,0.1360282,0.13638549
0.0,0.0,0.0,0.0,0.0,0.06211996,0.0,0.0,0.12423992,0.12423992,0.0,0.0,0.0,0.0,0.18635987,0.0,0.06211996,0.0,0.0,0.0,0.20051694,0.24040344
0.0,0.12937597,0.0,0.0,0.06468798,0.02156266,0.0,0.04312532,0.0,0.02156266,0.0,0.02156266,0.02156266,0.02156266,0.15093863,0.0,0.10781331,0.02156266,0.0,0.04312532,0.15135217,0.18020534
0.0,0.0,0.0,0.0,0.0,0.0,0.0,0.0,0.12754158,0.0,0.0,0.0,0.0,0.0,0.31885394,0.0,0.0,0.0,0.12754158,0.0,0.22271089,0.20335201
0.0,0.0,0.0,0.0,0.0,0.0,0.0,0.0,0.12184125,0.0,0.0,0.0,0.0,0.0,0.27414281,0.0,0.0,0.0,0.15230156,0.0,0.25745095,0.19426342
0.0,0.0,0.0,0.0,0.0,0.08793002,0.0,0.0,0.17586005,0.0,0.0,0.0,0.0,0.0,0.26379007,0.0,0.08793002,0.0,0.0,0.0,0.21316998,0.17131987
0.0,0.0,0.0,0.0,0.0,0.08494661,0.0,0.0,0.08494661,0.0,0.0,0.0,0.0,0.0,0.33978642,0.0,0.08494661,0.0,0.0,0.0,0.19977658,0.20559718
0.0,0.0,0.0,0.0,0.0,0.04069112,0.0,0.0,0.16276448,0.0,0.0,0.0,0.0,0.0,0.32552896,0.0,0.08138224,0.0,0.04069112,0.0,0.22101058,0.12793149
0.0,0.0,0.0,0.0,0.0,0.07405418,0.0,0.0,0.14810836,0.0,0.0,0.0,0.0,0.0,0.29621672,0.0,0.0,0.0,0.07405418,0.0,0.25459248,0.15297407
0.0,0.0,0.0,0.0,0.0,0.0,0.0,0.0,0.14055622,0.0,0.0,0.0,0.0,0.0,0.28111245,0.0,0.0,0.0,0.14055622,0.0,0.24725489,0.19052021
0.0,0.0,0.0,0.0,0.0,0.0,0.0,0.0,0.12889377,0.0,0.0,0.0,0.0,0.0,0.25778754,0.0,0.0,0.0,0.16111721,0.0,0.27329863,0.17890284
0.0,0.0,0.0,0.0,0.0,0.0,0.0,0.0,0.09392573,0.0,0.0,0.0,0.0,0.0,0.28177719,0.0,0.0,0.0,0.18785146,0.0,0.29321757,0.14322805
0.10885607,0.0,0.0,0.10885607,0.0,0.0,0.02721402,0.02721402,0.0,0.1632841,0.0,0.0,0.0,0.08164205,0.08164205,0.02721402,0.02721402,0.02721402,0.0,0.0,0.18075909,0.13889048
0.11754989,0.0,0.0,0.0783666,0.01959165,0.01959165,0.0391833,0.01959165,0.0,0.17632484,0.0,0.0,0.0,0.0783666,0.05877495,0.01959165,0.01959165,0.0391833,0.0,0.01959165,0.16985913,0.12484151
0.04480177,0.0,0.04480177,0.0,0.04480177,0.0,0.0,0.0,0.08960353,0.0,0.0,0.0,0.08960353,0.0,0.04480177,0.0,0.1344053,0.08960353,0.08960353,0.0,0.17211591,0.15585759
0.0,0.0,0.0,0.0,0.134974,0.0809844,0.0,0.0539896,0.134974,0.0269948,0.0,0.0269948,0.0,0.0269948,0.0,0.0269948,0.0,0.1079792,0.0,0.0,0.16360885,0.21551074
0.05893908,0.11787816,0.0,0.01964636,0.01964636,0.03929272,0.01964636,0.03929272,0.0,0.07858544,0.0,0.0,0.03929272,0.0,0.17681723,0.0,0.0,0.03929272,0.0,0.0,0.17474901,0.17692113
0.0,0.0,0.0,0.0,0.0,0.0,0.0,0.0,0.12379098,0.0,0.0,0.0,0.0,0.0,0.24758196,0.0,0.0,0.0,0.18568647,0.0,0.28113791,0.16180268
0.0,0.0,0.0,0.0,0.0,0.0,0.0,0.0,0.1220307,0.0,0.0,0.0,0.0,0.0,0.24406141,0.0,0.0,0.0,0.18304606,0.0,0.28273025,0.16813158
0.10256069,0.02051214,0.04102428,0.04102428,0.02051214,0.0,0.04102428,0.02051214,0.02051214,0.08204856,0.02051214,0.04102428,0.0,0.04102428,0.04102428,0.04102428,0.04102428,0.02051214,0.04102428,0.02051214,0.14494265,0.15764462
0.12609852,0.0,0.0,0.0,0.12609852,0.0,0.0,0.0,0.12609852,0.0,0.0,0.12609852,0.0,0.0,0.0,0.0,0.0,0.0,0.0,0.25219705,0.11564899,0.12775987
0.0,0.0,0.0,0.0,0.0,0.0,0.0,0.0,0.17970221,0.17970221,0.0,0.0,0.0,0.0,0.26955331,0.0,0.0,0.0,0.0,0.0,0.17933875,0.19170352
0.0,0.0,0.0,0.0,0.0,0.0911953,0.0,0.0,0.0911953,0.0,0.0,0.0,0.0,0.0,0.36478119,0.0,0.0911953,0.0,0.0,0.0,0.23718644,0.12444647
0.05747161,0.0,0.0,0.0287358,0.08620741,0.11494321,0.0287358,0.05747161,0.11494321,0.0287358,0.0287358,0.0287358,0.0,0.0,0.0,0.05747161,0.0,0.0287358,0.0,0.0,0.1507939,0.18828262
0.0,0.0,0.0,0.0,0.0,0.0,0.0,0.0477929,0.0477929,0.0477929,0.0,0.0,0.1433787,0.0,0.0955858,0.0,0.0,0.0,0.23896449,0.0,0.22261851,0.15607381
0.23255414,0.0,0.0,0.0,0.0,0.09966606,0.0,0.06644404,0.13288808,0.06644404,0.03322202,0.0,0.0,0.0,0.0,0.03322202,0.0,0.03322202,0.0,0.0,0.14988207,0.15245552
0.05632331,0.0,0.0,0.0,0.02816165,0.14080827,0.0,0.05632331,0.16896992,0.11264661,0.0,0.0,0.0,0.0,0.0,0.0,0.05632331,0.05632331,0.0,0.0,0.14330765,0.18081266
0.16963935,0.0,0.0,0.0,0.0,0.0,0.0,0.0,0.16963935,0.16963935,0.0,0.0,0.0,0.0,0.0,0.16963935,0.0,0.0,0.0,0.0,0.13544664,0.18599597
0.0,0.0,0.0,0.0,0.0,0.0,0.0,0.0,0.32713316,0.24534987,0.0,0.0,0.0,0.0,0.0,0.0,0.0,0.0,0.0,0.0,0.15820011,0.26931685
0.01966506,0.0,0.05899517,0.07866023,0.0,0.01966506,0.01966506,0.09832529,0.07866023,0.05899517,0.0,0.05899517,0.0,0.01966506,0.03933012,0.09832529,0.0,0.0,0.03933012,0.0,0.16412823,0.14759475
0.01997109,0.0,0.07988435,0.07988435,0.0,0.01997109,0.0,0.09985543,0.07988435,0.07988435,0.0,0.03994217,0.01997109,0.01997109,0.03994217,0.09985543,0.0,0.0,0.01997109,0.0,0.16073038,0.1402816
0.04086579,0.0,0.06129869,0.08173158,0.0,0.0,0.0,0.08173158,0.08173158,0.06129869,0.0,0.08173158,0.0204329,0.0204329,0.04086579,0.10216448,0.0,0.0204329,0.0204329,0.0,0.14681735,0.13803129
0.04026934,0.0,0.06040401,0.08053867,0.0,0.0,0.0,0.08053867,0.08053867,0.08053867,0.0,0.06040401,0.02013467,0.02013467,0.04026934,0.10067334,0.0,0.02013467,0.02013467,0.0,0.15531158,0.13997502
0.01968604,0.0,0.05905812,0.07874416,0.0,0.01968604,0.0,0.0984302,0.07874416,0.05905812,0.0,0.05905812,0.01968604,0.01968604,0.03937208,0.0984302,0.0,0.0,0.03937208,0.0,0.16178778,0.14920082
0.01974351,0.0,0.03948701,0.07897403,0.0,0.01974351,0.01974351,0.05923052,0.07897403,0.05923052,0.0,0.05923052,0.0,0.03948701,0.03948701,0.13820455,0.0,0.0,0.03948701,0.0,0.1521876,0.15678964
0.04014652,0.0,0.08029304,0.08029304,0.0,0.0,0.0,0.08029304,0.08029304,0.08029304,0.0,0.04014652,0.02007326,0.02007326,0.04014652,0.1003663,0.0,0.02007326,0.02007326,0.0,0.15898427,0.13845161
0.07952045,0.07952045,0.03976022,0.03976022,0.0,0.0,0.07952045,0.03976022,0.0,0.0,0.03976022,0.0,0.0,0.11928067,0.07952045,0.07952045,0.03976022,0.03976022,0.0,0.0,0.10491679,0.13963898
0.0883763,0.0883763,0.04418815,0.0,0.0,0.0,0.0883763,0.04418815,0.0,0.0,0.04418815,0.0,0.0,0.0883763,0.0883763,0.0883763,0.04418815,0.04418815,0.0,0.0,0.10814364,0.14065776
0.08280807,0.11041077,0.02760269,0.0,0.0,0.0,0.0,0.0,0.05520538,0.02760269,0.02760269,0.0,0.27602692,0.02760269,0.02760269,0.08280807,0.02760269,0.0,0.02760269,0.0,0.09520562,0.10431632
0.2551043,0.0,0.0,0.0,0.0,0.0,0.0,0.0,0.08503477,0.2551043,0.0,0.0,0.08503477,0.0,0.08503477,0.0,0.0,0.08503477,0.0,0.0,0.05809053,0.09156181
0.18914598,0.0,0.0,0.0,0.0,0.0,0.0,0.0,0.12609732,0.25219464,0.0,0.0,0.06304866,0.0,0.12609732,0.0,0.0,0.06304866,0.0,0.0,0.06069584,0.11967157
0.16581031,0.0,0.0,0.0,0.0,0.0,0.0,0.0,0.1105402,0.27635051,0.0,0.0,0.1105402,0.0,0.1105402,0.0,0.0,0.0552701,0.0,0.0,0.06888648,0.10206198
0.18303975,0.0,0.0,0.0,0.0,0.0,0.0,0.0,0.1220265,0.244053,0.0,0.0,0.1220265,0.0,0.1220265,0.0,0.0,0.06101325,0.0,0.0,0.04934016,0.09647432
0.13291535,0.0,0.0,0.0,0.0,0.0,0.0,0.0,0.13291535,0.26583071,0.0,0.0,0.06645768,0.0,0.13291535,0.0,0.0,0.06645768,0.0,0.0,0.07204375,0.13046413
0.28375108,0.0,0.0,0.0,0.0,0.0,0.0,0.0,0.09458369,0.28375108,0.0,0.0,0.0,0.0,0.09458369,0.0,0.0,0.09458369,0.0,0.0,0.06175258,0.08699418
0.20601187,0.0,0.0,0.0,0.0,0.0,0.0,0.0,0.10300594,0.30901781,0.0,0.0,0.0,0.0,0.10300594,0.0,0.0,0.10300594,0.0,0.0,0.07352262,0.10242989
0.0,0.0,0.0,0.05694156,0.03796104,0.0949026,0.0,0.05694156,0.15184415,0.07592208,0.0,0.01898052,0.03796104,0.07592208,0.01898052,0.0,0.0,0.01898052,0.0,0.0,0.14425989,0.21040246
0.22955523,0.0,0.0,0.0,0.0,0.0,0.0,0.0,0.07651841,0.30607364,0.0,0.0,0.0,0.0,0.07651841,0.0,0.0,0.07651841,0.0,0.0,0.07256212,0.16225378
0.20159433,0.0,0.0,0.0,0.0,0.0,0.0,0.0,0.13439622,0.33599054,0.0,0.0,0.0,0.0,0.06719811,0.0,0.0,0.06719811,0.0,0.0,0.0805307,0.113092
0.62028634,0.0,0.0,0.0,0.0,0.0,0.0,0.0,0.13784141,0.0,0.0,0.0,0.0,0.0,0.13784141,0.0,0.0,0.0,0.0,0.0,0.03269541,0.07133544
0.18843019,0.0,0.0,0.0,0.0,0.0,0.0,0.0,0.12562013,0.31405032,0.0,0.0,0.0,0.0,0.12562013,0.0,0.0,0.06281006,0.0,0.0,0.07474932,0.10871984
0.17464503,0.0,0.0,0.0,0.0,0.0,0.0,0.0,0.11643002,0.34929005,0.0,0.0,0.0,0.0,0.11643002,0.0,0.0,0.05821501,0.0,0.0,0.06887086,0.11611902
0.0,0.0,0.0,0.0,0.0,0.28717341,0.22973873,0.0,0.0,0.0,0.0,0.0,0.0,0.05743468,0.0,0.05743468,0.0,0.11486937,0.0,0.0,0.14179813,0.111551
0.09248108,0.0,0.0,0.03699243,0.01849622,0.07398486,0.0,0.07398486,0.12947351,0.03699243,0.01849622,0.03699243,0.01849622,0.0,0.03699243,0.0,0.0,0.05548865,0.01849622,0.0,0.18030106,0.1723314
0.07547426,0.0,0.15094852,0.07547426,0.0,0.0,0.0,0.0,0.0,0.15094852,0.0,0.0,0.0,0.07547426,0.07547426,0.0,0.0,0.0,0.0,0.07547426,0.14173217,0.1789995
0.0,0.0,0.16824414,0.16824414,0.0,0.0,0.0,0.0,0.08412207,0.16824414,0.0,0.0,0.0,0.08412207,0.0,0.0,0.0,0.0,0.0,0.08412207,0.12690992,0.11599147
0.0,0.0,0.10457953,0.10457953,0.0,0.0,0.0,0.10457953,0.10457953,0.10457953,0.0,0.0,0.0,0.0,0.0,0.0,0.0,0.0,0.10457953,0.0,0.15411634,0.2184065
0.06119178,0.0,0.08158904,0.08158904,0.0,0.06119178,0.0,0.04079452,0.04079452,0.14278082,0.0,0.04079452,0.04079452,0.0,0.02039726,0.06119178,0.02039726,0.02039726,0.0,0.0,0.14509107,0.14100485
0.0610822,0.0,0.0610822,0.08144293,0.0,0.0610822,0.0,0.0610822,0.04072146,0.14252513,0.0,0.04072146,0.04072146,0.0,0.02036073,0.0610822,0.02036073,0.02036073,0.0,0.0,0.14872686,0.13864751
0.05796721,0.0,0.05796721,0.07728961,0.0,0.03864481,0.0,0.03864481,0.05796721,0.13525683,0.0193224,0.03864481,0.0,0.0193224,0.03864481,0.05796721,0.0193224,0.0193224,0.0,0.0,0.15783444,0.16588143
0.06164155,0.0,0.06164155,0.08218873,0.0,0.06164155,0.0,0.04109437,0.04109437,0.14383028,0.0,0.04109437,0.04109437,0.02054718,0.02054718,0.06164155,0.02054718,0.02054718,0.0,0.0,0.14192037,0.13892821
0.05961949,0.0,0.05961949,0.05961949,0.0,0.05961949,0.01987316,0.05961949,0.03974632,0.1589853,0.0,0.03974632,0.03974632,0.0,0.03974632,0.01987316,0.01987316,0.01987316,0.0,0.0,0.15861102,0.1458283
0.05937301,0.0,0.05937301,0.07916401,0.0,0.039582,0.0,0.05937301,0.039582,0.13853701,0.0,0.039582,0.019791,0.019791,0.039582,0.05937301,0.019791,0.019791,0.0,0.0,0.15216383,0.1551511
0.06124136,0.0,0.06124136,0.08165515,0.0,0.04082757,0.0,0.06124136,0.04082757,0.14289651,0.0,0.04082757,0.04082757,0.02041379,0.02041379,0.06124136,0.02041379,0.02041379,0.0,0.0,0.14009104,0.14542642
0.05998519,0.0,0.05998519,0.07998025,0.0,0.05998519,0.0,0.05998519,0.03999012,0.13996544,0.0,0.03999012,0.03999012,0.0,0.03999012,0.03999012,0.01999506,0.01999506,0.0,0.0,0.16177548,0.13839733
0.05820264,0.0,0.05820264,0.07760352,0.0,0.03880176,0.0,0.03880176,0.03880176,0.13580616,0.01940088,0.03880176,0.0,0.01940088,0.03880176,0.07760352,0.01940088,0.01940088,0.0,0.0,0.15528083,0.16568838
0.03400024,0.0,0.0,0.0,0.06800047,0.0,0.0,0.06800047,0.10200071,0.13600094,0.0,0.0,0.0,0.0,0.06800047,0.06800047,0.0,0.03400024,0.0,0.0,0.17154954,0.25044644
0.0,0.05281421,0.0,0.0264071,0.05281421,0.0264071,0.0,0.0,0.10562842,0.0264071,0.0264071,0.0,0.05281421,0.0264071,0.05281421,0.0,0.0264071,0.05281421,0.0264071,0.07922131,0.19188412,0.17434537
0.0,0.27126045,0.0,0.0,0.06781511,0.13563023,0.0,0.06781511,0.03390756,0.0,0.0,0.0,0.03390756,0.0,0.06781511,0.0,0.03390756,0.03390756,0.0,0.0,0.15200211,0.10203165
0.03396998,0.0,0.0,0.0,0.10190993,0.13587991,0.10190993,0.13587991,0.06793995,0.06793995,0.03396998,0.0,0.0,0.0,0.0,0.0,0.0,0.03396998,0.0,0.0,0.12493228,0.16169821
0.0,0.07951252,0.02650417,0.02650417,0.0,0.0,0.0,0.02650417,0.0,0.18552921,0.0,0.0,0.0,0.0,0.10601669,0.05300835,0.0,0.07951252,0.05300835,0.02650417,0.21073339,0.12666229
0.0,0.08844044,0.0,0.0,0.05896029,0.05896029,0.0,0.02948015,0.0,0.08844044,0.05896029,0.02948015,0.0,0.05896029,0.08844044,0.0,0.05896029,0.08844044,0.0,0.02948015,0.10631821,0.15667812
0.02400962,0.02400962,0.02400962,0.0,0.0,0.0,0.09603848,0.02400962,0.0,0.12004811,0.02400962,0.0,0.09603848,0.0,0.07202886,0.02400962,0.02400962,0.07202886,0.04801924,0.0,0.18058592,0.14714469
0.06355712,0.0,0.04237141,0.04237141,0.02118571,0.02118571,0.02118571,0.06355712,0.06355712,0.06355712,0.0,0.08474282,0.0,0.04237141,0.02118571,0.10592853,0.04237141,0.04237141,0.0,0.0,0.11941024,0.13909006
0.06217329,0.0,0.06217329,0.06217329,0.04144886,0.02072443,0.02072443,0.06217329,0.06217329,0.06217329,0.0,0.08289772,0.0,0.04144886,0.02072443,0.08289772,0.0,0.04144886,0.0,0.0,0.12987091,0.14477405
0.06240223,0.0,0.04160149,0.06240223,0.04160149,0.02080074,0.02080074,0.06240223,0.06240223,0.06240223,0.0,0.08320297,0.0,0.04160149,0.02080074,0.10400371,0.0,0.04160149,0.0,0.0,0.13389726,0.13807675
0.04177841,0.0,0.06266762,0.06266762,0.06266762,0.0,0.02088921,0.06266762,0.04177841,0.06266762,0.0,0.08355683,0.02088921,0.04177841,0.02088921,0.10444603,0.0,0.04177841,0.0,0.0,0.12560286,0.14327492
0.04219285,0.0,0.08438569,0.06328927,0.08438569,0.0,0.0,0.06328927,0.04219285,0.04219285,0.0,0.04219285,0.04219285,0.04219285,0.02109642,0.10548211,0.0,0.04219285,0.0,0.02109642,0.11926968,0.14235553
0.04218729,0.0,0.06328094,0.06328094,0.06328094,0.0,0.02109365,0.06328094,0.04218729,0.08437459,0.0,0.04218729,0.04218729,0.04218729,0.02109365,0.10546824,0.0,0.04218729,0.0,0.0,0.12038117,0.14134117
0.06299679,0.0,0.06299679,0.06299679,0.04199786,0.0,0.02099893,0.06299679,0.04199786,0.06299679,0.0,0.08399572,0.02099893,0.04199786,0.02099893,0.10499465,0.0,0.04199786,0.0,0.0,0.12510843,0.139929
0.04180017,0.0,0.06270026,0.06270026,0.06270026,0.0,0.02090009,0.06270026,0.04180017,0.06270026,0.0,0.06270026,0.02090009,0.04180017,0.02090009,0.10450043,0.0,0.06270026,0.0,0.0,0.12272053,0.1457765
0.04194524,0.0,0.08389049,0.06291787,0.06291787,0.0,0.0,0.06291787,0.04194524,0.06291787,0.0,0.04194524,0.04194524,0.04194524,0.02097262,0.10486311,0.0,0.04194524,0.0,0.02097262,0.12614076,0.13981746
0.06285868,0.0,0.04190579,0.04190579,0.02095289,0.02095289,0.02095289,0.08381158,0.06285868,0.06285868,0.0,0.08381158,0.0,0.04190579,0.02095289,0.10476447,0.02095289,0.04190579,0.0,0.0,0.12279767,0.14385101
0.0421012,0.0,0.08420241,0.06315181,0.06315181,0.0,0.0,0.06315181,0.0421012,0.08420241,0.0,0.0421012,0.0421012,0.0421012,0.0210506,0.10525301,0.0,0.0421012,0.0,0.0,0.11893291,0.14429602
0.04490234,0.0,0.0,0.0,0.08980467,0.13470701,0.0,0.0,0.13470701,0.13470701,0.0,0.0,0.0,0.0,0.13470701,0.04490234,0.0,0.04490234,0.0,0.0,0.10085165,0.13580865
0.0628922,0.0,0.0628922,0.0628922,0.04192813,0.02096407,0.02096407,0.0628922,0.04192813,0.0628922,0.0,0.08385626,0.0,0.04192813,0.02096407,0.10482033,0.0,0.04192813,0.0,0.0,0.12495833,0.14129935
0.04605635,0.04605635,0.0,0.0,0.0,0.09211271,0.0,0.09211271,0.04605635,0.04605635,0.0,0.0,0.0,0.0,0.0,0.18422541,0.09211271,0.09211271,0.0,0.04605635,0.1045934,0.1124486
0.04351556,0.02175778,0.02175778,0.06527334,0.0,0.02175778,0.0,0.08703112,0.15230445,0.06527334,0.0,0.08703112,0.0,0.02175778,0.0,0.02175778,0.02175778,0.06527334,0.0,0.02175778,0.15840125,0.12359204
0.02186996,0.02186996,0.02186996,0.06560987,0.0,0.02186996,0.0,0.08747983,0.1530897,0.06560987,0.0,0.06560987,0.0,0.02186996,0.0,0.04373991,0.04373991,0.04373991,0.0,0.04373991,0.16002783,0.11826359
0.03295039,0.0,0.03295039,0.09885117,0.0,0.0,0.0,0.09885117,0.06590078,0.09885117,0.0,0.09885117,0.0,0.03295039,0.03295039,0.03295039,0.0,0.03295039,0.0,0.0,0.14125312,0.19973905
0.0383791,0.0383791,0.11513731,0.0383791,0.0383791,0.0383791,0.0,0.0383791,0.0383791,0.0383791,0.0383791,0.0383791,0.0383791,0.0,0.0,0.0,0.15351641,0.0383791,0.0,0.0383791,0.11808846,0.1143295
0.1070743,0.03569143,0.0,0.03569143,0.03569143,0.07138287,0.0,0.03569143,0.0,0.07138287,0.0,0.03569143,0.0,0.1070743,0.03569143,0.07138287,0.03569143,0.0,0.0,0.03569143,0.1281643,0.15800703
0.07845723,0.03922861,0.11768584,0.0,0.0,0.0,0.03922861,0.03922861,0.0,0.03922861,0.0,0.03922861,0.03922861,0.07845723,0.0,0.03922861,0.11768584,0.07845723,0.0,0.03922861,0.10576488,0.10966286
0.0,0.0,0.0,0.0,0.19071362,0.07628545,0.0,0.03814272,0.0,0.0,0.0,0.07628545,0.0,0.03814272,0.03814272,0.07628545,0.07628545,0.07628545,0.03814272,0.0,0.10696316,0.1683251
0.0,0.0,0.07404925,0.03702462,0.07404925,0.11107387,0.0,0.0,0.03702462,0.0,0.0,0.0,0.0,0.03702462,0.0,0.07404925,0.03702462,0.03702462,0.03702462,0.1480985,0.15235212,0.14418001
0.07181036,0.0,0.0,0.0,0.07181036,0.07181036,0.10771555,0.0,0.0,0.07181036,0.03590518,0.0,0.07181036,0.03590518,0.0,0.03590518,0.03590518,0.10771555,0.03590518,0.03590518,0.11613441,0.09395158
0.02437129,0.0,0.04874258,0.09748515,0.0,0.02437129,0.0,0.07311386,0.07311386,0.12185644,0.0,0.07311386,0.0,0.04874258,0.02437129,0.02437129,0.0,0.02437129,0.0,0.0,0.14977471,0.19220052
0.06152863,0.0,0.0,0.04101909,0.02050954,0.04101909,0.0,0.08203817,0.04101909,0.04101909,0.0,0.10254772,0.0,0.12305726,0.0,0.06152863,0.10254772,0.04101909,0.0,0.02050954,0.09407715,0.1265602
0.07696874,0.07696874,0.0,0.03848437,0.0,0.03848437,0.0,0.03848437,0.03848437,0.03848437,0.03848437,0.03848437,0.07696874,0.0,0.0,0.0,0.07696874,0.07696874,0.0,0.11545312,0.10261743,0.12769514
0.08510163,0.0,0.0,0.04255081,0.0,0.0,0.0,0.08510163,0.21275407,0.12765244,0.0,0.0,0.0,0.0,0.0,0.04255081,0.0,0.0,0.0,0.04255081,0.12189228,0.23984552
0.09188758,0.04594379,0.04594379,0.0,0.0,0.04594379,0.0,0.0,0.09188758,0.18377515,0.0,0.04594379,0.0,0.04594379,0.04594379,0.0,0.0,0.0,0.0,0.04594379,0.14564558,0.1651976
0.06180286,0.0,0.0,0.0,0.09270429,0.06180286,0.03090143,0.06180286,0.21631002,0.06180286,0.0,0.0,0.0,0.0,0.0,0.0,0.0,0.0,0.03090143,0.0,0.1843858,0.19758558
0.03061381,0.0,0.0,0.0,0.12245523,0.06122762,0.03061381,0.06122762,0.21429666,0.06122762,0.0,0.0,0.0,0.0,0.0,0.0,0.0,0.0,0.03061381,0.0,0.18877559,0.19894825
0.02988834,0.0,0.0,0.0,0.08966501,0.05977667,0.02988834,0.05977667,0.20921835,0.05977667,0.0,0.0,0.0,0.0,0.0,0.0,0.0,0.0,0.05977667,0.0,0.19682581,0.20540748
0.29755196,0.0,0.0,0.0,0.0,0.0,0.0,0.0,0.08501485,0.21253711,0.0,0.0,0.08501485,0.0,0.08501485,0.0,0.0,0.08501485,0.0,0.0,0.05807692,0.09177463
0.30012556,0.0,0.0,0.0,0.0,0.0,0.0,0.0,0.08575016,0.2143754,0.0,0.0,0.08575016,0.0,0.08575016,0.0,0.0,0.08575016,0.0,0.0,0.06041881,0.08207958
0.24230668,0.0,0.0,0.0,0.0,0.0,0.0,0.0,0.12115334,0.20192223,0.0,0.0,0.08076889,0.0,0.08076889,0.0,0.0,0.08076889,0.0,0.0,0.08127972,0.11103135
0.27698615,0.0,0.0,0.0,0.0,0.0,0.0,0.0,0.11870835,0.19784725,0.0,0.0,0.03956945,0.0,0.0791389,0.0,0.0,0.0791389,0.0,0.0,0.08537546,0.12323554
0.27912706,0.0,0.0,0.0,0.0,0.0,0.0,0.0,0.11962588,0.19937647,0.0,0.0,0.03987529,0.0,0.07975059,0.0,0.0,0.07975059,0.0,0.0,0.08603536,0.11645875
0.22637703,0.0,0.0,0.0,0.0,0.0,0.0,0.0,0.15091802,0.18864753,0.0,0.0,0.03772951,0.0,0.07545901,0.0,0.0,0.07545901,0.0,0.0,0.11243644,0.13297345
0.29825916,0.0,0.0,0.0,0.0,0.0,0.0,0.0,0.0852169,0.21304226,0.0,0.0,0.0852169,0.0,0.0852169,0.0,0.0,0.0852169,0.0,0.0,0.06626182,0.08156915
0.23774083,0.0,0.0,0.0,0.0,0.0,0.0,0.0,0.11887042,0.19811736,0.0,0.0,0.07924694,0.0,0.07924694,0.0,0.0,0.07924694,0.0,0.0,0.0985914,0.10893916
0.29512031,0.0,0.0,0.0,0.0,0.0,0.0,0.0,0.08432009,0.21080022,0.0,0.0,0.08432009,0.0,0.08432009,0.0,0.0,0.08432009,0.0,0.0,0.05760231,0.09919681
0.23982488,0.0,0.0,0.03997081,0.0,0.0,0.0,0.0,0.07994163,0.19985407,0.0,0.0,0.07994163,0.0,0.07994163,0.0,0.0,0.07994163,0.0,0.0,0.07886831,0.12171542
0.23504978,0.0,0.0,0.0,0.0,0.0,0.0,0.0,0.11752489,0.19587482,0.0,0.0,0.07834993,0.0,0.07834993,0.0,0.0,0.07834993,0.0,0.0,0.08574355,0.13075718
0.23799705,0.0,0.0,0.0,0.0,0.0,0.0,0.0,0.11899853,0.19833088,0.0,0.0,0.07933235,0.0,0.07933235,0.0,0.0,0.07933235,0.0,0.0,0.08681868,0.11985781
0.23620826,0.0,0.0,0.0,0.0,0.0,0.0,0.0,0.0944833,0.28344991,0.0,0.0,0.04724165,0.0,0.0944833,0.0,0.0,0.0944833,0.0,0.0,0.05778343,0.09186683
0.26803511,0.0,0.0,0.0,0.0,0.0,0.0,0.0,0.08934504,0.26803511,0.0,0.0,0.04467252,0.0,0.08934504,0.0,0.0,0.08934504,0.0,0.0,0.05954648,0.09167566
0.19558452,0.0,0.0,0.0,0.0,0.0,0.0,0.0,0.09779226,0.29337679,0.0,0.0,0.09779226,0.0,0.09779226,0.0,0.0,0.04889613,0.0,0.0,0.05888307,0.1098827
0.22071445,0.0,0.0,0.0,0.0,0.0,0.0,0.0,0.08828578,0.26485734,0.0,0.0,0.08828578,0.0,0.08828578,0.0,0.0,0.08828578,0.0,0.0,0.06047896,0.10080613
0.15352258,0.0,0.0,0.0,0.0,0.0,0.0,0.0,0.10234839,0.30704516,0.0,0.0,0.10234839,0.0,0.10234839,0.0,0.0,0.05117419,0.0,0.0,0.06349803,0.11771488
0.183619,0.0,0.0,0.0,0.0,0.0,0.0,0.0,0.0918095,0.27542849,0.0,0.0,0.0918095,0.0,0.0918095,0.0,0.0,0.0918095,0.0,0.0,0.06819528,0.10551924
0.0,0.0,0.0,0.0,0.0,0.0,0.0,0.0,0.0,0.0,0.0,0.0,0.0,0.0,0.28245502,0.0,0.0,0.0,0.28245502,0.0,0.43508995,0.0
0.06922136,0.06153009,0.03076505,0.04614757,0.01538252,0.04614757,0.01538252,0.02307379,0.03076505,0.06922136,0.04614757,0.05383883,0.02307379,0.02307379,0.02307379,0.07691262,0.00769126,0.06922136,0.0,0.03845631,0.11605718,0.11481665
0.02121353,0.12728116,0.0,0.02121353,0.02121353,0.08485411,0.06364058,0.02121353,0.0,0.02121353,0.0,0.0,0.02121353,0.02121353,0.12728116,0.0,0.0,0.02121353,0.0,0.06364058,0.15623953,0.20735465
0.12743441,0.12743441,0.0637172,0.0,0.0,0.0,0.0637172,0.0637172,0.0,0.19115161,0.0,0.0637172,0.0,0.0,0.0,0.0,0.0637172,0.0637172,0.0,0.0,0.08893711,0.08273924
0.05572076,0.11144152,0.05572076,0.0,0.05572076,0.0,0.05572076,0.05572076,0.0,0.16716229,0.0,0.05572076,0.05572076,0.0,0.0,0.05572076,0.05572076,0.05572076,0.0,0.0,0.08787642,0.07631216
0.03107545,0.0621509,0.03107545,0.03107545,0.03107545,0.0,0.0621509,0.03107545,0.0,0.09322635,0.0,0.0621509,0.03107545,0.0,0.03107545,0.0621509,0.09322635,0.03107545,0.03107545,0.0621509,0.1034068,0.11970692
0.09588956,0.09588956,0.09588956,0.0,0.0,0.0,0.04794478,0.04794478,0.0,0.14383435,0.0,0.04794478,0.0,0.0,0.04794478,0.0,0.09588956,0.04794478,0.0,0.0,0.1258395,0.10704399
0.03738391,0.14953566,0.0,0.0,0.0,0.05607587,0.01869196,0.0,0.03738391,0.03738391,0.0,0.0,0.0,0.0,0.1308437,0.05607587,0.0,0.03738391,0.0,0.07476783,0.19956715,0.1649063
0.09034675,0.13552012,0.0,0.02258669,0.02258669,0.06776006,0.0,0.06776006,0.0,0.02258669,0.0,0.0,0.02258669,0.02258669,0.09034675,0.0,0.02258669,0.0,0.02258669,0.06776006,0.15738186,0.16501753
0.15199155,0.0,0.0,0.0,0.0,0.0,0.0,0.0,0.18998944,0.15199155,0.0,0.0,0.0,0.0,0.0,0.0,0.03799789,0.03799789,0.03799789,0.0,0.14903968,0.24299411
0.22027766,0.0,0.0,0.0,0.0,0.0244753,0.0,0.0,0.12237648,0.14685177,0.0,0.04895059,0.0,0.0,0.0,0.0,0.0244753,0.07342589,0.0244753,0.0,0.12741218,0.18727955
0.16312945,0.0,0.0,0.0,0.0,0.0,0.0,0.0,0.16312945,0.16312945,0.04078236,0.0,0.0,0.0,0.0,0.0,0.04078236,0.04078236,0.04078236,0.0,0.13076442,0.21671778
0.22992661,0.0,0.0,0.0,0.0,0.0255474,0.0,0.0,0.1021896,0.1532844,0.0255474,0.0510948,0.0,0.0,0.0,0.0,0.0255474,0.0766422,0.0255474,0.0,0.11521149,0.16946129
0.05598536,0.11197071,0.0,0.03732357,0.0,0.05598536,0.0,0.01866179,0.0,0.05598536,0.0,0.0,0.0,0.0,0.1306325,0.05598536,0.05598536,0.01866179,0.0,0.03732357,0.18544649,0.1800528
0.06269204,0.0,0.0417947,0.0417947,0.0417947,0.02089735,0.02089735,0.06269204,0.06269204,0.06269204,0.0,0.08358939,0.0,0.0417947,0.02089735,0.10448674,0.02089735,0.0417947,0.0,0.0,0.12586442,0.14272842
0.0,0.0,0.0,0.0,0.0,0.0,0.0,0.06464534,0.19393602,0.06464534,0.0,0.0,0.25858136,0.06464534,0.0,0.06464534,0.0,0.06464534,0.0,0.0,0.12351961,0.10073632
0.06963708,0.0,0.01740927,0.03481854,0.0,0.0,0.01740927,0.05222781,0.03481854,0.13927417,0.0,0.03481854,0.0,0.1218649,0.05222781,0.0,0.01740927,0.03481854,0.01740927,0.01740927,0.16300827,0.17543944
0.04156074,0.02078037,0.04156074,0.06234111,0.0,0.02078037,0.0,0.08312148,0.14546258,0.06234111,0.0,0.08312148,0.0,0.02078037,0.0,0.04156074,0.04156074,0.04156074,0.0,0.02078037,0.16099342,0.11169366
0.02095302,0.02095302,0.04190604,0.06285907,0.0,0.02095302,0.0,0.08381209,0.14667115,0.06285907,0.0,0.08381209,0.0,0.02095302,0.0,0.04190604,0.06285907,0.04190604,0.0,0.02095302,0.15971964,0.1069246
0.04153549,0.02076775,0.04153549,0.06230324,0.0,0.02076775,0.0,0.08307098,0.14537422,0.06230324,0.0,0.08307098,0.0,0.02076775,0.0,0.02076775,0.04153549,0.06230324,0.0,0.02076775,0.15927043,0.11385848
